,0,1,2,3,4,5,6,7,8,9,10,11,12,13,14,15,16,17,18,19,20,21,22,23,24,25,26,27,28,29,30,31,32,33,34,35,36,37,38,39,40,41,42,43,44,45,46,47,48,49,50,51,52,53,54,55,56,57,58,59,60,61,62,63,64,65,66,67,68,69,70,71,72,73,74,75,76,77,78,79,80,81,82,83,84,85,86,87,88,89,90,91,92,93,94,95,96,97,98,99,100,101,102,103,104,105,106,107,108,109,110,111,112,113,114,115,116,117,118,119,120,121,122,123,124,125,126,127,128,129,130,131,132,133,134,135,136,137,138,139,140,141,142,143,144,145,146,147,148,149,150,151,152,153,154,155,156,157,158,159,160,161,162,163,164,165,166,167,168,169,170,171,172,173,174,175,176,177,178,179,180,181,182,183,184,185,186,187,188,189,190,191,192,193,194,195,196,197,198,199,200,201,202,203,204,205,206,207,208,209,210,211,212,213,214,215,216,217,218,219,220,221,222,223,224,225,226,227,228,229,230,231,232,233,234,235,236,237,238,239,240,241,242,243,244,245,246,247,248,249,250,251,252,253,254,255,256,257,258,259,260,261,262,263,264,265,266,267,268,269,270,271,272,273,274,275,276,277,278,279,280,281,282,283,284,285,286,287,288,289,290,291,292,293,294,295,296,297,298,299,300,301,302,303,304,305,306,307,308,309,310,311,312,313,314,315,316,317,318,319
GIGKFLHSAKKFGKAWVGEIMNS,-0.05706438,0.062471133,0.1788948,0.1136496,-0.06874824,-0.15843873,-0.11076063,-0.034498747,-0.12754579,-0.03451977,-0.026431933,0.13343434,-0.08981226,0.11735416,-0.08701456,0.044153262,0.07671871,0.067900114,0.12259535,-0.06358501,-0.25796273,0.017148996,-0.040766235,-0.17527828,-0.07910888,0.22841537,0.015284896,0.11810464,0.09412844,0.105109714,-0.31924298,-0.002172091,0.0022116876,-0.031446815,0.08917697,-0.22527292,0.03779455,-0.083511464,0.321895,0.1151436,-0.024722133,0.20368588,-0.17480263,-0.10352408,0.034864414,0.07240375,-0.84160125,0.2962279,-0.21999565,-0.22623108,0.0027656723,-0.017041953,0.13739438,0.03922635,-0.06025544,-0.105158135,0.099371016,0.013250135,0.15990907,-0.04247612,-0.07689987,-0.0035099697,-5.184494,-0.049949046,0.033240832,0.15550394,0.05865098,0.19102547,0.05255611,0.15605716,-0.10721798,0.040256158,0.015981195,0.14217737,0.036388088,0.04066883,-0.07410491,0.038876604,-0.060273286,0.21431004,0.11226023,0.097443126,0.048081618,-0.027512686,-0.065353036,-0.07171422,0.066676,-0.06848856,0.13244753,-0.005222523,-0.024102574,-0.14163189,0.13033848,0.07902645,0.09593305,0.045671463,-0.11515949,0.05050754,-0.011217804,-0.10318056,0.18346317,0.023713054,-0.16249283,0.008405967,0.018839007,0.30221632,0.09770907,0.04042274,-0.119848214,-0.20641789,0.083427764,0.26440483,0.08896133,0.012728243,-0.024837198,0.14378713,0.08179476,0.031274203,-0.1485953,-0.031200476,-0.01727496,0.018927682,-0.004969753,-0.016124753,0.07303215,0.15399928,-0.14086875,0.053244773,0.06652199,0.13271835,-0.024202464,-0.036177292,0.10618904,0.09855125,0.0828242,-0.11065084,0.0266858,-0.1192585,-0.1948264,-0.20112883,-0.02507445,-0.12742205,-0.21801785,-0.011494003,0.13314207,0.06554845,0.09753414,-0.001524461,-0.20340233,0.098531,0.020714765,0.11543741,-0.032173704,-0.12612768,-0.00022394121,-0.0133720515,0.054434266,0.13489558,-0.06101404,0.21298245,0.13769466,-0.007025431,-0.076105356,-0.015358439,0.021010444,-0.110808544,0.0008152258,0.029507842,-0.027606165,0.02496909,-0.08010461,0.25788984,0.19660233,-0.22908628,-0.07356225,0.1909589,0.09010491,-0.05818326,-0.14888568,-0.117844164,0.13551997,-0.2487434,0.020123541,0.2188599,-0.15729807,0.22555763,-0.08011832,0.15920351,-0.045161992,-0.11396089,-0.10480448,0.10506405,0.20290226,0.039936077,-0.06312567,0.20442764,-0.048050962,0.1464992,0.04016602,0.46144637,-0.09154943,0.12854317,0.23552379,0.25343797,0.03409112,-0.08219658,-0.032591306,-0.30490467,0.03618766,0.02245888,0.047770042,-0.12636653,0.2038889,0.13057545,0.09809639,-0.1065479,-0.072155505,-0.13099557,0.045891665,-0.16595028,-0.3017205,0.17712925,0.19245885,0.032866605,0.14108677,-0.0015329159,-0.16281368,0.118550956,0.037797637,-0.0075287484,0.050883204,-0.06503263,0.32067466,-0.010264281,0.11088502,-0.03573759,0.32018006,-0.20575649,0.19328777,-0.02306801,0.049261898,-0.020369329,-0.0045969607,0.036783636,-0.10930105,-0.0570644,0.2295533,0.09034157,0.1856675,0.020246929,-0.10475623,0.0031336378,-0.09190163,-0.10791493,-0.20001219,-0.056806587,-0.14505556,-0.03411171,0.18556479,-0.18716896,-0.096237004,-0.1241617,-0.029281793,0.0071308627,0.110788286,-0.04194212,0.06265631,-0.15514721,0.19476455,-0.1850257,0.039061286,0.2774499,-0.099658765,0.08059625,0.12289053,-0.04744957,0.14086919,0.019045746,0.117404215,-0.06760258,-0.01225638,-0.21706453,0.019870354,-0.16602457,0.007591441,0.18790628,-0.09214716,0.057309106,-0.22117567,-0.13382469,-0.056851376,-0.0189024,0.19502921,0.03851897,0.12915082,-0.1349148,-0.037153438,-0.2612121,-0.16274764,0.2122736,-0.07945541,-0.08326039,-0.14256452,0.2288586,0.031914305,-0.10173841,0.08519115,-0.19735488,-0.21396683,-0.14558806,0.12137032,0.06220273,-0.07312114,-0.04489172,0.09941504,-0.068743445,-0.052335583,0.048242807,0.07742255,0.011069618
GLGKFLHSAKRFGKAFVGEAMNS,-0.028426934,-0.03321031,0.16108328,0.14148742,-0.088463455,-0.16092962,-0.102748215,-0.055725284,-0.24719171,-0.04005703,-0.0075967587,0.11583066,-0.04197279,0.03783323,-0.15022534,0.051223572,0.06178018,0.07073495,0.103692494,-0.023657043,-0.28545275,0.038770813,-0.14012057,-0.09266669,-0.061385397,0.24125108,0.022391606,0.2076622,0.06761705,0.08138312,-0.2287138,-0.0938518,0.008618226,-0.15583435,0.10597727,-0.37102273,0.14550748,-0.03618818,0.3645916,0.119967386,-0.085048825,0.19901536,-0.13769461,-0.11666231,-0.0037704862,0.12818114,-0.9383792,0.243651,-0.21385185,-0.14636624,-0.03390465,-0.058963537,0.15127687,0.062556066,-0.10117676,-0.09909719,0.083251804,0.04047891,0.09316173,-0.12723078,-0.07330113,-0.02543384,-5.2199526,-0.06625451,0.025494885,0.0881444,-0.0074501894,0.094028294,0.06115221,0.16886784,-0.12777501,0.05146663,-0.13297626,0.16202703,-0.052612986,0.057623148,-0.09933822,0.045946922,-0.04825818,0.21164691,0.12208881,0.067565,0.056974597,0.020812018,-0.06917374,-0.19889694,0.042929985,-0.04928013,0.11690514,-0.006150801,0.01829418,-0.060446788,0.095324315,0.11820322,0.031367417,0.14062904,-0.042277325,0.079957485,0.005217578,-0.10373692,0.112240516,0.030931883,-0.16558617,0.01805497,0.046177503,0.3152507,0.0538484,-0.02757473,-0.057775304,-0.21395117,0.0389187,0.23653175,0.080467604,-0.021026898,0.033619113,0.24414821,-0.03154811,0.11585124,-0.1921019,0.013525572,0.00041579484,0.039421406,-0.038386162,0.08651935,-0.0037934852,0.07257119,-0.17813027,0.0061977264,0.0014082596,0.097226515,-0.041883048,-0.011761945,0.075591,0.08682598,0.07054324,-0.077960156,0.030956602,-0.15594266,-0.13721791,-0.078955695,0.05911601,-0.17723963,-0.19229269,0.044399418,0.075069755,0.122299165,0.055583306,0.008043307,-0.23914836,0.08309544,0.04771617,0.064672545,-0.03181395,-0.15160647,0.0077063334,-0.072205275,0.008547282,0.11158273,0.0061127567,0.20853007,0.044572666,-0.015467257,-0.08748798,-0.04221811,-0.038850818,-0.11337897,-0.007629313,0.020289816,0.020961909,-0.06263977,0.067589164,0.275396,0.108303316,-0.18506943,0.04031035,0.14973703,0.14296874,-0.0176579,-0.15597168,-0.10321484,0.19467662,-0.19987465,0.01573435,0.15652646,-0.06290082,0.21478692,-0.12255202,0.19912133,-0.07601041,-0.12407105,-0.10925262,0.11820263,0.28552127,0.15358801,-0.06110253,0.19316563,-0.023373075,0.10795395,0.023153154,0.4618878,-0.04308355,0.17724001,0.24452427,0.21848688,-0.026209258,-0.06453891,-0.053666137,-0.18996772,0.059730962,0.09845862,0.010399155,-0.075291336,0.07911651,0.18541908,0.0457689,0.031301912,-0.08173179,-0.11513587,0.07823589,-0.101946734,-0.25139308,0.08333325,0.24311139,0.03240826,0.14990172,0.036404833,-0.13869584,0.053552683,0.0046050632,-0.012820363,0.06942939,-0.05802395,0.33626708,0.11725853,0.14087467,0.017211163,0.3208148,-0.20831978,0.15303858,-0.0230637,0.028991723,-0.024120945,-0.046853304,0.0062088985,-0.15159068,-0.11476847,0.26587433,0.09381595,0.2682746,0.06754694,-0.060582872,-0.10047551,-0.10413792,-0.092674196,-0.29125357,-0.029158462,-0.16857213,-0.054833468,0.1783063,-0.16357939,-0.07830739,-0.05137065,0.017655678,0.017441412,0.038226284,-0.121534646,0.03824254,-0.14325327,0.19499645,-0.15094036,0.10631908,0.21580185,0.011418884,0.20287207,0.15646887,-0.10968392,0.16667235,0.02871304,0.14420561,0.041912533,-0.09897258,-0.1032316,0.048226204,-0.12825896,0.028789084,0.15892974,-0.15995435,0.029752193,-0.24293618,-0.19693638,-0.064479664,-0.04471913,0.3247361,0.042631153,0.13888854,-0.14436884,-0.036026284,-0.16302702,-0.30468422,0.22122309,-0.029919896,-0.10462741,-0.11323922,0.2696821,-0.031343527,-0.07802564,-0.01783041,-0.3052775,-0.18827774,-0.08072897,0.110526286,0.05902585,0.0065717734,-0.015346816,0.011906358,-0.00912166,-0.079674855,0.16163212,0.08301214,-0.025972202
GIGKFIHSAKKFGKLFVGEIMNS,-0.01828702,-0.05240638,0.19597994,0.13070881,-0.10430973,-0.16051222,-0.09635189,-0.03613341,-0.12916934,-0.034714624,-0.009431046,0.18638687,-0.099054925,0.09437928,-0.10316569,0.04242425,0.06720659,0.054320678,0.15669507,-0.07502032,-0.18151522,0.010675227,0.022996955,-0.18274994,0.008347186,0.23872875,-0.051280107,0.14119524,0.17141852,0.066705436,-0.25261384,0.13873827,0.016613578,-0.0702745,0.078610145,-0.2850643,0.085890844,-0.08359254,0.31301278,0.16082922,-0.016890986,0.2192326,-0.22146422,-0.0924965,-0.002612396,0.12844129,-1.054051,0.29726598,-0.1985849,-0.22659534,0.06481151,-0.05105972,0.15164007,-0.0025014067,-0.1351873,-0.08880571,0.08237598,0.049080733,0.096760236,-0.10201235,-0.06562255,0.01092652,-5.1967573,-0.026204057,-0.023005974,0.16734016,0.05518057,0.19765554,-0.03930426,0.15245524,-0.11966579,0.015473787,-0.027113812,0.14007059,0.020109855,0.018049419,-0.076053545,0.06735948,-0.05781398,0.17724353,0.06587067,0.15629672,0.08340685,-0.05761457,-0.040359057,-0.09165274,0.054053478,-0.047290727,0.16436203,-0.02271738,0.0020664644,-0.16316542,0.12677827,0.07799605,0.0812896,0.13628608,-0.11623158,0.058797874,0.008119331,-0.1664507,0.17317481,0.01747894,-0.18401383,0.007931683,0.033457853,0.25364172,0.06588707,0.045050908,-0.068952516,-0.13375536,0.04246209,0.21766908,0.08566615,0.02964813,-0.0028230953,0.17123288,0.06202219,0.0844064,-0.11969658,-0.031287532,-0.051329803,0.039453033,-0.034088854,-0.11365683,0.094851226,0.12330982,-0.082321554,0.007538825,0.018062765,0.12835856,-0.059259444,-0.033059612,0.13399456,0.11108589,0.08701983,-0.042538784,0.00175143,-0.07194134,-0.18568684,-0.22407036,0.06051609,-0.19865969,-0.20814171,-0.031627737,0.10901818,0.07113788,0.04019174,-0.0046504475,-0.2243548,0.1515451,0.04464279,0.11894547,-0.0038158097,-0.14503524,-0.027952697,-0.05264057,0.04731597,0.09315327,-0.023835558,0.18883833,0.06277971,-0.06801503,-0.108466655,0.017858993,-7.012576e-05,-0.07341551,0.04586892,0.03613989,-0.012732745,0.0111669805,-0.0831694,0.23296867,0.19062777,-0.2148421,-0.07035563,0.1452767,0.11152558,-0.03928882,-0.17176124,-0.17727976,0.10393089,-0.28726673,-0.009153972,0.16488118,-0.1418903,0.21239711,-0.14519863,0.19582413,-0.081274755,-0.074446276,-0.08423673,0.10345987,0.17778623,0.073808864,-0.03466399,0.20836018,0.00087634625,0.12336666,-0.010502063,0.49680495,-0.061175123,0.119983815,0.23060282,0.21567333,-0.012433854,-0.06817168,-0.001228087,-0.45931786,0.06578606,0.064327054,0.076205276,-0.08344513,0.1202553,0.1603706,0.037726235,-0.036948483,-0.08551128,-0.081599884,0.004553292,-0.11151815,-0.32758427,0.17299834,0.2632129,-0.0057153823,0.13050388,-0.00019990861,-0.14455618,0.1450865,-0.018517654,0.0130018545,0.04875719,-0.043050736,0.33889404,0.08799845,0.092918195,0.013530326,0.3204025,-0.20976707,0.1813176,0.029184492,-0.013122056,-0.013697898,-0.060336255,0.018875776,-0.1527475,-0.048254408,0.29703772,0.14882118,0.16586788,0.02248672,-0.040441286,-0.017172465,-0.08583815,-0.103842504,-0.18052034,-0.040438186,-0.16337109,-0.05944345,0.20839399,-0.19814716,-0.06775646,-0.15421836,-0.0153628625,0.043391213,0.059326407,-0.04936279,0.03422756,-0.160444,0.21571839,-0.09010874,0.053485125,0.26370323,-0.017917208,0.07005594,0.11434286,-0.052737456,0.11339216,0.030220093,0.17398274,-0.009581304,0.0034509283,-0.18995818,0.05149809,-0.10851549,-0.027780814,0.13690166,-0.15120493,0.09742732,-0.15704091,-0.13867737,-0.076637775,-0.059920054,0.19102554,0.076670706,0.13857631,-0.1282203,-0.058264475,-0.22176151,-0.20727955,0.202295,-0.09430506,-0.119107045,-0.13834046,0.24654593,-0.029823337,-0.07782563,0.03539253,-0.16394556,-0.18415554,-0.17161961,0.21401255,0.060031485,-0.017916912,-0.040536355,0.11128456,-0.017836772,-0.08369677,0.008523798,0.089786164,0.060433213
GIGKFIHAAKKFGKLFIGEIMNS,-0.025439125,-0.010601654,0.13467856,0.16812633,-0.13509156,-0.13083321,-0.11261987,-0.0072474945,-0.046443325,-0.035395317,-0.024590367,0.13933448,-0.09392919,0.084445275,-0.052629117,0.033432614,0.036518022,0.056075323,0.17308444,-0.070586,-0.19683407,0.028639477,0.034943916,-0.15836033,0.0055063427,0.21497603,-0.009203686,0.109535605,0.19436085,0.1002275,-0.33189335,0.11297431,0.028159987,-0.020641793,0.06672949,-0.23980018,0.016832054,-0.097177505,0.32898673,0.180389,0.030866561,0.20450073,-0.24656448,-0.1243854,0.04485752,0.09748003,-0.8987782,0.35037667,-0.170575,-0.2976193,0.07393589,-0.070409566,0.15049218,-0.016082771,-0.12692404,-0.036867134,0.08340127,0.0041369586,0.15172109,-0.07207026,-0.07360064,0.026793815,-5.177601,0.021057043,0.041504297,0.23232609,0.105610885,0.21679918,-0.016914196,0.14521168,-0.10369444,-0.03452459,-0.037396904,0.124671586,0.009419026,-0.045410875,-0.093441874,0.094869144,-0.07310619,0.1726318,0.027141387,0.12074,0.073244065,-0.09973629,-0.06056634,-0.066941835,0.09703453,-0.07284031,0.15529042,0.0076663615,-0.060270432,-0.16553567,0.14988987,0.026884513,0.1331348,0.143642,-0.13381413,0.036785234,-0.044720273,-0.11857049,0.19433357,-0.019844716,-0.24964379,-0.00017080545,0.0363619,0.2184586,0.08679531,0.082007855,-0.08983066,-0.11690164,0.1244627,0.20205912,0.11613216,0.008986297,0.010053163,0.14432281,0.06293626,0.1238828,-0.0682198,-0.018285478,-0.028062567,0.070531294,-0.037638057,-0.093611814,0.102954105,0.13397531,-0.1081603,-0.0036209077,0.07050271,0.1299594,-0.014207261,-0.02667549,0.11494402,0.11466847,0.13019624,-0.09134133,0.011503641,-0.116487764,-0.17325376,-0.22736174,0.06512169,-0.21505858,-0.2016674,-0.05489398,0.12877466,0.08469061,0.032302316,0.03286111,-0.21161084,0.12490055,0.055961177,0.14353324,-0.032459904,-0.17630476,-0.012762904,-0.017149247,0.08056282,0.0918422,-0.012294155,0.19266163,0.09498701,-0.056187715,-0.10796011,0.038679615,-0.015364797,-0.0352458,0.04719957,0.009328412,0.0038898527,-0.00307526,-0.1007247,0.23853463,0.20492192,-0.27384844,-0.088511795,0.13904919,0.13728613,-0.047718428,-0.13868606,-0.15744875,0.06783721,-0.29471388,-0.033171266,0.16305386,-0.12502538,0.20379592,-0.09681693,0.17486149,-0.07296434,-0.075841725,-0.072418496,0.13732977,0.153359,0.025844345,-0.04213045,0.20425238,-0.038045716,0.0950996,-0.0663288,0.44954684,-0.06615927,0.13900124,0.2705943,0.22783816,-0.015404765,-0.12531248,-0.017677007,-0.46964532,0.07199189,0.032986287,0.06516191,-0.09844347,0.23929656,0.11388166,0.044860736,-0.1208839,-0.07978742,-0.07116808,0.030344194,-0.12514666,-0.3318588,0.24989265,0.21871853,0.020857137,0.17168094,-0.028274693,-0.16698,0.15681495,-0.0019384575,-0.02596536,0.012436892,-0.025534658,0.33752832,0.05846275,0.063798025,-0.05993186,0.30894917,-0.13277042,0.1859831,0.019408336,0.009978184,0.003707881,0.009860141,0.024597758,-0.11116116,-0.0480103,0.29397887,0.14271939,0.20607173,0.0011104436,-0.06820882,-0.06515074,-0.09682577,-0.11131527,-0.14569813,-0.017315833,-0.11633438,-0.065222524,0.19038434,-0.19422081,-0.11345473,-0.16728188,-0.006117502,0.059302896,0.07668762,-0.07204433,0.03525151,-0.11636887,0.24510233,-0.10833253,0.022012487,0.28471366,-0.09287753,0.05145161,0.105640605,-0.051694304,0.11307846,0.013345318,0.15206927,-0.063995406,0.007972855,-0.208603,0.034446634,-0.21196422,-0.022087932,0.18404517,-0.12340727,0.09161305,-0.1905025,-0.15479802,-0.04272289,-0.03518111,0.17225842,0.012626448,0.13944057,-0.121591374,-0.10165594,-0.2353215,-0.13141464,0.23107626,-0.121952,-0.087852456,-0.15523905,0.24862821,-0.0073176585,-0.14082848,0.0726521,-0.18420449,-0.19359127,-0.2322594,0.21712956,0.115835264,-0.056596063,-0.0830832,0.14325453,-0.08245692,-0.08311109,-0.042142116,0.05489147,0.06670393
GIGKFIHSAKRFGRAWVGEIMNS,-0.0075834882,-0.032789454,0.19180904,0.10186138,-0.08396189,-0.20535624,-0.13986014,-0.023538945,-0.124379285,-0.031229448,0.004417938,0.17799048,-0.107799865,0.09511038,-0.10809755,0.041258946,0.09593958,0.08366275,0.19813274,-0.07370265,-0.19481239,0.030457253,-0.069283135,-0.11845901,-0.03191555,0.20136079,0.018597322,0.1240651,0.106489964,0.034620944,-0.23721088,-0.053503636,0.07151355,-0.17308986,0.060515404,-0.27487984,0.11631874,-0.016042668,0.34286335,0.07975433,-0.02172264,0.19808418,-0.10569091,-0.10064721,-0.064071916,0.061555814,-0.9724669,0.28865573,-0.21123827,-0.20315309,-0.04118982,-0.002974794,0.15451623,-0.027383208,-0.11688858,-0.13564096,0.15604863,0.07093191,0.10378286,-0.056534983,-0.042413868,-0.020128798,-5.2447343,-0.08435038,0.04652629,0.14666879,0.042554256,0.18599735,0.019156057,0.18934888,-0.13551156,-0.0036162222,-0.0051997746,0.1485539,-0.025792701,0.024112921,-0.035173025,0.039011773,-0.08765639,0.23721403,0.15512097,0.107772484,-0.002827592,0.0049834335,-0.06253066,-0.115021974,0.1037258,-0.032263745,0.16033472,-0.04296885,0.008673128,-0.08923361,0.10619835,0.15062569,0.060652837,0.06788041,-0.119043104,0.097975895,-0.045588274,-0.13702148,0.12831444,0.047694243,-0.09722571,0.062633336,-0.023897273,0.26411742,0.0913447,0.04703085,-0.041622356,-0.18839122,0.035884712,0.23129737,0.12268144,0.031203322,0.010021703,0.14326972,0.011962132,0.04202774,-0.19294319,0.0410279,-0.027597435,0.010761248,-0.006492726,0.075731345,0.06927457,0.037239984,-0.13325286,-0.013228058,0.027610403,0.05104724,-0.0308469,-0.06030807,0.12741823,0.12674733,0.11193692,-0.13483998,0.058775406,-0.103393346,-0.19518696,-0.12493017,0.0007757318,-0.13837454,-0.22902215,0.0056623076,0.11191164,0.096306294,0.019824835,-0.023573756,-0.18857361,0.03830191,-0.006708418,0.120784484,-0.017131858,-0.18682311,0.011218072,-0.04803863,0.044063244,0.13495182,-0.045980014,0.18188354,0.052317105,-0.04866556,-0.029668747,-0.013344166,-0.029233402,-0.09707373,-0.04107796,0.023215488,-0.055332113,-0.008678899,-0.068893775,0.22136697,0.13673908,-0.21228218,-0.008664275,0.15547091,0.099033564,-0.07705431,-0.13133486,-0.13927479,0.11650812,-0.17660059,-0.0052466406,0.13525072,-0.09505961,0.20227104,-0.13718562,0.18560869,-0.03292802,-0.05459418,-0.062211886,0.13986245,0.3149213,0.09732094,0.002174244,0.15086259,-0.018292554,0.08232366,0.019839741,0.4171669,-0.018275075,0.17974487,0.24112724,0.2389563,-0.019432029,-0.08403669,-0.0148717305,-0.21975693,0.113441356,0.14392963,0.045178242,-0.06285355,0.07546442,0.12055049,0.055829946,0.0067979028,-0.08110933,-0.05703178,0.0047529745,-0.16919586,-0.33015662,0.12722741,0.2128441,0.048509702,0.10636793,0.042894863,-0.14591597,0.09839327,0.010115619,-0.008515549,0.05548545,-0.042733744,0.3007719,0.040383056,0.10008867,0.0310843,0.34647483,-0.19816689,0.13872598,0.022337157,-0.027602961,-0.0030476619,-8.752823e-05,-0.00700234,-0.12313948,-0.029133152,0.2727372,0.10052237,0.19893388,0.09851858,-0.10027906,-0.032843955,-0.09389637,-0.09556328,-0.18713863,-0.031971443,-0.15823951,-0.085329205,0.15200531,-0.19104323,-0.08595974,-0.086983055,0.00603096,0.058773756,0.046583638,-0.03857039,0.010846338,-0.15163437,0.15402456,-0.13699313,0.07338333,0.24280617,-0.04947438,0.12994291,0.14420706,-0.08988695,0.1233608,0.00028578282,0.14547853,-0.02583767,-0.06553142,-0.17226857,0.09076317,-0.08869974,-0.013111996,0.20609365,-0.08234021,0.018559113,-0.27161577,-0.15768667,-0.015215155,-0.030059433,0.2072333,0.057444323,0.09277504,-0.15345606,-0.042826306,-0.21754566,-0.24263945,0.15840308,-0.030140093,-0.0783976,-0.12417439,0.21214628,0.011843314,-0.1059235,0.008987668,-0.120392255,-0.17102815,-0.14196786,0.10032068,0.0032318912,0.019480363,-0.06408791,0.101633094,-0.035888992,-0.058648597,0.009146929,0.10935595,-0.041215114
GIAKFGKAAAHFGKKWVGELMNS,-0.1332025,0.34047005,0.150411,0.19429085,-0.1084119,-0.033850536,-0.026838293,0.092077196,-0.10010591,0.015279398,-0.13771138,-0.021060787,-0.12540479,0.03963285,0.012530745,0.05813302,-0.058907732,0.12804633,-0.029091336,0.09273436,-0.34377632,-0.03926206,-0.022368927,-0.15089294,-0.16931601,0.1304504,0.071606934,0.113115,0.013484831,0.22464173,-0.45873985,-0.10579689,-0.008496485,0.13126078,0.022437844,-0.08831218,-0.07590809,-0.07698032,0.21396509,0.10272518,0.034684952,0.12049918,-0.14521112,-0.16787823,0.23763336,-0.039526835,-0.25748086,0.21975699,-0.10840531,-0.307482,-0.021156706,-0.014521,0.040550567,0.061294314,0.095322445,-0.073161475,0.08440058,-0.11045814,0.26760063,-0.023537297,-0.034093574,0.012122312,-4.893724,-0.08419719,0.15258096,0.17488937,0.042208906,0.1638167,0.17217077,0.10714198,-0.032650534,0.04329481,0.08062559,0.073583625,0.055108413,-0.011042233,-0.2225017,-0.00899642,-0.05300408,0.231535,0.14745417,0.022444654,0.1423188,-0.06681544,-0.07848065,0.0010512924,0.11672941,-0.12131064,0.014032897,0.016750244,-0.11009535,-0.18924415,0.24595398,0.025237098,0.24106964,0.004135561,-0.035043843,0.032044005,-0.08998975,0.09833281,0.26386747,0.008505969,-0.13339537,-0.039199203,0.075652644,0.24108887,0.10620469,-0.019235358,-0.20053019,-0.16309947,0.12488285,0.12263254,0.05488449,0.05058375,-0.22715738,0.08667126,0.14617755,0.0995031,-0.066746466,-0.06297302,0.091973476,0.031424653,-0.11131027,0.07527519,0.055510055,0.25166476,-0.24171694,0.03852313,0.17620161,0.21955355,0.037363287,0.0014157731,-0.06397571,0.043720778,0.04016615,-0.30744433,0.03838923,-0.21614124,-0.185353,-0.104393005,-0.049108986,-0.07589737,-0.24406308,0.023691665,0.0792392,0.14711024,0.14284949,0.2222196,-0.18011524,0.011491499,0.074228324,0.1413662,-0.04291444,-0.13001192,0.019600842,0.14278664,0.0839577,0.08941101,-0.16947871,0.14719686,0.22203399,0.04064372,-0.050386213,-0.045015983,0.03342168,-0.049235143,-0.0012759853,0.01783263,0.047602557,0.057324532,0.016919568,0.19418362,0.25683224,-0.29984823,-0.26125717,0.14797205,0.094417,-0.03251833,-0.17732757,-0.017234813,0.05065804,-0.24220479,-0.032065284,0.361986,-0.2395863,0.24026114,0.11739194,0.027907373,-0.06037591,-0.050543237,-0.18390514,0.13305336,0.10111293,-0.095471494,-0.056087762,0.24662712,-0.045477457,0.19816667,0.0036711334,0.43951702,-0.12350196,0.20474218,0.21051694,0.18730503,0.028716527,-0.12111653,-0.14797026,-0.0860011,-0.08564563,-0.18971127,-0.038477298,-0.19873108,0.41430542,-0.0005762172,0.22310524,-0.30064106,-0.00840212,-0.26068154,0.16580112,-0.12791978,-0.23217782,0.27352142,0.12346389,0.26808938,0.20906147,-0.04000005,-0.25662312,0.05389736,0.076235056,-0.17091507,0.032743298,-0.026821885,0.26688752,-0.013882892,0.09029463,-0.16792868,0.23594923,-0.043261643,0.14530024,-0.23913027,0.16376743,-0.011035886,0.105621226,0.008717757,0.0056564044,-0.1434731,0.06991142,-0.020399641,0.27796623,-0.13184471,-0.1938924,-0.08789301,-0.07045967,-0.03951792,-0.2024073,-0.009264395,-0.10893481,0.078859776,0.13267113,-0.03241076,-0.18686405,-0.1395547,-0.067335755,-0.0029961658,0.2515909,-0.111417435,0.15156284,-0.123425424,0.28598365,-0.32422432,0.020903977,0.2821956,-0.278857,0.057192117,0.09261851,-0.11938803,0.16906025,0.028589655,-0.013606627,-0.14039516,-0.000116312505,-0.18310937,-0.009666223,-0.31726372,0.05125116,0.2603598,-0.09640403,-0.04310077,-0.28949416,0.054171003,-0.11755657,0.028129034,0.23703365,0.009425405,0.1830764,-0.016496414,-0.1487306,-0.22142334,-0.033228613,0.18053827,-0.11870239,-0.10974715,-0.07008173,0.17769982,0.115776196,-0.26606905,0.13425398,-0.3253517,-0.27106157,-0.18801051,0.12143931,0.19264537,-0.1962198,0.12594004,0.09216122,-0.23929577,-0.1337933,0.13647632,-0.048818618,0.024913995
GIGHFLHKVKSFGKSWIGEIMNS,-0.084146164,0.051529072,0.17764337,0.0860442,-0.1027705,-0.24108821,-0.106200546,0.032106627,-0.08066123,0.011272768,-0.011265698,0.15397227,-0.065919094,0.15400735,-0.0196087,0.04528231,0.2207244,0.055349875,0.054522857,-0.1373146,-0.21279861,0.0034078711,0.008964267,-0.19420193,-0.12939036,0.20138043,-0.044099703,0.059985828,0.21449727,0.11382145,-0.32916313,0.040210027,0.030634137,0.028290363,0.08992943,-0.2369952,0.031518385,-0.058747817,0.15651463,0.104477644,-0.090022296,0.26111388,-0.20020151,-0.00016218424,0.0094235735,-0.021323647,-0.8697558,0.31372094,-0.17991292,-0.28333825,0.035971604,-0.0025354577,0.13024297,0.0908319,-0.08418151,-0.14758058,0.12952928,0.005979948,0.11059104,-0.066704676,-0.093465395,0.054278735,-5.103027,-0.018391535,0.012990046,0.14814545,0.13246594,0.22727482,-0.02000249,0.17737272,-0.16105221,0.006375323,0.017080015,0.17723088,0.08235628,0.020387735,-0.032109633,-0.034936782,-0.029961966,0.21630736,0.09034733,0.19914472,0.08942385,-0.035325523,-0.14046307,-0.0018768543,0.014978306,-0.059205085,0.086039044,-0.044620734,-0.006158737,-0.18654476,0.12843515,0.09725379,0.079435155,-0.027969958,-0.13153248,0.08679137,0.07743491,-0.21188225,0.2137373,0.07216337,-0.18738644,-0.0009691358,0.018786624,0.30464712,0.14817928,0.075616695,-0.07274765,-0.1542641,0.10160422,0.21530586,0.13027482,0.02904507,-0.12764324,0.12657928,0.14996874,-0.006754582,-0.15829062,-0.041269895,-0.0201364,0.02386868,0.036037806,-0.056764975,0.067404725,0.17831923,-0.14999996,-0.042190127,0.06695377,0.10017944,-0.029537467,-0.09164298,0.15645209,0.0606616,0.062429883,-0.16445976,-0.0013993203,-0.10879991,-0.20786361,-0.21187937,0.028450439,-0.12791674,-0.14040074,-0.015192786,0.1384694,0.08434484,0.09789429,0.014079655,-0.21956886,0.052596685,-0.07681151,0.19879779,-0.02205663,-0.20674235,0.05845897,0.0590757,0.040348172,0.13001311,-0.052204274,0.16869225,0.15098007,-0.045613002,-0.0939786,-0.076072305,0.058334533,-0.14967062,-0.05242211,0.08500164,-0.113513544,0.096280195,-0.13865013,0.24445954,0.2151402,-0.15561163,-0.118161604,0.20736235,0.08151135,-0.10264295,-0.10420898,-0.2410089,0.11340557,-0.28107682,-0.017142305,0.27985382,-0.25187066,0.23731755,-0.13298632,0.1329802,-0.055038095,-0.062668376,-0.14703993,0.11984979,0.21695912,-0.019693913,0.02302603,0.17432915,-0.054112047,0.11423674,0.033235073,0.5260111,-0.06511264,0.12937458,0.2265965,0.17126209,0.04827076,-0.0730005,0.02550304,-0.3839466,0.10531309,0.12142723,0.051659156,-0.10830795,0.17162952,0.057849407,0.06492317,-0.15763903,-0.041212842,-0.14935198,-0.0602666,-0.20823188,-0.38213143,0.2166267,0.20284587,-0.03653329,0.14482783,0.02604567,-0.2242243,0.14507775,-0.02940567,-0.013308365,-0.01625442,-0.02161414,0.3652601,-0.016443748,0.03194662,-0.025704611,0.3761261,-0.2097512,0.21368203,0.028984845,-0.017770445,-0.025876112,0.050988805,0.08633687,-0.16262604,0.012317152,0.23835167,0.14870699,0.13759156,0.027190171,-0.11502532,-0.009237502,-0.11271232,-0.14269026,-0.17423093,-0.031488866,-0.19989608,-0.06552182,0.20918293,-0.1273997,-0.063297436,-0.12533751,-0.0857278,0.012814642,0.1203545,0.006666379,0.124619186,-0.18043573,0.18468827,-0.08484135,0.017994747,0.32597867,-0.08548654,0.07009271,0.15049715,-0.11477562,0.09638094,-0.01836849,0.18269378,-0.107089035,0.08406006,-0.30784607,0.025098791,-0.14627251,0.029448697,0.13172397,-0.070392676,0.1144183,-0.13530579,-0.091449976,-0.025317688,-0.019573152,0.15647608,0.03159934,0.1327457,-0.14802451,-0.12106783,-0.22657157,-0.110137016,0.19898719,-0.12651187,-0.10112242,-0.15919325,0.17436026,0.084661916,-0.023419423,0.1359234,-0.020899873,-0.23316057,-0.14966276,0.2238998,-0.0014618469,-0.032269698,-0.0006317973,0.14386033,0.027407883,-0.062778205,-0.006152952,0.08490841,0.034434177
FKRIVQRIKDFLR,-0.16984883,-0.036131706,0.30601415,0.2896532,-0.2001533,-0.19032906,-0.11594423,0.03271009,0.058696073,0.028265381,0.10035857,0.12518422,-0.15868972,0.12586886,-0.05317674,0.06826568,0.20719685,0.018227924,0.11119587,-0.068797335,-0.28981522,0.0074245315,-0.09974146,-0.11029264,-0.06268676,0.20972748,0.07098659,0.17246081,0.2852045,-0.036201533,-0.23342116,0.1339061,0.071684234,-0.10888998,-0.013235632,-0.16661826,0.028283507,0.0114847915,0.14389585,0.19765499,0.028295957,0.21607596,-0.28082055,-0.10501428,0.12793998,0.18003128,-0.5337187,0.30526865,-0.062834226,-0.34335628,0.07410508,0.0111263795,0.3046307,0.1501446,-0.11860967,0.04371122,0.21293446,-0.09846797,0.17163672,-0.101713695,-0.064318925,0.054386053,-4.9795523,-0.124906994,0.09131115,0.21662268,-0.06526633,0.24612424,-0.20529607,0.15627646,0.029341014,0.076161705,-0.15160505,0.2654175,0.059586395,-0.2545742,0.14003356,-0.203707,-0.23296571,0.3880109,-0.099055305,0.1481219,0.10672693,-0.2222947,-0.07659818,-0.009827202,0.14939699,-0.064735785,0.10034622,0.09542877,0.062542595,-0.13461797,0.113383055,0.08658648,-0.05598144,0.058388446,-0.068903245,0.050337236,-0.04655891,-0.09639607,0.27222744,-0.018388437,-0.0963868,-0.08241323,0.027590444,0.31826857,0.061289106,-0.0061522047,0.01677541,-0.05520375,0.15868476,0.14812855,0.2654336,0.093262784,-0.056967888,0.14449109,0.022779455,0.08018821,0.099379845,0.05453674,-0.07977883,0.02055132,-0.16124864,-0.17975788,0.047837473,0.037054323,-0.18763535,-0.12275453,0.21122561,-0.10208455,0.009636958,-0.117081486,0.12526827,0.14321104,0.08261089,-0.2666558,0.31815487,-0.14897807,-0.23749407,-0.22873926,0.054610394,-0.13070215,-0.25664464,-0.004811386,0.12328086,0.11916637,0.007674214,-0.14464942,-0.09220351,-0.08853083,-0.1395061,0.13725777,0.062808484,-0.06105636,0.02806411,-0.0009036809,0.051332865,0.20704004,-0.16698161,0.05550144,0.18178715,-0.021675888,-0.15586887,0.019814732,-0.028924605,-0.06681347,0.0108360015,-0.038824167,0.056667488,0.11577952,-0.0022743542,0.294951,0.25455996,-0.14454433,-0.037278164,0.07674028,0.034338463,-0.056637146,-0.10090057,-0.44587854,0.02224532,-0.26066723,0.010522751,0.13945408,-0.13450329,0.11430298,-0.10141507,0.02526155,-0.21480055,-0.1547868,-0.28423765,0.20427494,0.17342325,0.12692113,-0.113225564,0.25667298,-0.12611756,0.09754861,-0.11947559,0.43592644,-0.050126646,0.19224055,0.23454243,0.31594518,-0.10041282,-0.15491347,-0.033955056,-0.5376491,0.05245988,0.06385078,-0.10514251,-0.054828223,0.2046888,-0.0559534,-0.06651617,-0.18960957,0.019672079,-0.03412079,0.068626314,-0.27376696,-0.34995526,0.1507724,0.102682,-0.040895578,0.22082609,0.021685164,-0.12235285,0.092103,-0.010166126,-0.05285252,-0.102548786,0.04416484,0.3539611,0.08852451,-0.0059248656,0.004645305,0.259781,-0.17267904,0.14537655,0.08867561,-0.07858623,-0.016608866,0.05351533,-0.03139491,-0.091972046,-0.030726584,0.20686153,0.18204385,0.29356655,0.052588947,-0.17981356,-0.14734484,-0.21494365,-0.13050187,-0.17770444,-0.051453274,-0.045234844,-0.080635056,0.2193108,-0.102849945,-0.066818446,-0.2626494,0.04552346,0.0022429794,0.1583903,-0.1829369,-0.03265352,-0.018062552,0.24904816,-0.06723178,0.03947068,0.2698186,-0.21120307,0.18456751,0.27889442,-0.1237162,0.05350125,-0.08949372,0.21033011,-0.010631545,0.0917342,-0.26626986,-0.066488676,-0.20636895,-0.055084705,0.27768338,-0.2397901,0.12720948,-0.07411613,-0.077894844,-0.058994297,-0.22798859,0.14810562,0.14094515,-0.016749647,-0.25479993,0.025203196,-0.19609803,-0.20461324,0.3169426,-0.058747455,-0.05634798,-0.07272509,0.2509111,0.09938822,-0.142475,-0.017120447,-0.02991933,-0.1160377,-0.17274669,0.20807418,0.090929605,0.074531525,0.03569762,0.10506859,-0.022106402,0.1265914,0.17188457,0.010349458,0.13633487
GIGKFLHSAKKFGKAFVGEIMNS,-0.056878224,0.050211016,0.16121028,0.110541515,-0.10519839,-0.11994867,-0.079827845,-0.027292062,-0.13534041,-0.0014289534,-0.017186563,0.12712805,-0.0874831,0.0905432,-0.09093454,0.03775592,0.04768339,0.059578165,0.1106148,-0.04427248,-0.2687386,0.029054873,-0.024282694,-0.18301998,-0.062315702,0.20010109,0.0010974896,0.15945746,0.11180155,0.13063245,-0.34144643,0.04453433,-0.021149743,-0.030947603,0.088260144,-0.23533176,0.044806227,-0.07765959,0.31698644,0.14388037,-0.012834656,0.18619165,-0.22751829,-0.12088936,0.06360909,0.12048806,-0.81695634,0.2862535,-0.19347894,-0.23902825,0.045540992,-0.03262699,0.15130472,0.030935902,-0.10082325,-0.056167956,0.0655753,0.010906653,0.15326169,-0.057906047,-0.098421134,0.00053397653,-5.1753254,-0.032682743,0.021020472,0.1861481,0.05644171,0.17984992,0.059719693,0.14475821,-0.09612594,0.05617638,-0.033319496,0.13273041,0.028055906,0.0058669434,-0.10473812,0.061179437,-0.058503643,0.1844737,0.055719867,0.11306614,0.07621313,-0.08369278,-0.082162626,-0.09961227,0.07750311,-0.0876737,0.12931325,-0.009951225,-0.010524189,-0.18118322,0.1465362,0.057791308,0.10623492,0.10636387,-0.10407114,0.002444842,-0.009107925,-0.10632388,0.221587,0.0016073689,-0.19897889,0.0010547304,0.032535575,0.27766877,0.1041991,0.024930365,-0.13368209,-0.17693008,0.086274296,0.23591553,0.047485415,-0.0032560455,-0.036101125,0.18276632,0.08094971,0.12607624,-0.101036616,-0.042771447,0.023241747,0.07372991,-0.037912294,-0.052916497,0.060636338,0.16512059,-0.15985893,0.04458411,0.06079202,0.15149635,-0.028991818,-0.015060556,0.07372245,0.08173874,0.09409052,-0.096737556,0.019596245,-0.14090754,-0.18766156,-0.19542351,-0.011149538,-0.16782786,-0.21798111,-0.005898807,0.12728912,0.085659906,0.093323976,0.058832396,-0.23691696,0.08739399,0.05341439,0.1155126,-0.02054476,-0.10017167,-0.018126892,-0.007572664,0.060162283,0.10589865,-0.047175065,0.19523895,0.12927637,-0.005298635,-0.11540947,-0.019873548,0.0023550629,-0.079642884,0.032590598,0.030761257,0.014282205,-0.018543161,-0.068362124,0.24281856,0.19001152,-0.2467094,-0.08859715,0.15488504,0.091134414,-0.025712697,-0.1536298,-0.13086331,0.13235815,-0.2554238,-0.016165258,0.2231783,-0.14924449,0.22515666,-0.047228184,0.1579426,-0.06068819,-0.11021252,-0.10882643,0.12885909,0.16214958,0.033723056,-0.07888374,0.27242154,-0.046895184,0.17001146,-0.005662632,0.4494066,-0.07468006,0.14474088,0.24330114,0.22135669,-0.0217301,-0.07688481,-0.032831382,-0.37261364,0.033475183,0.00022828579,0.05760844,-0.12027438,0.22498564,0.13012816,0.0736501,-0.113483235,-0.07649825,-0.14260012,0.07803628,-0.13532309,-0.30562827,0.2101302,0.23268504,0.02637602,0.17194954,-0.012817115,-0.16675405,0.13468207,0.018310925,-0.03858377,0.045763172,-0.051728144,0.35045028,0.053966623,0.11145659,-0.05367845,0.31883085,-0.18600014,0.20526943,-0.03037031,0.034643535,0.015757209,-0.011284273,0.012248908,-0.107610814,-0.07321698,0.25108635,0.09845726,0.20822394,-0.013467979,-0.053243063,-0.043325923,-0.10035977,-0.106183596,-0.23414555,-0.046574917,-0.1458641,-0.030715907,0.1929579,-0.15545565,-0.11420369,-0.12730329,-0.003700645,0.016302872,0.11737419,-0.09507975,0.0383452,-0.1355948,0.23105417,-0.15446004,0.04693835,0.2760673,-0.10681864,0.08815588,0.15482962,-0.039235167,0.14567763,-0.004150934,0.124541804,-0.064816535,-0.012122758,-0.19248389,0.01980958,-0.18089603,-0.014322503,0.16137628,-0.13762426,0.0812133,-0.2185002,-0.11087408,-0.07603214,-0.029534755,0.17231524,0.036154598,0.16443677,-0.10712708,-0.065495655,-0.23089223,-0.16447373,0.2309244,-0.109065324,-0.08211874,-0.11712792,0.261063,0.013774864,-0.12363036,0.0801656,-0.2654984,-0.2265723,-0.17463997,0.1980925,0.113893144,-0.055159353,-0.037302412,0.0800846,-0.08444435,-0.08092371,0.069805056,0.054878935,0.045713786
KWKLFKKIGAVLKVL,-0.16284095,-0.09193408,0.3389426,0.37779853,-0.080195345,-0.23866224,-0.23600674,-0.079353034,-0.02759109,-0.05675286,-0.012887927,0.14506838,-0.07717627,0.09238313,0.010279899,0.03332809,0.01601507,0.053293377,-0.009422916,-0.029665839,-0.3258307,-0.016872963,-0.015789863,-0.16729125,-0.015019007,0.4994594,0.062799,0.141952,0.22002548,0.040005922,-0.20292866,-0.010873795,0.07168073,0.025406765,0.10167211,-0.27823222,0.03288278,-0.15670563,0.24939072,0.23107356,-0.08604334,0.29477182,-0.19543397,-0.10390642,0.12944865,0.17004281,-0.6798626,0.41145566,-0.21793963,-0.26953623,0.13288787,-0.18573864,0.09996212,0.08068134,-0.008126348,-0.04561448,0.10713849,-0.0368833,0.20018066,-0.15966532,-0.05092765,-0.05936441,-4.9770904,-0.014948582,-0.011033598,0.13272548,-0.17023739,0.24818566,-0.18021005,0.046405975,0.11659276,0.06567672,-0.050202407,0.2514193,0.08783879,-0.08052559,-0.049270444,-0.18718237,0.018379863,0.35704672,0.020033946,0.055236958,0.2085788,-0.07755803,-0.07848002,-0.14649329,-0.04836252,-0.059736982,0.16428486,0.15550911,0.04876432,0.01088007,0.07896786,-0.05140574,-0.016987802,0.06853244,-0.11653289,0.21074542,-0.08434977,-0.10553259,0.15748744,-0.08232918,-0.3316435,-0.049942046,0.076854244,0.41137555,0.078829914,0.036566872,0.09006267,-0.15728992,0.16635592,0.30696544,0.13272421,0.071398824,0.16076559,0.06310834,0.042884137,-0.115,-0.11101013,0.028002553,-0.15786612,-0.14131999,-0.15160422,-0.19400181,0.033305794,0.25475034,-0.03989998,0.10313701,0.2678619,0.15394704,0.044724513,0.016906762,0.12531771,0.18300842,-0.03217662,0.0054136473,-0.050428815,-0.11961703,-0.2250987,-0.28814074,0.13973176,-0.27874532,-0.31862846,-0.15234263,0.16365257,-0.07076282,0.14428285,-0.29435143,-0.12335912,0.1660714,-0.14089014,0.12488419,0.014605589,-0.07692999,0.043826707,-0.0016955326,0.01619116,0.14060123,-0.092711896,0.235408,0.09508183,-0.06361255,-0.2148579,0.16092864,0.09387712,-0.073949635,0.13733555,-0.0042612436,0.07132153,0.0595968,0.09008364,0.3654521,0.24045397,-0.26321197,0.014790023,0.17668433,0.10214099,-0.09871417,-0.2885084,-0.17808501,0.120532334,-0.3707575,0.02107871,0.19016561,-0.12924117,0.11565794,-0.25739923,0.18953182,-0.1448024,-0.25448525,-0.27231282,0.07058361,0.09908564,0.18495066,-0.07366709,0.124929965,-0.06379317,0.18663938,-0.027276445,0.582726,-0.22781125,0.08970628,0.24391544,0.2334871,0.11056134,-0.09241757,-0.009724394,-0.4389478,-0.046218187,0.056120005,-0.01683127,-0.056216907,0.32515454,0.16908298,-0.07941231,-0.14236009,-0.017852308,-0.0056530605,0.13700116,-0.20380434,-0.33180732,-0.0010308536,0.1751836,-0.037564605,0.2781587,-0.09354979,-0.12633584,0.16453041,0.07820699,0.12932824,0.07547604,-0.057228852,0.3070962,0.0070439647,0.15184887,0.040151894,0.25022608,-0.3235902,0.16362934,0.03559182,0.024236068,-0.17103174,-0.067093894,0.062332973,-0.15003341,-0.18919115,0.20860477,0.18697776,0.13550243,-0.02198912,-0.24521261,0.12834682,-0.12984386,-0.21254654,-0.3310207,-0.07461339,-0.0967904,-0.022455469,0.36772043,-0.23942941,-0.049353726,-0.3182808,-0.078241505,-0.063599356,0.08737659,-0.046075135,0.020673012,-0.097459085,0.3196487,-0.10948534,0.052659597,0.24150293,-0.06382249,0.15649961,0.04655616,0.07933488,0.090606615,0.13164853,0.23013866,0.10852897,0.043856286,-0.22309503,-0.10323456,-0.23349316,-0.030258851,0.1904024,-0.36854726,0.08037882,0.015310925,-0.20087856,-0.119226635,-0.11604317,0.3172977,0.11985035,-0.017148688,-0.2815671,0.065928206,-0.3448479,-0.22281699,0.2697983,-0.064851366,-0.19020225,-0.292715,0.27906254,0.05368122,-0.07604803,-0.008475115,-0.10745245,-0.16632113,0.068195105,0.09664568,0.15387307,-0.029768404,-0.04865713,0.022519523,0.03724727,0.13047828,0.110404715,0.07979029,0.2738804
ILPWKWPWWPWRR,-0.1365922,-0.4577433,0.1577939,0.5022333,0.30363095,-0.39059117,-0.2457946,-0.054357667,0.21254781,-0.25438303,0.018511217,0.42908916,0.08621482,0.10781017,-0.2661963,-0.0052406746,0.2752455,-0.26478666,0.21915759,-0.10293806,-0.38268062,0.09870689,-0.09823628,0.067938566,-0.01948057,0.63237417,-0.10778092,-0.0107798595,0.36649758,-0.11812981,-0.11057743,-0.69705796,0.15515245,-0.32181445,0.18266998,-0.43784153,-0.08680157,-0.4902173,0.42911893,0.047890857,-0.11178956,0.035311174,0.14117411,0.41294363,-0.16392016,-0.29599696,-0.6814958,0.28410527,0.02481364,0.016423326,-0.06558399,-0.14256835,0.24915437,0.054369885,0.205708,-0.13296188,0.18223438,0.0013659815,0.03448642,-0.44277364,0.08931223,0.14082578,-4.4976754,-0.123169646,-0.22860932,-0.008689543,0.05207251,0.39177984,-0.36129984,0.015437281,0.17932959,-0.14839627,0.04135559,-0.13895492,-0.0006944378,-0.08021144,0.15730572,-0.132308,0.07486374,0.30951253,0.38436478,0.00826106,-0.08831479,0.57214385,-0.18239596,-0.12500533,-0.07284431,0.21819514,0.009969693,0.21762377,0.023780262,0.4867202,0.0009749564,-0.30737916,-0.40853766,-0.15946528,-0.5348397,0.41886315,-0.11649814,-0.084185995,-0.36380196,0.0158544,-0.17156304,-0.19075802,-0.14416122,0.32370868,0.008060539,0.27592912,0.5237848,-0.40931186,0.098265015,0.50301015,0.15675068,0.1939538,0.42224514,0.06080986,0.023859626,-0.55310327,-0.045048036,0.30505747,-0.3099872,-0.046048895,-0.2955064,0.4487957,0.011525531,-0.27898252,-0.06792143,-0.14881703,0.13543405,-0.2998319,0.25811714,-0.23719025,0.23577805,0.039721567,-0.22358292,0.10718039,-0.09441459,-0.11146517,-0.29761603,0.11578336,0.32932577,-0.15260291,-0.14489989,-0.034391683,0.07925833,0.07602225,0.07056106,-0.37279633,0.08281991,0.14043395,-0.6262778,0.087528124,0.10676964,-0.7180533,0.44087145,-0.044505168,-0.09674849,0.47999248,-0.16497388,0.13308702,0.098696195,-0.06287276,0.21547675,0.061971307,0.08265411,0.08540032,-0.12615807,-0.112649806,-0.21977612,0.23033261,0.020552754,0.43099403,0.17133425,0.0015757163,0.15910164,0.5320795,-0.033045657,-0.29420343,0.17649461,-0.09573116,0.16642602,-0.38401258,0.02593631,-0.21901648,0.26720133,-0.14287128,-0.77185607,0.24554278,-0.19693525,-0.11858317,-0.27306393,0.3082129,-0.025869783,0.26393896,0.33432662,-0.35099858,-0.04987698,-0.140876,0.09889731,0.43525255,-0.22766274,-0.07304952,-0.029564584,0.1360833,0.10885469,-0.47051704,-0.12077988,0.23893493,0.1613122,0.6231197,0.12497262,-0.059309073,0.19698037,0.10516906,-0.17593299,-0.18520957,0.20535007,-0.1890614,-0.062197253,-0.29216066,-0.1696698,0.00060154597,-0.05333124,0.12704621,0.2890438,-0.073481925,-0.1654155,0.2279624,-0.17182702,0.2978922,-0.16601562,-0.01955708,0.07672815,0.020564748,0.24380091,0.15847638,0.3381275,-0.30943927,0.09438853,0.22606878,-0.11616575,-0.061870314,0.050663106,0.20405841,-0.24356736,0.18695493,0.20703314,0.58900714,0.27781498,0.250228,-0.41171667,0.08578458,-0.1702375,-0.20121853,-0.18228033,0.036938727,0.21346302,-0.3104586,0.22701149,-0.5809838,0.09207408,-0.4729767,-0.060417276,0.19655104,-0.25441974,0.11272302,-0.15549023,0.17651097,-0.05821359,0.011372706,0.31923142,0.3786679,0.007378904,0.33832532,-0.19100717,-0.19412164,0.0392974,0.25823948,0.33063373,0.30664816,0.03494899,-0.35698703,-0.034935456,-0.24184322,0.19467573,0.14900117,-0.2818399,0.13617322,-0.19968724,-0.44783407,0.10916326,-0.29789448,0.4561152,0.010386064,0.06934604,-0.34064528,0.08227371,-0.16533586,-0.3245477,0.18062039,0.08046167,-0.38570964,-0.4168518,0.33115667,0.22168289,-0.35080755,-0.14039068,0.34279394,-0.17141019,0.15588054,-0.037338074,-0.017777145,-0.05739787,0.0970396,0.056234132,0.35370037,0.4632553,0.13275741,0.21470468,0.016529063
FLGALFKVASKVLPSVKCAITKKC,-0.18686844,0.19395392,0.14893785,0.22729507,-0.10797067,-0.075791314,-0.2252493,-0.07603871,-0.106327765,0.04167919,-0.012460983,0.21191989,-0.07382116,-0.0058097886,0.08420427,-0.039328165,-0.018768908,0.15639006,-0.072912216,0.05635742,-0.21199673,0.031162469,0.13046649,-0.19622128,0.025555126,0.31396267,0.03134275,0.012809265,0.04010304,0.1743545,-0.3482272,-0.17220671,0.062287208,0.20388602,0.038937673,-0.15097453,-0.051659547,-0.12736526,0.23801017,0.18107513,-0.15684922,0.20595402,-0.14382069,-0.085112624,0.31416708,0.10426504,-0.38005167,0.32879227,-0.09600814,-0.26320893,0.18435326,-0.123717815,0.01931438,0.0104936175,-0.057926435,-0.089640416,-0.05346832,-0.020248633,0.2839143,-0.0026701253,-0.029876815,0.024517987,-4.935151,-0.14342542,0.031806592,0.17705756,-0.19893107,0.34521458,0.049965203,-0.034659453,0.016271515,0.21311206,-0.042021994,0.022188503,0.08299049,-0.19293506,-0.09439533,-0.17698844,0.018779049,0.34107256,0.114216655,0.12698783,0.21173078,-0.07664423,-0.20415387,-0.02112178,-0.04986815,-0.17038228,0.017768705,0.200255,-0.027215866,-0.09739329,0.11954371,-0.10393139,0.13684629,0.056255836,-0.033725772,0.10052569,-0.16216135,-0.13183682,0.278302,-0.12856692,-0.22603394,-0.09251023,0.0033954417,0.37039417,0.08102576,0.009342173,-0.04999079,-0.12393007,0.250543,0.18766378,0.005232676,0.10037586,0.009267952,-0.02802788,0.3044538,0.10246254,-0.023690458,0.10613764,0.06837846,-0.03468469,-0.08413504,-0.020862572,0.095939346,0.22117338,-0.06409672,0.07891483,0.2658838,0.16601323,-0.04583982,-0.069258325,-0.055510245,-0.04481042,-0.06062822,-0.08502764,-0.1116744,-0.040859442,-0.3075838,-0.24449965,0.049117666,-0.12533933,-0.18866886,0.03332222,-0.010750205,-0.11084637,0.16490647,-0.03538168,-0.15983392,0.038522463,-0.020970918,0.0696627,0.057403885,0.030517437,0.08849306,0.12014479,0.10936533,0.07732129,-0.21927764,0.2370757,0.034024306,0.008095688,-0.12984237,0.14434339,-0.09864145,-0.101620674,0.14744088,-0.06743334,0.120187595,-0.003717553,0.12697256,0.1777288,0.29522547,-0.17521235,-0.17219666,0.04557148,0.13562873,-0.17863129,-0.2127696,-0.14581467,0.15804297,-0.43584287,-0.098058775,0.38866127,-0.08946824,-0.0077908267,-0.091523096,0.09621492,-0.0058095236,-0.28921235,-0.29639164,0.16825846,0.27819383,-0.0060303262,-0.08486564,0.2646465,-0.30522498,0.42449343,0.09392636,0.3046316,-0.14344716,0.23648185,0.29126054,0.13077253,0.07074989,-0.022882136,-0.09584668,-0.26990074,-0.05808092,0.06838507,-0.087380685,-0.064439975,0.39532438,-0.0723274,-0.08316803,-0.28305328,0.051137492,-0.12169917,0.21157742,-0.18576294,-0.36325783,0.015199755,0.22419375,0.24094985,0.184263,-0.18164304,-0.3341608,0.13663642,-0.0074962056,0.042948183,-0.0028828336,0.08581492,0.22094935,-0.06046649,0.23433326,-0.04600125,-0.00047244935,-0.06131971,0.25685942,-0.13927475,0.0391391,-0.110428214,0.20748144,0.047698203,-0.103217535,-0.07597797,0.092996806,0.16355667,0.044788107,-0.104947895,-0.23786409,0.09006687,-0.13663621,-0.13140354,-0.3810895,-0.14165892,-0.13034439,0.09035961,0.2393519,0.122350745,-0.20514096,-0.032302257,-0.18041229,-0.06682832,0.20692275,-0.03344429,-0.0508946,-0.041952416,0.3434175,-0.0971401,-0.049658637,0.17842025,-0.24279751,0.10801986,0.049038354,0.05286357,0.07594201,0.12160905,0.0830485,-0.11475212,0.03985808,-0.15970008,0.15357533,-0.2555837,-0.049967006,0.37250355,-0.32709694,-0.0493974,-0.11459298,-0.011805924,-0.0719639,-0.12960945,0.068194084,0.075511314,-0.07048493,-0.08824563,-0.06128142,-0.18415867,-0.014648685,0.25323784,-0.14439653,-0.09453824,-0.15441212,0.30500323,0.068316266,-0.3025162,0.046648495,-0.19968194,-0.2196788,0.08277646,0.19006456,0.22844087,0.011725879,0.033995695,-0.12620793,-0.11621119,0.01690289,0.13102563,0.04584872,0.26148102
GRFKRFRKKFKKLFKKLS,-0.4721745,-0.3381612,0.19743332,0.64509106,-0.21770298,-0.27944297,0.070553675,-0.09447867,0.019646313,-0.01360465,0.08026793,0.16988733,-0.18203141,0.16344729,0.1942091,0.072379515,0.28118426,-0.08295375,-0.3425073,0.25354084,-0.36579353,0.007882012,-0.2827775,-0.101996556,0.107149586,0.4701534,-0.21218386,0.39247575,0.34908256,-0.004235542,0.0013502955,0.037011944,0.35920545,-0.041843675,0.21570238,-0.05460026,-0.3037836,-0.27555248,0.28073183,0.28388897,-0.041329365,0.13603702,-0.30882782,-0.1699501,0.050808214,0.08184163,-0.1816694,0.30882552,-0.090968564,0.116379656,0.018303065,-0.20024523,0.08556856,0.18302554,0.13709608,-0.07684359,0.19275972,-0.119786344,0.25109124,-0.2878975,-0.024857126,0.0952396,-4.3227677,0.062634885,0.11056383,0.3033535,-0.04612102,0.18029109,-0.30402598,0.25547534,0.3800281,0.04420063,-0.33330855,-0.013646683,0.03357363,-0.19194879,-0.09203369,0.023471465,-0.15980884,0.2119348,-0.17618862,0.24160972,0.1643004,-0.27528,0.10867169,-0.16159518,0.13118848,-0.020380666,-0.01954567,0.5026965,0.41934738,0.15784046,0.06676744,-0.12510769,-0.28387707,-0.08919826,-0.23960073,0.052119195,-0.29396456,0.2732401,0.5492679,-0.26477858,-0.34454757,0.02621013,0.12226709,0.3893736,-0.0019700318,0.075057305,0.08674494,-0.40539622,0.22236025,0.05437267,0.008738975,-0.13568631,0.1595162,0.070530385,0.095494136,0.10729514,0.2779964,0.0028831705,-0.007139623,0.11602765,-0.29697886,-0.24408913,0.04264481,0.4724186,-0.19187632,-0.076403275,0.42965618,0.09220805,0.110161826,0.0646891,-0.08400835,0.15919404,-0.10774686,-0.086331405,0.09640983,-0.24681577,-0.25670055,-0.103983894,0.19316846,-0.50905746,-0.33629668,0.23670535,0.32560474,0.22060558,0.13880622,-0.26398352,-0.057922862,0.16359481,-0.29665074,0.28756005,-0.032908134,0.049708366,-0.10432111,0.20079713,-0.15353842,0.2715588,-0.33569816,-0.14987712,0.32112798,0.09562598,-0.3282416,0.38521188,0.038227297,-0.05971567,-0.032953814,0.10113146,0.10952171,-0.058666967,0.2069912,0.3389301,0.6204781,-0.4020422,0.19500533,0.1500216,-0.30757383,-0.044001438,-0.10355552,-0.46798223,0.36626017,-0.42985162,-0.06653839,0.18561867,-0.023578387,0.20080276,-0.337337,0.1309199,-0.18453762,-0.05685111,-0.43035477,0.031300128,-0.59262717,0.29892853,-0.297161,0.08225404,-0.04563713,0.345944,-0.16062593,0.8581416,-0.26356617,-0.031253733,-0.100593016,0.05232819,-0.15937907,-0.30977005,0.0019553127,-0.72978914,0.1476981,-0.104562365,0.06766229,-0.004096031,0.33478543,0.053531468,0.080532625,-0.3322962,0.1350071,-0.23740637,0.17957745,-0.16753389,-0.28530258,0.14429356,-0.15639396,-0.1778798,0.48072726,-0.098677576,-0.17141593,0.20198178,-0.015897753,0.20125234,-0.11605315,-0.03255668,0.32746607,0.46925753,0.15639326,0.025606597,0.1593827,-0.223824,0.07128012,0.071148396,-0.06291586,-0.1430649,0.12494533,-0.00093319715,-0.25013694,-0.13175678,0.32940465,0.27427,0.12011826,-0.13791005,-0.2752328,-0.18706147,-0.21270148,-0.205508,-0.39260206,-0.17497039,0.26085967,-0.17970459,0.37356678,-0.18382612,-0.10426698,-0.57230127,-0.11653469,0.027602712,0.11157318,-0.1482112,0.03232614,0.08808598,0.3857022,-0.23619302,0.23829074,0.110310175,-0.27806136,0.11753325,0.08557605,-0.13088468,0.28933,-0.21294463,0.51305306,-0.0011106491,-0.120800756,-0.09156587,-0.33859912,-0.39034626,-0.16472755,0.016971748,-0.35807422,0.05836614,-0.12867472,-0.21331052,-0.21844332,-0.27228004,0.14041269,-0.01770172,0.23240232,-0.39627105,0.30648845,-0.3770153,-0.07155155,0.4135738,-0.13999942,-0.06774802,-0.18797617,0.49274054,0.13764304,-0.058482938,-0.07999949,-0.21638349,-0.09024237,-0.082410045,0.35347214,0.13947658,-0.06371032,0.10849068,-0.23897961,0.07119024,0.13514729,0.1787611,0.052933723,0.15114324
FLGALFKVASKVL,-0.060141373,0.13930716,0.2561067,0.12572378,-0.0084594395,-0.13747057,-0.17391282,-0.066202715,-0.08118186,0.06066173,0.11895899,0.07460063,-0.014694499,-0.105989076,-0.06120689,0.019731874,-0.02076962,0.034913424,0.054284327,-0.067311265,-0.3289779,0.035819903,0.097786665,-0.19234605,-0.06270412,0.39547807,0.12927546,0.19072406,0.2536429,0.17059132,-0.3572551,-0.22887717,-0.10900317,0.13830347,0.01007931,-0.30636883,0.14744082,-0.0026394348,0.29457504,0.2008507,-0.16662727,0.2163121,-0.17023869,-0.1960015,0.36652,0.18012096,-0.44062164,0.35848695,-0.15068491,-0.26983026,0.14714606,-0.18185908,0.17915273,0.1686819,-0.082931966,0.030552322,0.056614,-0.009043436,0.11178379,-0.08872611,-0.13404427,0.05645515,-4.968549,-0.08182084,0.02098806,0.051745057,-0.1629781,0.3509676,-0.025011035,-0.0510928,0.120052926,0.1881003,-0.20425247,0.15530773,0.15010227,-0.15542348,-0.05355748,-0.26015303,0.011303818,0.42620578,-0.014080944,0.037689347,0.20771824,-0.09531908,-0.16653831,-0.06445454,-0.04925139,-0.16945705,0.10214657,0.13960995,0.02066018,-0.043265592,0.030932035,0.006097877,0.11248156,0.040213544,-0.04643392,0.073245175,0.07267225,-0.114270315,0.16657501,-0.07464745,-0.26222298,-0.19269939,0.08560772,0.42452267,0.13264464,-0.11024818,-0.06386431,-0.0971148,0.17211607,0.30816883,0.09884838,0.12270568,0.013028544,0.06639567,0.04434967,0.054578796,-0.12619868,0.0020477793,-0.06754054,-0.08052557,-0.1623862,-0.0943072,-0.08343819,0.20498578,-0.079502374,0.08398421,0.19253936,0.04421679,0.06175283,-0.05548093,0.08374185,0.045810066,0.059026483,-0.008189642,0.010543703,-0.21698877,-0.2297282,-0.11063143,0.0154808415,-0.095632315,-0.2514374,-0.06679072,0.051383726,-0.0768356,0.16573013,-0.08470319,-0.22559218,-0.04926991,-0.17662102,0.01274834,0.020754771,-0.02560881,0.07139725,-0.00068771245,0.02190078,0.077600464,-0.08140589,0.29715428,0.056319617,0.011481079,-0.13984576,-0.07622852,-0.015649343,-0.09684423,0.17178915,-0.09856745,0.122308716,0.056344,0.2154031,0.29567492,0.12495001,-0.09074005,0.025476364,-0.04044106,0.09173128,0.012360592,-0.11278301,-0.2440192,0.15558821,-0.2917998,-0.01527202,0.26316944,-0.13018365,0.10847881,-0.05937945,0.068347976,-0.080527134,-0.32843664,-0.3726416,0.29411063,0.1484948,0.18035151,-0.14023475,0.34053925,-0.10809799,0.26216394,0.022795271,0.38976443,-0.08925504,0.2553037,0.43977576,0.3333444,-0.042471543,0.057997305,-0.09505081,-0.2620176,-0.23318397,0.082688205,-0.1926752,-0.0697233,0.33214137,0.034036715,-0.14584221,-0.25873113,0.006612176,-0.02499652,0.15178865,-0.28231815,-0.27432328,0.09234915,0.18166439,0.00090617937,0.1689154,-0.06836581,-0.33707303,0.09421241,0.032163817,0.011484941,-0.019810209,0.030053526,0.4107848,0.03389367,0.18250754,-0.10437042,0.18331026,-0.17362165,0.27123126,-0.079865105,0.037915718,0.002796801,0.07996058,0.068307534,-0.22165254,-0.22166301,0.13359933,0.15890878,0.12980986,0.06680407,-0.23577812,-0.035646856,-0.10553314,-0.25319618,-0.42605767,-0.16150044,-0.20829438,0.011692018,0.33927527,-0.06456459,-0.122194484,-0.1363805,-0.003363371,-0.12008227,0.13253118,-0.13492101,0.032517683,-0.15944262,0.28300038,0.02733919,-0.059543446,0.30795538,-0.08543477,0.21880426,0.18783818,0.019464288,0.014668789,0.12954415,0.078312404,-0.009865035,0.07844266,-0.25376388,-0.00029384744,-0.2338345,0.05147205,0.18721488,-0.34776852,-0.00041006703,-0.029418198,-0.12045498,-0.13162668,-0.14608859,0.23003104,0.2165648,0.012011395,-0.22771056,-0.02873037,-0.26278365,-0.15894441,0.34428194,-0.10120194,-0.16398478,-0.13089935,0.3195626,-0.004438249,-0.1648633,0.024158716,-0.18121597,-0.23238167,0.10650644,0.14112523,0.19290109,0.031137045,0.012754527,-0.065546386,-0.04568251,0.14891043,0.3424174,0.052418463,0.18763162
GALFKVASKVL,0.021876037,0.079385795,0.29423597,0.09388386,-0.027065597,-0.10461215,-0.16873097,-0.05436557,-0.15586074,0.02905238,0.10618218,0.09161811,-0.100359194,-0.06048242,-0.17561069,0.08818955,-0.008572895,0.0475618,0.123564795,-0.06050374,-0.38114107,-0.03759078,0.005820969,-0.18130541,-0.05633696,0.44674346,0.20053817,0.23939773,0.1379284,0.13119699,-0.30805296,-0.18785827,-0.16011262,-0.01606558,-0.017713448,-0.38626525,0.19351909,0.012799839,0.36054406,0.15471554,-0.11932173,0.22908565,-0.093044795,-0.22336483,0.2905056,0.23281537,-0.5615483,0.27475813,-0.18275931,-0.21377245,0.10401627,-0.08543701,0.19875707,0.10976487,-0.1183224,0.039092068,0.05670733,0.010882697,0.11159167,-0.05665588,-0.07709641,-0.027112743,-4.9916415,-0.15016016,-0.04707509,-0.012458865,-0.20560995,0.33365852,-0.014611355,-0.021538408,0.0693098,0.18201317,-0.17462727,0.19287603,0.15543954,-0.05095403,-0.1018806,-0.31932032,-0.02056137,0.44100824,0.06727934,0.016925106,0.19755411,0.011275117,-0.1562089,-0.17772728,0.04862817,-0.12808548,0.1681618,0.10095497,-0.019831093,-0.083315745,-0.0014229692,0.044998605,0.08178787,0.046492193,-0.02485576,0.07508847,0.0150889745,-0.12463379,0.11712837,-0.020155463,-0.16294104,-0.102635056,0.07437061,0.5128592,0.034992687,-0.103349194,-0.08572463,-0.11037493,0.060753293,0.30819327,0.103793904,0.17532644,0.014625302,0.11600529,-0.010900721,0.028740155,-0.18148765,-0.04558505,-0.08476092,-0.122452535,-0.14518833,-0.07006006,-0.109289795,0.09482443,-0.12520209,0.10009182,0.1903229,0.10159598,0.047238607,-0.03574801,0.07723888,0.097061604,0.08349291,0.024102418,0.07713083,-0.27589604,-0.11649207,-0.103739366,-0.04571149,-0.076746844,-0.35671636,-0.04533762,0.048165735,-0.103191264,0.12861928,-0.107734665,-0.2440296,0.019117692,-0.1349875,-0.00414395,0.06697806,0.0070486343,0.039401624,-0.114290185,0.009968709,0.13222872,-0.034412347,0.3283853,0.054130252,0.0036959304,-0.1228962,-0.11340331,-0.052664217,-0.080985785,0.12000651,-0.04453707,0.100404255,0.024423113,0.2076337,0.2728184,0.04578696,-0.025493503,-0.01826318,-0.0409707,0.18712014,0.0478197,-0.12301774,-0.21404634,0.13010496,-0.27421114,-0.0065642423,0.14965692,-0.10236455,0.14143085,-0.0588777,0.10938771,-0.11513249,-0.303122,-0.28380328,0.25387737,0.29822725,0.19886054,-0.130541,0.2995566,0.025147678,0.22785448,0.01036254,0.36419466,-0.068543784,0.25239423,0.3580414,0.39825332,-0.020422896,0.05959554,-0.10756632,-0.21305163,-0.2312882,0.09230085,-0.10613665,-0.1341823,0.24929585,0.12216889,-0.11383137,-0.12365241,-0.08028964,-0.039370693,0.13725723,-0.22935416,-0.27512097,0.105466194,0.23824677,0.04139215,0.15799507,-0.038740497,-0.29631597,0.12729256,0.026571544,0.044743903,0.034283534,-0.06104877,0.36823684,0.044964883,0.18409385,-0.04222971,0.26718622,-0.22779375,0.25010785,-0.07424807,0.043723665,0.009070217,0.0044970457,0.0566865,-0.21215013,-0.23521921,0.16761288,0.11254453,0.13244468,0.12362444,-0.19599757,0.062055703,-0.06102473,-0.18414545,-0.44769615,-0.10604279,-0.25241762,0.004549493,0.32798675,-0.2320109,-0.041058484,-0.118834615,0.0055177948,-0.07020946,0.097052105,-0.21527338,0.06650178,-0.12537824,0.2578988,-0.028739594,-0.0447401,0.25547692,-0.013246523,0.21548513,0.13942453,-0.016248772,0.0010378815,0.19671617,0.05795381,0.09610348,0.073980585,-0.24824913,-0.0031842967,-0.14363061,0.05094487,0.21484056,-0.25766096,0.03529649,-0.13797003,-0.15480188,-0.17043963,-0.122889005,0.27257362,0.24671945,0.042636458,-0.19747184,-0.0015470362,-0.2097223,-0.29706895,0.3638811,-0.062436912,-0.1317738,-0.19507548,0.31676933,-0.023624005,-0.17849095,-0.02509092,-0.2843045,-0.21240741,0.10091149,0.08754007,0.16697742,0.042571835,-0.02267912,-0.022693519,-0.04008207,0.08736061,0.2851122,0.06249491,0.12482429
FLKALFKVASKVL,-0.111052655,-0.025597366,0.26598728,0.20968026,-0.030140491,-0.12812862,-0.19885278,-0.060844615,-0.14344129,-0.025556782,0.05172374,0.108642,-0.018003456,-0.0131526375,-0.17318688,0.023216303,-0.0008238077,0.003820254,0.033919867,-0.079688236,-0.32867184,0.056090157,0.06995417,-0.107893676,-0.035619583,0.48850775,0.12255107,0.18370019,0.21979019,0.0851688,-0.20511518,-0.13380758,-0.0063164034,0.07527013,0.14009558,-0.4249878,0.17400074,-0.11584027,0.324948,0.20082451,-0.16905467,0.22921614,-0.09986596,-0.12723257,0.17948712,0.22228456,-0.5907416,0.3402747,-0.16197157,-0.23943034,0.1550017,-0.19872284,0.15722296,0.15206537,-0.12269943,0.035486784,0.06286755,-0.024431892,0.12577954,-0.17799474,-0.022782536,0.025795756,-5.018922,-0.030284338,-0.03512416,0.084119014,-0.2081552,0.21568516,-0.13459443,0.052429542,0.113640346,0.14829785,-0.24132474,0.20702873,0.103941076,-0.112120904,-0.07119368,-0.28873396,0.037792258,0.44181585,-0.0008143051,0.09801371,0.24272408,-0.0320188,-0.13925438,-0.11452618,-0.05600156,-0.14190151,0.122115694,0.12297412,0.04552534,-0.03490309,0.004582234,-0.025262477,-0.060158666,0.11444469,-0.07607552,0.12329595,-0.0051358244,-0.14952855,0.058054507,-0.06246284,-0.19677144,-0.15293112,0.16329195,0.41975006,0.10083976,-0.07532886,0.060641635,-0.11927965,0.08521427,0.30114728,0.08757032,0.06203794,0.11533699,0.15591422,-0.052351616,0.042848367,-0.12821808,0.00792986,-0.09252165,-0.09895019,-0.18549688,-0.22245,-0.04298671,0.13655567,-0.057576206,0.0465865,0.16148476,0.031322185,0.04577495,0.006676082,0.2151985,0.095066674,0.00012261221,-0.006159218,0.04501218,-0.15237792,-0.21062644,-0.1894667,0.13605641,-0.12964441,-0.2992621,-0.08350687,0.039858688,-0.019281426,0.13481934,-0.13563445,-0.25866756,0.010195734,-0.18384793,-0.0027312427,0.034824613,-0.030218776,0.07862369,-0.08391061,0.0052028694,0.07715228,-0.027385138,0.2662378,0.09037731,0.00038863422,-0.13623413,-0.01882542,0.015734535,-0.13624308,0.09307154,-0.0911972,0.11620697,0.06409475,0.22521797,0.31277654,0.12987679,-0.0983653,0.033628725,0.064364836,0.14087291,-0.028308952,-0.18605152,-0.22816889,0.16664654,-0.42404187,0.019586725,0.1713792,-0.10937057,0.10236921,-0.20035417,0.16766204,-0.14349814,-0.2841253,-0.35585502,0.20478983,0.25129968,0.1946314,-0.063158505,0.25363863,-0.009782139,0.20376673,-0.035749562,0.50103414,-0.08799492,0.15890588,0.35032395,0.27499992,0.03920408,-0.024822226,-0.100041755,-0.42169037,-0.1338305,0.066417076,-0.07118218,-0.106236115,0.31123298,0.119832866,-0.16996522,-0.086152986,0.015629193,0.0053528845,0.06993566,-0.23360592,-0.309883,-0.011708655,0.23567891,-0.028185029,0.17956218,-0.051436763,-0.14675972,0.13359098,0.0036458995,0.085321926,0.004548768,0.025472106,0.3704185,0.043189116,0.2301213,0.023992335,0.2594926,-0.24530658,0.18297035,-0.07162638,-0.026748085,-0.07001819,-0.04975043,0.10108996,-0.21187916,-0.15210775,0.2212302,0.20133312,0.15757647,0.108812116,-0.22148757,0.010586367,-0.15323283,-0.25251135,-0.38680655,-0.13511086,-0.14416403,0.035441708,0.35919222,-0.21195258,-0.08950267,-0.1480843,-0.0016508817,-0.05269699,0.11048673,-0.1406865,0.022365313,-0.119427174,0.25443378,-0.032251306,-0.03749176,0.26029265,0.0057033165,0.21929242,0.10551915,0.032734208,0.033090558,0.10963921,0.17872916,0.1141573,-0.014817343,-0.20177442,-0.037482664,-0.19822596,0.056255452,0.16575426,-0.38934645,0.07783639,0.007828172,-0.17725277,-0.17694995,-0.16395101,0.3352796,0.17924203,-0.026526006,-0.2716142,0.058612235,-0.1868542,-0.2880519,0.3054099,-0.07434736,-0.22504288,-0.2529484,0.35689506,-0.011142879,-0.048781138,-0.12741143,-0.18753056,-0.20409591,0.18934523,0.1855997,0.10617455,0.0923257,0.03766169,-0.028395874,0.055349767,0.19078617,0.289967,0.10040581,0.2238562
FLKALFKVALKVL,-0.14214835,0.009641339,0.30856484,0.31056175,-0.06416301,-0.14106283,-0.23293716,-0.051665626,-0.093582794,-0.035494756,0.015094078,0.03220369,-0.024415534,-0.03321444,-0.10049935,0.01736932,-0.069268584,-0.045729417,-0.033944335,-0.041367248,-0.32087046,0.020599667,0.0741837,-0.08074997,-0.058908183,0.4889498,0.13664529,0.15418305,0.29414746,0.12569444,-0.18349235,-0.16973047,0.065288804,0.16824268,0.15563193,-0.38138738,0.13481836,-0.14494681,0.27582625,0.210115,-0.16447884,0.2837267,-0.10698383,-0.157196,0.2076119,0.18590139,-0.44200897,0.40857908,-0.20456335,-0.28951693,0.15156716,-0.30424544,0.06329026,0.23065853,-0.089447215,0.08125758,0.05466246,-0.070587344,0.15063635,-0.20719247,-0.005007138,0.033623897,-4.907389,0.059741937,-0.04351786,0.09688798,-0.22103874,0.21460475,-0.17744908,0.01979686,0.20065045,0.12936641,-0.2579512,0.23276982,0.10737992,-0.15975362,-0.13454697,-0.29997006,0.06659329,0.420637,-0.0442734,0.07833236,0.2302506,-0.097633325,-0.1542267,-0.09956686,-0.10293642,-0.18677333,0.09579759,0.12675944,0.065605596,0.02321046,-0.030571101,-0.08919061,-0.029621797,0.11503851,-0.050175592,0.13617407,-0.0014310082,-0.10004825,0.05646268,-0.14991711,-0.28880158,-0.1965339,0.2065217,0.42784932,0.11317618,-0.11704979,0.12630524,-0.10220548,0.10358073,0.32120022,0.07462647,0.02802438,0.15775186,0.13938254,-0.032856464,0.041781627,-0.07893023,0.052274417,-0.07951899,-0.09420065,-0.2041675,-0.20807452,-0.07633099,0.2049401,-0.017180674,0.0518883,0.22349647,0.034641124,0.08782006,0.024387363,0.17238598,0.12805659,-0.08168337,-0.025037305,0.023449572,-0.18948556,-0.21052006,-0.22312136,0.16372834,-0.21388644,-0.27847487,-0.13625632,0.045226082,-0.017021736,0.16309707,-0.17647836,-0.2706948,0.017887328,-0.22367975,0.021010075,0.008665592,-0.026345436,0.12136269,-0.035930865,0.014271077,0.057160083,-0.0108606955,0.25215754,0.08265385,-0.0054214676,-0.17908202,0.07778033,-0.0060532033,-0.097787194,0.13024624,-0.08081606,0.13960172,0.030319603,0.3059568,0.3529538,0.17848912,-0.12258874,0.059506275,0.098370045,0.12246466,-0.016719619,-0.259346,-0.1863345,0.21475306,-0.43632847,0.048067845,0.19752115,-0.10399608,0.024839468,-0.23199423,0.12912346,-0.13470756,-0.31268877,-0.39261475,0.19673254,0.10338486,0.16119395,-0.09599928,0.27252036,-0.046217877,0.16995738,-0.09628923,0.5889688,-0.099050924,0.109784335,0.3883197,0.20577231,0.07882862,-0.008006326,-0.0918767,-0.40265232,-0.11240843,0.08865174,-0.08686136,-0.09964267,0.44498244,0.06922919,-0.18035387,-0.110950604,0.025768744,0.0324855,0.108305626,-0.19105674,-0.27605036,-0.0038742593,0.20593593,-0.030175608,0.2218507,-0.008750747,-0.16931628,0.12324298,0.04064441,0.0687677,0.015390647,0.05675219,0.39668214,0.015832206,0.1722502,-0.045732785,0.2593287,-0.21913072,0.16617407,-0.12433889,0.04450281,-0.075118676,-0.02127591,0.09545839,-0.22786134,-0.19890676,0.1871574,0.17687598,0.18095428,0.092404574,-0.27576548,-0.037503384,-0.15139863,-0.22438489,-0.41812846,-0.13966624,-0.10600876,0.048028104,0.30513057,-0.1456526,-0.13127843,-0.23101221,-0.03216761,-0.091182195,0.124564394,-0.11237736,0.037662577,-0.09865271,0.26989356,-0.1411239,-0.0045572715,0.25075024,0.020949095,0.23549888,0.10586085,0.023967715,0.061831154,0.137701,0.21692385,0.11184429,0.006887577,-0.24315222,-0.06609384,-0.28837603,0.043909963,0.14807397,-0.45325842,0.07638096,0.06787741,-0.19348288,-0.16252461,-0.16489126,0.36973956,0.1775125,-0.034803074,-0.30835086,0.060429763,-0.23287305,-0.18550411,0.29143417,-0.078986734,-0.28100294,-0.26000997,0.35955417,0.024732161,-0.006778526,-0.088491425,-0.14691861,-0.21149632,0.23778361,0.21641654,0.17824425,0.04814023,0.041076373,-0.022670317,0.0467117,0.21419853,0.2902387,0.05977772,0.29377493
WLGALFKVASKVL,-0.08693818,0.16336384,0.3027741,0.12118325,-0.0026679477,-0.16490014,-0.15845588,-0.076409385,-0.088589564,0.018644243,0.09515793,0.015119756,-0.005314231,-0.061851617,0.02031787,0.01780925,-0.045327507,0.08210555,0.019275146,-0.065530315,-0.30459538,0.030507842,0.05509607,-0.19399264,-0.060174767,0.41683272,0.1492612,0.14831057,0.19973582,0.17270647,-0.3934499,-0.30677554,-0.11199452,0.114163354,-0.028763466,-0.24520907,0.10284517,0.005437901,0.25904408,0.19122912,-0.14889987,0.21849613,-0.13739237,-0.19076261,0.37469676,0.07728998,-0.33566263,0.36607546,-0.16066895,-0.24624313,0.08239876,-0.15976895,0.12282695,0.15581653,-0.009233059,-0.027056197,0.12891288,-0.021051334,0.11196839,-0.0105636725,-0.11701416,0.050840493,-4.9513245,-0.10459538,0.014277064,0.022344895,-0.15872326,0.40532696,-0.0020388425,-0.07440049,0.120959714,0.17820145,-0.1100468,0.13744144,0.12336149,-0.14700021,-0.032127175,-0.2765105,-0.015810268,0.40749657,0.075349875,0.028016424,0.1859671,-0.0036504953,-0.16799122,-0.034376748,-0.052501395,-0.16061398,0.08921857,0.15969868,-0.029614856,0.018304795,-0.004136757,0.039051726,0.13128029,-0.015146141,-0.052896895,0.10523445,0.018501902,-0.060718138,0.1591546,-0.046100248,-0.26406777,-0.1612218,0.031910762,0.4267345,0.09488098,-0.1115166,-0.06684623,-0.1313434,0.19673856,0.3316734,0.14392458,0.15718219,-0.020550063,-0.024229376,0.08846835,-0.05192281,-0.11780967,-0.008237289,-0.12586597,-0.13236074,-0.1545213,0.0001886189,-0.047348976,0.26669767,-0.07910845,0.078043155,0.28268942,0.06978623,0.06892388,-0.08108449,0.06615742,0.024445808,0.051874615,-0.08987144,0.0111788595,-0.18942681,-0.23885006,-0.10012381,-0.06930555,-0.08832156,-0.22951421,-0.09238933,0.06859109,-0.054220732,0.16752031,-0.16542032,-0.14310557,0.0339541,-0.19117974,0.049461436,0.0007511874,-0.058905065,0.12677653,0.06996354,0.009846093,0.15636413,-0.12423474,0.2613785,0.05890178,0.057222646,-0.12034672,-0.026908347,-0.024695864,-0.11815988,0.18774247,-0.06915679,0.08966016,0.11302329,0.19605157,0.30126137,0.16277221,-0.09904413,0.042306833,0.02344554,0.041001484,-0.003131465,-0.10933641,-0.204244,0.17592032,-0.24137403,-0.0042206137,0.30111563,-0.16615616,0.15777223,-0.019167094,0.021376586,-0.033004947,-0.34738892,-0.37439573,0.23282342,0.16615061,0.15184794,-0.16469222,0.29230192,-0.167945,0.27479813,0.084007315,0.37778342,-0.120333835,0.21601394,0.40342146,0.34126833,0.02064107,0.028924732,-0.123185165,-0.06509218,-0.21732725,0.09172308,-0.247037,-0.10155866,0.37903726,0.012757378,-0.1135898,-0.27571386,0.017200885,-0.044915047,0.15899536,-0.34391275,-0.25602004,0.061304737,0.100201346,0.043536972,0.1787517,-0.03090836,-0.3572791,0.056950785,0.0812262,0.055501062,-0.002929449,0.0178244,0.33077717,-0.026113689,0.15763171,-0.10550891,0.1427914,-0.16325124,0.24651448,-0.05013347,0.08283439,-0.01385808,0.111749314,0.06369087,-0.20006129,-0.22805731,0.07501301,0.122477315,0.11255322,0.051670305,-0.25834957,0.028950406,-0.09645368,-0.21490198,-0.36524358,-0.13706313,-0.1732077,0.050192453,0.3102,-0.08004566,-0.12650354,-0.18358417,-0.012234656,-0.12671158,0.11960593,-0.08723214,0.050918724,-0.1290346,0.25780427,-0.017444868,-0.07339254,0.30496183,-0.12301116,0.18001892,0.15932609,0.012433694,-0.014477985,0.10811678,0.06742535,-0.06608137,0.10804642,-0.29558337,-0.02374313,-0.26524797,0.09565218,0.27956054,-0.32752475,-0.042800717,-0.058303952,-0.06743728,-0.100334495,-0.12725978,0.29466563,0.16917796,-0.0028588295,-0.22960226,-0.022009073,-0.3034748,-0.09371808,0.3136103,-0.024856843,-0.1771548,-0.13300388,0.24543361,0.08826935,-0.24681763,0.06730963,-0.14629437,-0.2201,0.045756884,0.025911788,0.18725008,-0.05087253,-0.021967193,-0.02017011,-0.0817636,0.13928185,0.29965326,0.0066493195,0.18907686
WLGALFKVASK,-0.032875303,-0.019775053,0.20834294,0.09087673,-0.009970596,-0.17106614,-0.1987879,-0.06473995,-0.11391493,-0.01131466,0.09765378,0.13310431,0.052076258,-0.04320649,-0.10675467,0.11256765,0.08533848,0.03191829,0.13557616,-0.12336658,-0.3345175,0.075277135,-0.0099139055,-0.077843904,-0.103063814,0.38508385,0.15958986,0.16941401,0.15508388,0.04275131,-0.38207084,-0.22733706,-0.086447425,-0.05636259,-0.013421953,-0.36305097,0.10567148,0.013390862,0.34269544,0.22187354,-0.0962836,0.19540197,-0.11023026,-0.15029822,0.25242198,0.09382514,-0.6337815,0.33985245,-0.15542272,-0.18334112,0.052399095,-0.08988572,0.19533613,0.103160754,-0.094834775,0.0069291373,0.12149864,0.0032808804,0.12104091,-0.030565806,-0.14375807,0.08052472,-5.06964,-0.114978604,0.015327124,-0.016989335,-0.15967625,0.31976864,-0.06450783,0.012048983,0.026335998,0.08423304,-0.20545486,0.11334108,0.120650105,-0.040336892,0.028342929,-0.19223736,-0.030889593,0.37654543,0.0959872,-0.023227053,0.12465345,0.009045101,-0.1816786,-0.071437456,0.011215125,-0.015760949,0.11134958,0.14372975,-0.019048916,0.032019194,0.01416315,0.05930171,0.053990774,0.0070068147,-0.1059483,0.2036225,0.057662312,-0.17214067,0.071054325,0.008083458,-0.24972813,-0.10225459,0.0054104403,0.43747112,0.06833517,-0.011620063,0.008425005,-0.11914567,0.14095892,0.41613218,0.20896293,0.180226,0.08652066,0.047699377,0.013653596,-0.046641294,-0.21789525,0.013453572,-0.14972506,-0.07113499,-0.11805347,0.041640595,-0.020557702,0.057995632,-0.055957064,0.022047708,0.21353208,0.023793198,0.09487024,-0.07982402,0.11835678,0.016562909,0.09089278,0.028173773,0.026154967,-0.22103295,-0.18663293,-0.056877192,0.11522278,-0.06497837,-0.23693727,-0.08756093,0.08227009,-0.06816423,0.11920549,-0.20980103,-0.1787835,0.040812816,-0.20148817,-0.007506154,0.07141362,-0.109158315,0.13840267,-0.1024746,-0.04858146,0.17180997,-0.012348603,0.2938363,0.13014588,0.0011448613,-0.08812196,-0.06320135,-0.031831495,-0.08727742,0.052964654,-0.06921596,0.065940365,0.13171665,0.12660111,0.3176184,0.056578662,-0.10105744,0.019926306,0.034681205,0.11076477,0.02201997,-0.051227108,-0.20535715,0.105871364,-0.31497335,0.0016423429,0.107920304,-0.084983364,0.15241633,-0.13047256,0.12617484,-0.13467154,-0.2723609,-0.32483327,0.19098553,0.28717244,0.2444078,-0.06015519,0.20058285,-0.13114524,0.1907276,0.077560544,0.3212741,-0.12009773,0.24534176,0.31113088,0.37641743,0.015872713,-0.050426804,-0.09635523,-0.17003635,-0.20975289,0.13057432,-0.105768,-0.10695137,0.24893625,0.12722588,-0.08585116,-0.13434547,-0.048892956,-0.059511885,0.10408819,-0.31949455,-0.20565942,-0.0050816135,0.1603497,0.0033148343,0.15953001,-0.056238536,-0.22457132,0.07767128,0.060679715,0.08490158,-0.006444335,-0.035160042,0.3483882,-0.02496676,0.19368984,-0.007651787,0.21016726,-0.2387633,0.18815914,0.0594815,0.051379062,-0.005451906,0.033544943,0.088300034,-0.1723628,-0.24483374,0.14758387,0.18479112,0.12963745,0.13936561,-0.16285188,0.032626525,-0.08750372,-0.25905302,-0.34658483,-0.1190397,-0.1794448,-0.058246613,0.30881932,-0.22062019,-0.069609754,-0.16651677,0.015687991,-0.0085085165,0.078412525,-0.10041373,0.02492695,-0.092314035,0.23356022,0.028975202,-0.0580096,0.33695605,-0.0007134309,0.17596091,0.08143579,-0.03594512,-0.0048832837,0.17950596,0.10113207,0.084766276,0.07200457,-0.2559896,-0.05482669,-0.14569484,0.07610815,0.18462372,-0.22558641,0.041640244,-0.08283449,-0.16904977,-0.078913465,-0.10391111,0.3343982,0.15094392,0.0052409195,-0.19738668,-0.015581773,-0.27280048,-0.22661318,0.35158575,0.0068765776,-0.19457592,-0.16833557,0.2831135,-0.014760671,-0.24450883,0.034793742,-0.16408625,-0.19399641,0.035602245,-0.023351252,0.0856144,0.017724814,0.008354742,-0.0009161119,-0.009552477,0.06481493,0.27323657,0.023571244,0.0826405
FLGALWKVASK,-0.02144536,-0.013473063,0.22219795,0.13425311,-0.012703847,-0.16848238,-0.1990619,-0.09129222,-0.15469684,-0.04013999,0.07623073,0.17609657,0.029048814,-0.031038988,-0.18013236,0.11102367,0.10944299,0.041256785,0.1477522,-0.13340747,-0.36781666,0.036355697,-0.05071424,-0.047618236,-0.07764195,0.4153214,0.14135851,0.15926917,0.171675,0.055227175,-0.29185253,-0.19316581,-0.05548592,-0.097372055,0.074644394,-0.40584314,0.12330794,-0.051497653,0.35937133,0.20046535,-0.09833498,0.20632896,-0.06188888,-0.10241787,0.14546031,0.1188667,-0.7454984,0.28980252,-0.16741416,-0.18820116,0.0737743,-0.0770129,0.18184024,0.12113789,-0.13636357,0.008039471,0.117761,0.028688041,0.13787276,-0.120268814,-0.09777046,0.039335594,-5.0998735,-0.07255806,0.028238984,-0.03681185,-0.15548207,0.25089744,-0.08074058,0.072648264,-0.052437402,0.070048265,-0.20409368,0.124771826,0.112169154,-0.0019638746,0.008888454,-0.17301069,0.031512883,0.36181852,0.12617114,-0.04611704,0.12312441,0.068399005,-0.119345054,-0.0912881,0.030836064,-0.0064450493,0.1110686,0.12013805,-0.0013665984,-0.005636161,0.024110783,0.05225343,-0.0030362378,0.054539505,-0.102934,0.18186879,0.060473092,-0.18419848,0.030466147,0.030823257,-0.20779204,-0.084633656,0.053176977,0.44556162,0.09033474,-0.039225288,0.021310098,-0.11696028,0.0822897,0.35655138,0.19522287,0.11572425,0.09093876,0.102416724,-0.033302765,-0.070444666,-0.24657995,0.017429523,-0.12380021,-0.07392442,-0.09635641,-0.009008921,-0.029392343,0.014634176,-0.074453935,0.045570012,0.08075797,0.017295782,0.054605823,-0.080203265,0.17557494,0.06262601,0.07458208,0.036992867,0.046244804,-0.19840387,-0.18182085,-0.07869603,0.13316807,-0.07055636,-0.2361695,-0.08554288,0.027075337,-0.05170659,0.11900589,-0.15394583,-0.20234743,0.039376915,-0.20628618,-0.0038998523,0.05235131,-0.13629223,0.10235366,-0.15727751,-0.025881227,0.13365677,0.013781665,0.30586386,0.105188884,-0.040094376,-0.05052451,-0.079397716,-0.025681846,-0.085880645,0.016643284,-0.06433381,0.04051568,0.10670522,0.15257598,0.31193325,0.043908175,-0.08528867,0.009654357,0.055052135,0.16645311,-0.0068346355,-0.09047724,-0.16289099,0.12648296,-0.35342568,0.018681116,0.075112805,-0.07117399,0.15005456,-0.18801989,0.16005622,-0.14813755,-0.20125392,-0.27359134,0.18487471,0.33733383,0.2278383,-0.015059579,0.17990531,-0.050305065,0.16810885,0.056033473,0.35587534,-0.08224086,0.2556422,0.29338095,0.3449538,0.005499973,-0.041179594,-0.08664314,-0.22289804,-0.1447767,0.11905478,-0.060545206,-0.1033212,0.18166941,0.17418088,-0.08762752,-0.061916623,-0.07004346,-0.008374881,0.07254677,-0.28968778,-0.21514201,-0.03186219,0.20438983,-0.014111716,0.13932075,-0.022411339,-0.16167985,0.08456001,0.01947523,0.08137279,-0.0044340766,-0.06886659,0.36109713,0.020288171,0.19651832,0.020246264,0.24695566,-0.27901655,0.16888782,0.013560231,0.024306076,-0.063825585,-0.006744609,0.10157159,-0.19010511,-0.22955427,0.20165896,0.1617677,0.18845919,0.14961174,-0.16151327,-0.008175451,-0.09937661,-0.27227458,-0.3659595,-0.13534476,-0.17093173,-0.050165236,0.28629234,-0.26523134,-0.045109436,-0.11541715,0.052953728,0.024022222,0.048008107,-0.1344042,0.041375313,-0.13721779,0.18697892,-0.032404933,-0.03207356,0.2898082,0.04024501,0.20587887,0.09021989,-0.018674951,0.009582581,0.18142517,0.10539697,0.12716787,0.032194886,-0.20083553,-0.010372342,-0.09274117,0.04795748,0.16620205,-0.24075185,0.09222315,-0.07903016,-0.18395019,-0.11101369,-0.11435116,0.37698904,0.15172702,0.023552058,-0.21060936,-0.011551379,-0.2253137,-0.2896943,0.32597482,0.023040589,-0.16743053,-0.18285559,0.31804642,-0.021864232,-0.18716484,-0.03223475,-0.16507933,-0.20227276,0.07412449,0.01207536,0.048515346,0.078399435,0.034163114,-0.039169606,0.030882584,0.07522997,0.24442317,0.10404873,0.06637735
FLGKLFKVASK,-0.07221035,-0.09543104,0.22055486,0.17619555,-0.0138274,-0.16493073,-0.20534049,-0.069474414,-0.15542921,-0.052228108,0.05197106,0.23194504,0.015410652,-0.017552424,-0.21473154,0.10921482,0.14464623,-0.0253637,0.14418048,-0.11980975,-0.40071738,0.043977156,0.033637658,-0.09702565,-0.07672374,0.4213667,0.08073695,0.21230735,0.20526583,0.0177878,-0.23813988,-0.01600974,-0.046333726,-0.09026233,0.0716042,-0.4465958,0.13508685,-0.08305763,0.3387898,0.24741197,-0.08574769,0.25182855,-0.15107581,-0.14821853,0.1486142,0.18547903,-0.86105657,0.31949437,-0.1560453,-0.1977934,0.121728316,-0.09230137,0.24651726,0.10223146,-0.1675842,0.011205303,0.05386797,0.007653805,0.11889379,-0.16070202,-0.11318232,0.021195842,-5.0216675,-0.060589314,-0.021247827,0.03308141,-0.14295872,0.1968971,-0.12995467,0.077264816,0.033801503,0.06637751,-0.26619184,0.16582774,0.13405196,-0.025680453,-0.0268822,-0.17590594,-0.0032853265,0.4036614,-0.0077994764,0.042679254,0.19955556,-0.05851135,-0.1289824,-0.14651297,-0.02666494,0.027143147,0.12425824,0.11384029,0.08824715,-0.036866385,0.049906127,0.02836092,-0.048975173,0.08650307,-0.1059782,0.1809017,0.049835246,-0.23327263,0.057073098,-0.017427754,-0.22576597,-0.111139774,0.106582284,0.42868555,0.057034757,0.021511337,0.06476932,-0.0739077,0.096185684,0.33423555,0.13542798,0.09048431,0.095127694,0.20203832,-0.032104433,0.032742795,-0.20343065,-0.009443478,-0.0951315,-0.039631687,-0.16217408,-0.15334362,-0.04460243,0.021834893,-0.048966072,0.040650766,0.11608787,0.015163765,0.04035701,-0.017497176,0.19054864,0.09046909,0.04392777,0.08686517,0.032760207,-0.23157988,-0.1680111,-0.13980864,0.20549321,-0.11233696,-0.28198072,-0.058585588,0.069593154,-0.007137372,0.10767358,-0.19807813,-0.24303801,-0.010096931,-0.18525729,-0.014719711,0.13600412,-0.092286535,0.09180735,-0.15277706,-0.022993954,0.12004156,-0.013087387,0.3159216,0.12937413,-0.08060995,-0.123907104,-0.08451795,-0.0106617045,-0.06187847,0.01613104,-0.06929109,0.05596755,0.08864702,0.12672105,0.30565083,0.0782181,-0.12664932,-0.0056104157,0.044148013,0.13162757,-0.011865644,-0.13976663,-0.2964249,0.0914272,-0.38376907,0.028612614,0.09261656,-0.08250741,0.13097194,-0.22116981,0.18904713,-0.23454556,-0.19940385,-0.33353236,0.20346348,0.31403622,0.26332507,-0.020541398,0.20896997,-0.035700712,0.16266029,0.008276082,0.4454334,-0.12230398,0.21270047,0.25417763,0.3496363,-0.0044558025,-0.08001154,-0.043789882,-0.49952886,-0.13402325,0.11071762,-0.010234817,-0.06300133,0.16548282,0.17462818,-0.11743239,-0.07352126,-0.051070824,-0.03947548,0.05341025,-0.24623856,-0.30551782,-0.009692343,0.227813,-0.051256858,0.17550117,-0.09307589,-0.12575918,0.12988581,-0.016144868,0.09891085,0.0026526956,-0.04550404,0.41983154,0.10533261,0.22702096,0.08948283,0.31908613,-0.34515688,0.20624536,0.025371024,5.9650492e-06,-0.0708324,-0.03733872,0.10512625,-0.19332123,-0.19703034,0.27093,0.27065617,0.14568707,0.12958923,-0.14110422,0.011968164,-0.12576562,-0.26652318,-0.38302058,-0.1589234,-0.20191662,-0.1073077,0.40003258,-0.29120463,-0.034420982,-0.13686721,0.006852168,0.0008700851,0.09623982,-0.13858284,0.010638808,-0.10370518,0.26458958,0.042692497,-0.0016524002,0.32546946,0.09978538,0.1858932,0.09905144,-0.047086023,0.07381624,0.20995928,0.17816053,0.1961824,0.041232593,-0.20880477,-0.059226878,-0.0780872,0.0071412656,0.08130831,-0.28283137,0.10809219,-0.02458377,-0.23505718,-0.15925583,-0.18905857,0.3490352,0.17259382,0.0039558536,-0.24502625,0.030640729,-0.2502758,-0.3330056,0.33547813,-0.022260329,-0.15170048,-0.19327715,0.36125392,-0.07464286,-0.078212276,-0.06098781,-0.17101568,-0.21718134,0.08710198,0.15576318,0.046478387,0.108326584,0.09147389,-0.046050392,0.08316477,0.11976453,0.26500276,0.1457792,0.13014995
FLGALFKKASK,-0.10493262,-0.0027057643,0.032794055,0.1412275,-0.044236295,-0.13014999,-0.13248385,0.03541845,-0.064594865,0.052545607,0.11247872,0.19855024,0.018059878,-0.063773364,-0.046071853,0.08331482,0.18527064,-0.111238874,0.11838643,-0.1054386,-0.5222609,0.09329614,0.006705702,-0.06135485,-0.21285695,0.30431193,0.1815014,0.23813055,0.23943575,0.032291867,-0.39230612,-0.11564939,-0.0023456824,0.097653896,-0.06835319,-0.26313674,0.024046691,0.04579812,0.38968226,0.31646892,-0.04465309,0.1901157,-0.22217509,-0.15038578,0.3418216,0.140295,-0.5017375,0.3289085,-0.06714486,-0.21383992,0.08947198,-0.13300131,0.2529229,0.1337943,-0.09178213,-0.0066664997,0.091042325,-0.078997046,0.28998777,-0.10893531,-0.22685139,0.097011164,-4.8849683,-0.021740207,0.067827374,0.024652721,-0.11067228,0.1843868,-0.06485326,0.028138293,0.05792096,0.10623242,-0.31375203,0.17264214,0.2037205,-0.057638347,-0.011512801,-0.12672028,-0.04201258,0.35533273,-0.04865472,0.046628788,0.11796705,-0.22156198,-0.15184624,-0.14291611,0.018350758,-0.037871107,0.095373206,0.22594064,0.016585512,-0.01201678,0.12854013,0.04189886,0.09531113,-0.034985773,-0.13277031,0.16156262,0.06480672,-0.11227948,0.19609544,-0.06694701,-0.3691349,-0.12800719,0.07660826,0.44928807,0.050584055,0.06307845,-0.011614024,-0.092981264,0.20005956,0.32794303,0.16394219,0.14723898,0.045460537,0.08091374,0.026958443,0.10844595,-0.15868717,-0.026428131,-0.025903378,0.028352164,-0.13299046,-0.018283615,-0.09299706,0.051776674,-0.17623034,-0.059503835,0.18657306,0.02907726,0.094974056,-0.010192429,0.03858977,-0.014609744,0.085347615,0.036247727,0.065899305,-0.32558188,-0.118046485,-0.04691779,0.26563105,-0.05117388,-0.23290828,-0.015872035,0.13125451,-0.08680653,0.14630517,-0.1512334,-0.21467601,-0.07894751,-0.14866212,-0.05203013,0.02791004,-0.031312075,0.10017658,-0.039334737,-0.00596497,0.12909682,-0.03940828,0.2715164,0.2594931,-0.015501192,-0.14162019,-0.08667386,-0.00090395485,-0.040931523,0.019720294,-0.11331785,0.09727089,0.10146726,0.076964416,0.33910134,0.056728546,-0.20156068,-0.04831036,-0.04256268,0.07095222,0.06169965,-0.10836673,-0.309943,0.11625523,-0.37729472,-0.008945366,0.14486682,-0.06636046,0.086958356,-0.114559256,0.09624782,-0.18853496,-0.24263984,-0.36503476,0.20700206,0.23432724,0.2942714,-0.12907916,0.25499395,-0.15122256,0.24495506,0.018735966,0.37524363,-0.11500209,0.24264367,0.21943465,0.40695393,-0.072192825,-0.09556001,-0.047027595,-0.47154775,-0.23446377,-0.0025709914,-0.10557701,-0.084917,0.23580113,0.08318778,-0.0046882355,-0.35417718,-0.0799528,-0.11999716,0.13564213,-0.28821084,-0.21395595,0.10102296,0.15692148,-0.016380452,0.25087735,-0.18861963,-0.19304731,0.11954245,-0.0025455654,0.047930203,-0.10475425,0.022874177,0.5465057,-0.010124963,0.19388448,-0.03483073,0.18302432,-0.19598672,0.13230616,0.060309753,-0.00532104,-0.0043130196,0.07405304,0.10229002,-0.10579964,-0.28796947,0.10676381,0.25315744,0.14066637,0.022449983,-0.14654444,-0.005766794,-0.13337415,-0.25467733,-0.38067517,-0.09805525,-0.2007363,-0.14771412,0.39181378,-0.19387242,-0.09227168,-0.1529159,-0.083977,-0.012754472,0.16073091,-0.14286329,-0.0114073595,-0.063053936,0.38361838,0.09053492,-0.035816174,0.4029312,-0.10334427,0.22196944,0.08175825,-0.058664974,0.05797366,0.1299591,0.08543849,0.09000618,0.12972902,-0.25375563,-0.1393846,-0.19636236,0.012369478,0.04646751,-0.20043012,0.11317361,0.0014354059,-0.22556028,-0.16461919,-0.15081382,0.23154758,0.119526304,0.08325458,-0.21964572,0.012640407,-0.33110496,-0.21961975,0.4342497,-0.11268986,-0.06642484,-0.13849546,0.34091967,-0.045807846,-0.16424069,0.13251023,-0.26158684,-0.25260684,0.010908812,0.1530579,0.16174601,0.008227952,0.14440463,-0.047204677,-0.04099124,0.03906073,0.32841176,-0.0002814027,0.09514789
FLGALFKFASK,-0.051077027,-0.1132392,0.13874033,0.16841045,-0.0017775825,-0.11385099,-0.19539928,-0.029816775,-0.14239821,-0.011239941,0.08238173,0.23854259,0.08987916,-0.104291074,-0.21297112,0.14488833,0.14154704,-0.038235404,0.13678932,-0.19434404,-0.41712776,0.09794258,0.03747,-0.0021136627,-0.09600796,0.3497798,0.07707112,0.1922678,0.2579866,0.025818272,-0.26442418,-0.12263871,-0.0250624,-0.01965084,0.11370019,-0.50369227,0.14044967,-0.101857066,0.42609423,0.26694545,-0.12454213,0.20231517,-0.13683763,-0.12775879,0.1487746,0.11603176,-0.8388102,0.350174,-0.114709936,-0.18327291,0.14713636,-0.11500752,0.25143793,0.10926834,-0.22316477,0.027360367,0.06126072,-0.004319292,0.16866319,-0.19622904,-0.1506698,0.08061714,-5.022265,-0.029822763,0.039742492,0.015509188,-0.09838,0.15144303,-0.11380255,0.107579395,-0.056740727,0.052141547,-0.3806937,0.0959988,0.086379535,-0.010933853,-0.04096331,-0.11241141,0.03968127,0.35990888,0.061063886,-0.0009772778,0.12603736,-0.01577178,-0.15443982,-0.14122118,-0.049220107,0.025027284,0.14383951,0.107568726,0.081861846,0.026450664,0.09296373,0.018467506,-0.028063327,0.098445505,-0.14112811,0.20793612,0.0254221,-0.2578638,-0.030062832,-0.028368808,-0.30277646,-0.13480733,0.08327715,0.39561477,0.15403222,0.04118645,0.1008753,-0.074555606,0.12725717,0.34644762,0.16086882,0.07432806,0.12246387,0.18623346,-0.0583613,0.072322026,-0.22108652,0.022447526,-0.033881858,0.020999793,-0.18028261,-0.023523359,-0.069383964,-0.043130536,-0.05950188,0.011164069,0.048270293,-0.06951648,0.06635286,-0.0143972775,0.23128496,0.03982921,0.03118691,0.07818202,0.029326826,-0.1761119,-0.19217613,-0.044891793,0.31408018,-0.12885031,-0.18032154,-0.044192202,0.015562435,0.02361431,0.08959704,-0.1359147,-0.25297305,-0.08873317,-0.25312042,-0.005459899,0.04790845,-0.20704402,0.15848035,-0.15125498,-0.05568927,0.088572495,0.048111226,0.3072984,0.1653065,-0.108928256,-0.037432022,-0.10239245,-0.042026263,-0.08447084,-0.058986977,-0.10539567,0.07245092,0.058873158,0.11394985,0.34240663,0.012051542,-0.1364154,0.012163575,0.038424693,0.11078076,-0.0019521805,-0.098929845,-0.25457388,0.11119933,-0.43975618,0.0037689162,0.052273717,0.0035892325,0.10275641,-0.27083313,0.23503478,-0.24249466,-0.14897487,-0.36919934,0.27316502,0.31954715,0.25220594,0.055784244,0.19568531,-0.09302708,0.12228194,-0.016683863,0.36410257,-0.095767274,0.23933929,0.2993762,0.33919114,-0.0069395336,-0.078146145,-0.07486034,-0.45187563,-0.12322639,0.159498,-0.049378514,-0.02853606,0.2074224,0.19497384,-0.10233642,-0.124924146,-0.005232721,-0.022696998,0.014518214,-0.24809183,-0.28333467,-0.02496443,0.25788206,-0.017388541,0.18325964,-0.14420018,-0.1571633,0.135281,-0.098814994,0.042046107,-0.065506466,-0.012862623,0.47712755,0.086670704,0.20734383,0.082678236,0.30227378,-0.23542833,0.18378887,0.0072852396,-0.03729043,-0.061923616,0.020092381,0.15371563,-0.14949518,-0.23569039,0.26634914,0.32891953,0.2434689,0.163071,-0.13550282,-0.044237174,-0.17737415,-0.33875164,-0.37553436,-0.15853085,-0.18706217,-0.14338371,0.4137879,-0.2800179,-0.059010837,-0.063973755,0.04081051,0.08149457,0.043081872,-0.14443251,-0.030049631,-0.10139667,0.2868029,0.06857894,-0.019458564,0.34703937,0.07261649,0.19457673,0.1001568,-0.076999374,0.04154002,0.17425855,0.15823427,0.1876534,0.0066562844,-0.19144641,-0.011479043,-0.07270096,0.036271557,0.061251182,-0.2680538,0.15913112,-0.0016226929,-0.27473012,-0.113781914,-0.16568878,0.3995983,0.13850257,0.04881161,-0.26485112,-0.016683964,-0.22739467,-0.32435307,0.34207553,-0.02592846,-0.18967329,-0.2120049,0.38732517,-0.09290623,-0.14590605,-0.021099376,-0.17186889,-0.24657956,0.087222025,0.13536622,0.02329027,0.16061491,0.06817127,-0.09678403,0.07663257,0.08195425,0.27467427,0.15090376,0.112879045
FLGWLFKWASK,-0.16721138,0.10776614,0.052764628,0.20734024,0.017860353,-0.23102924,-0.112361655,0.027073571,-0.012941467,0.030058252,0.23681362,0.09764414,0.15091635,-0.13335252,0.15293644,0.04562855,0.15054218,0.009972663,-0.0071653035,-0.24261795,-0.40619516,0.13568328,-0.0115277115,-0.09341423,-0.18699877,0.23558739,0.11452277,0.12047194,0.33105966,0.115948126,-0.5159059,-0.27150032,0.02855805,0.114491455,-0.07596875,-0.21748942,-0.03741183,-0.026688026,0.26439956,0.31274027,-0.10623103,0.17841572,-0.23542188,-0.035428185,0.35547242,-0.10534762,-0.4387177,0.46692166,-0.13411914,-0.16984296,0.011297917,-0.14901303,0.13719085,0.16063043,0.026039014,0.0076252427,0.2436785,-0.048037406,0.19957651,-0.029278828,-0.16762446,0.1999637,-4.8097615,-0.04123123,0.08445748,-0.028591,-0.022036305,0.35710576,-0.04052101,0.01103754,0.03258718,0.07315301,-0.2045242,0.058430478,0.07537714,-0.10384262,0.13632423,-0.093193576,-0.03736575,0.29617435,0.18471758,0.0031562585,0.090167485,0.0072323577,-0.1936779,0.14878286,-0.057133324,-0.015095898,0.011796353,0.17957456,0.018813934,0.08520933,0.090873756,0.08387013,0.14394945,-0.1897993,-0.18415564,0.13876113,0.1467751,-0.12760283,0.16416875,-0.044828042,-0.40892535,-0.18686563,-0.048433192,0.45636383,0.12141696,0.072974406,0.0124605745,-0.17399953,0.26874658,0.4512976,0.28344092,0.15254484,-0.024349162,-0.013162614,0.12936153,-0.1575003,-0.056251984,-0.0029081565,-0.19635497,-0.0035593922,-0.16552092,0.16138053,-0.051034495,0.2080852,-0.13312693,0.030409584,0.18559574,-0.020163776,0.1879774,-0.11214806,0.103367686,-0.039115485,0.026253304,-0.06554619,0.010788097,-0.15509573,-0.31227395,-0.0734822,0.22350563,-0.097119585,-0.09308699,-0.09037395,0.19783708,-0.038732775,0.122222096,-0.2967518,-0.13633996,0.00868856,-0.31243974,0.11409819,-0.0410676,-0.1859381,0.2531369,0.07048537,-0.050932802,0.27700382,-0.09527766,0.18914746,0.22421803,0.056654327,-0.07869449,0.011455884,-0.0260015,-0.1655183,0.11473934,-0.065274455,-0.009810325,0.19787914,0.03643555,0.32984006,0.20988752,-0.15445031,0.029885681,0.08995224,-0.02010283,-0.0565137,-0.013808716,-0.29688245,0.19506754,-0.3306188,-0.0062259533,0.28565097,-0.05497312,0.22424214,-0.16223614,-0.020390244,-0.1523079,-0.23294729,-0.43074524,0.2568857,-0.060684882,0.1621626,-0.118194565,0.13461915,-0.3364941,0.16928758,0.14346708,0.40260774,-0.13186304,0.1844919,0.31581494,0.3726732,0.045813616,-0.103285894,-0.0723823,-0.1852898,-0.15848266,0.1045486,-0.17118645,-0.028186519,0.3355953,0.038038455,0.011588244,-0.4025851,0.039497733,-0.14389324,0.08520924,-0.47429574,-0.11679569,0.11901971,0.05599532,-0.08163447,0.2217839,-0.14657566,-0.3318696,-0.018029094,0.01958644,0.05400298,-0.16100726,0.055560954,0.456867,-0.05273608,0.066354156,-0.075904824,0.19607489,-0.15102567,0.14104958,0.11385189,0.06581705,-0.016914992,0.17296182,0.09577255,-0.09776389,-0.27459624,0.112239346,0.24554618,0.10047631,0.06548344,-0.2218651,-0.10290018,-0.19259354,-0.35807943,-0.2904804,-0.10973324,-0.097886525,-0.15687531,0.36750537,-0.10235499,-0.01933353,-0.3084871,-0.015517147,-0.037874155,0.16516608,0.06018637,0.014372099,-0.07150913,0.27258548,0.03147358,-0.059501156,0.47630432,-0.15735814,0.16992426,0.0840458,-0.16809131,0.0389148,-0.030562667,0.13377848,-0.14339516,0.19822675,-0.34203374,-0.060088184,-0.27244654,0.090378635,0.02281764,-0.19238606,0.10808093,0.07958063,-0.1540651,-0.040732585,-0.19406112,0.32993254,0.025477113,0.102612324,-0.27335933,-0.010866495,-0.4912061,-0.020472325,0.34434697,0.017447282,-0.29024383,-0.15908569,0.23818892,0.07552336,-0.28577402,0.21139328,-0.09261138,-0.2976364,-0.09095439,-0.03432309,0.095566556,-0.05277588,0.069477156,0.03395296,-0.059827216,0.048400626,0.24988201,0.06845889,0.18006071
GIGKFLKKAKKFGKAFVKILKK,-0.42119077,0.20961404,0.20193835,0.45518994,-0.15457813,-0.20876849,-0.032523226,0.122569956,0.11558241,0.102475025,-0.04089037,0.084147446,-0.08065209,0.028251922,0.34321585,-0.05472545,-0.049350332,0.090753734,-0.24185242,0.18082029,-0.33087626,-0.095736414,0.08973677,-0.34978297,0.008263449,0.22072524,-0.020566886,0.29365548,0.05120443,0.16942751,-0.39988837,0.03773369,0.09192733,0.41328582,0.016631206,-0.038331594,-0.23828198,-0.22582202,0.0705311,0.28573164,0.045177724,0.18469404,-0.4571248,-0.17799966,0.4458816,0.09537966,0.024589226,0.43857142,-0.0053480864,-0.34377542,0.23322208,-0.13695513,0.04873322,0.09190434,0.19205604,0.022099065,0.17505608,-0.18798931,0.39269555,-0.008000564,-0.033387113,-0.120098196,-4.3520193,-0.013925188,0.20092039,0.32419184,-0.09299704,0.16593571,0.06507164,0.0788573,0.3371831,0.15007056,-0.075469464,0.12914295,0.2106417,-0.19067295,-0.11119259,-0.056173682,-0.09906113,0.26891088,-0.17888384,0.2966911,0.24251913,-0.40735093,-0.07292807,0.053652454,0.007877201,-0.24817698,0.021538222,0.4601749,-0.022985691,-0.008444555,0.28729284,-0.14717042,0.15174294,0.09454449,-0.010762607,-0.041520864,-0.25329164,0.30950448,0.47068897,-0.23048945,-0.4035841,0.014600806,0.11304233,0.24843311,0.10199077,0.12609865,-0.056396227,-0.19623093,0.24085228,0.05022503,-0.029937178,-0.015684469,-0.09511185,-0.14238334,0.15692778,0.16512452,0.12117862,-0.04399309,0.10655125,0.06674693,-0.26424506,-0.18337457,0.08709368,0.5578683,-0.21805088,0.17607503,0.5162373,0.3315452,-0.04317562,0.08071794,-0.1390945,0.05932929,-0.024119146,-0.19611311,-0.088908814,-0.048492324,-0.1469951,-0.20844524,-0.008109842,-0.2813894,-0.34224358,0.06827536,0.21892364,0.06418589,0.20180292,-0.045746773,-0.12636186,0.14743198,0.024730852,0.21734713,-0.009085472,0.03146943,-0.100245096,0.2106203,0.13102089,0.10818616,-0.28971538,0.0107021555,0.17151284,0.11018572,-0.21358775,0.15271018,0.15247923,-0.026093952,0.13989311,-0.04729111,0.14289834,0.024040893,-0.02553094,0.15830013,0.44533888,-0.544767,-0.18235187,0.0843215,-0.14799137,-0.1407899,-0.3713124,-0.18896997,0.104460575,-0.23892027,-0.009289444,0.4531974,-0.16424541,0.16643691,0.095030844,0.09479313,-0.054598134,-0.16680081,-0.30281916,0.012152513,-0.4161118,-0.03313549,-0.24286513,0.31619823,0.031660076,0.33548036,-0.20272821,0.7481367,-0.22874753,0.1279952,0.14390503,0.14464952,-0.086624645,-0.22548896,-0.044412445,-0.52205825,-0.12806727,-0.33735394,-0.09558966,-0.027409794,0.7298673,-0.044725988,0.088938914,-0.5518493,0.05485307,-0.2524276,0.2382123,-0.045977544,-0.43077794,0.1932357,0.057964128,0.16414665,0.52962065,-0.13646752,-0.20419593,0.17630522,0.008659246,-0.119709246,-0.0483302,-0.07987296,0.29586202,0.25059208,0.05730326,-0.08147977,0.08003136,-0.15809362,0.15215535,-0.1476466,0.07437342,-0.102236874,0.17601465,0.0067991167,-0.02602873,-0.21450257,0.097941525,0.041907758,0.07904524,-0.3144187,-0.28234908,0.015975619,-0.15425491,-0.05979838,-0.26245633,-0.07664315,0.07231223,0.0012177726,0.20305432,-0.0042162216,-0.27688608,-0.40336075,-0.1442929,-0.12590133,0.34155306,-0.19682734,-0.0682442,0.022181084,0.40599728,-0.236498,0.09691068,0.21814282,-0.4556122,0.06030741,0.06662963,0.03375222,0.16948295,-0.051803857,0.25066292,-0.11816346,0.015530906,-0.3379774,-0.24036014,-0.48722658,-0.13861059,0.068042494,-0.35191572,-0.100848936,-0.27170095,0.00522696,-0.17590807,-0.092947684,0.04549137,0.035417944,0.24783672,-0.17452599,-0.06369531,-0.33347785,0.087915204,0.2795056,-0.336924,-0.052167583,-0.22830434,0.17769445,0.19472869,-0.1290043,0.12026406,-0.32910976,-0.2589915,-0.14336969,0.30168366,0.31833166,-0.3436052,-0.0150998505,-0.019851603,-0.14339529,0.06970834,0.13806005,-0.12834652,0.20980804
GLFDIIKKIAESF,0.03951097,0.031919785,0.21498069,0.036983117,-0.054283407,-0.073447056,0.008733597,0.050821282,0.06312547,0.0238674,0.12968098,0.15749139,-0.09546076,0.05189151,-0.087357506,0.10504802,0.07788189,-0.04443723,0.3335375,-0.056033447,-0.23338328,0.06078938,0.090925954,-0.2719823,-0.07122307,0.24586985,0.13020942,0.06542146,0.366561,0.07014928,-0.3330498,0.12525871,-0.0968279,0.046554897,-0.14137556,-0.24259287,0.032707628,0.053111635,0.32541874,0.24252643,0.06655852,0.232455,-0.27836984,-0.14695625,0.28005314,0.1817062,-0.64555246,0.32200432,-0.08529847,-0.32695445,0.12728181,-0.016712392,0.32127807,0.059633113,-0.15043777,0.007054727,0.12694319,-0.087058306,0.10656703,-0.04768316,-0.17611612,0.092030786,-5.043601,-0.036363255,0.026184348,0.14285941,0.0047425926,0.28036854,-0.1352049,0.02266829,0.028120402,0.049465284,-0.09760802,0.18795423,0.16017982,-0.072724335,0.087911695,-0.14000824,-0.11730602,0.27903304,-0.023788502,0.07772407,0.078704685,-0.1297755,-0.0169602,-0.06787946,0.08993729,-0.10907602,0.16421877,0.047024433,-0.052214578,-0.20069335,0.1346782,0.043619886,0.114931844,0.04978897,-0.15816776,-0.031007899,0.10713633,-0.123089105,0.18463443,-0.056078367,-0.19926849,-0.073410146,-0.012183223,0.30022478,0.10372672,-0.0067421636,-0.20510763,-0.07904981,0.09900187,0.27182367,0.10947899,0.18915148,0.017830824,0.09558682,-0.010640029,0.013040007,0.03928175,-0.025924992,-0.06367752,0.085631,-0.12872013,-0.16311723,-0.030055793,0.07996477,-0.041013338,0.027087469,0.044087753,-0.039241258,0.03505702,-0.121876195,0.21379584,0.103299156,0.24872714,-0.046825394,0.10542121,-0.22925791,-0.23301333,-0.27842098,0.021758815,-0.0785779,-0.2791894,-0.101178676,0.075026795,-0.02799904,0.039601464,0.014359155,-0.21210177,0.028513137,-0.0644185,0.09271218,0.06123369,-0.08731036,0.01149231,-0.1278839,0.0975017,0.14993463,-0.05114146,0.2863679,0.18391152,0.015488204,-0.03763204,-0.10089469,0.00068955694,-0.032114435,0.04789512,-0.12946647,-0.0060013253,0.11815952,-0.030798877,0.22569603,0.016638504,-0.13285902,-0.13159758,0.046985026,0.14045854,0.034314815,-0.03328441,-0.2850749,0.0005715291,-0.32277462,0.033542976,0.11969435,-0.17184894,0.1440741,-0.110646605,0.06371503,-0.09100974,-0.098819375,-0.16328791,0.29417604,0.13150434,0.12348182,-0.11753131,0.26597944,-0.010741135,0.08988572,-0.08569633,0.21533117,-0.07092237,0.308745,0.37625048,0.37614605,-0.056971367,-0.06371679,0.00042673326,-0.5687781,-0.13321838,0.10427297,-0.086195625,-0.18326941,0.28668225,0.059677266,0.0030054091,-0.29351264,-0.08764741,-0.046822887,0.06447863,-0.2832918,-0.29845098,0.26902702,0.15710612,-0.112902544,0.1322195,-0.062091883,-0.2668002,0.13291584,-0.003363214,-0.024001423,-0.07294455,-0.044360504,0.40025386,0.0037630498,0.085296914,-0.076209955,0.2705578,-0.103710756,0.22290821,0.04218023,0.034820564,0.039242234,-0.011210219,0.03507981,-0.07896517,-0.08298176,0.29758003,0.22010769,0.11199239,0.10419269,-0.10760549,-0.06173029,-0.07789333,-0.20461692,-0.1836318,-0.090729915,-0.18777966,-0.09100674,0.25865868,-0.261152,-0.10406319,-0.1913549,0.029383112,0.020607585,0.06617298,-0.10542197,-0.04434375,-0.16757984,0.18128923,0.04985461,-0.07391952,0.38476637,-0.17158987,0.09164319,0.16850641,-0.044184312,-0.0009296566,-0.015935557,0.082212076,-0.057328615,0.19089884,-0.26556924,0.024202097,-0.22049785,-0.022843687,0.12177146,-0.11963501,0.121884845,-0.06781386,-0.14269367,-0.1031465,-0.15400271,0.1568279,0.14636062,0.05625061,-0.189187,0.058090635,-0.2634316,-0.11922345,0.34793073,-0.14381002,-0.015015469,-0.09283884,0.28359076,-0.07494391,-0.1763993,0.12554853,-0.13637644,-0.2088112,-0.15055306,0.18200018,0.18274626,0.01043939,-0.06798351,0.141184,-0.013767447,0.07583929,0.12644735,-0.021195134,0.07252901
RAGLQFPVGRVHRLLRK,0.024163585,-0.4623592,0.31114447,0.3346498,-0.16091995,-0.3277841,-0.3612533,0.091806926,-0.21845667,-0.16587211,-0.10918313,0.3152014,-0.056822173,0.115646124,-0.2595183,0.099494584,0.12552479,-0.112912305,0.2519642,0.0051252246,-0.33527872,-0.0072181784,-0.07248908,0.07831135,0.102776855,0.24632601,0.15950918,0.23016076,0.12566285,-0.017862871,-0.004543176,-0.29114428,0.082589515,-0.62892157,0.33227444,-0.5457525,0.23741323,-0.017106527,0.19631162,-0.0040694615,-0.22169612,0.28192586,0.22606578,-0.10259282,-0.11812841,-0.022342557,-1.1100174,0.29015467,-0.30247986,-0.16515177,0.025722628,-0.08584885,0.11317573,0.16280577,-0.10226558,-0.065536305,0.05167873,0.08060649,0.042891454,-0.24195465,-0.02008093,-0.13887492,-4.899694,-0.012003559,-0.020887237,-0.06948505,-0.05791787,0.21147938,-0.19742453,0.24163115,-0.055174734,-0.05551278,-0.40433446,0.3738385,-0.12143022,-0.17710428,-0.22287875,-0.16615154,-0.023506347,0.34921646,-0.031071907,0.01752835,0.1538325,0.18096428,-0.2869731,-0.1913466,-0.045044553,0.025974743,0.073629744,-0.0032746636,0.07067886,0.2743869,-0.14523065,0.08441689,-0.23598568,0.15658754,-0.0187882,0.42939046,0.062415022,-0.15935965,0.05058514,-0.07171037,0.0009773609,0.008353268,0.10904147,0.29885015,0.0020419452,-0.06678667,0.387911,0.042034756,0.14398052,0.2565256,0.19385503,-0.1320735,0.13256653,0.12870403,-0.20132428,0.19850665,-0.30778328,0.31852585,-0.0807688,0.043966323,-0.12529352,0.14197226,-0.041008618,-0.30360684,-0.06360028,-0.15168478,0.0040744185,-0.018790716,-0.012687263,0.05433841,0.19240741,-0.002765663,0.13740288,-0.022008229,0.0029509538,-0.16336097,-0.017638141,0.2105305,0.26974735,-0.11193642,-0.16199093,0.012716499,0.0133513585,0.18567164,-0.19927369,-0.27409258,-0.025172051,-0.04257535,-0.374662,-0.011369931,0.21028148,-0.2559575,0.13583997,-0.015155858,-0.10131385,0.16322826,-0.0049181064,0.101054974,0.00811136,-0.12491261,-0.06610149,-0.18177259,-0.090466954,-0.11814873,-0.1721269,-0.06932123,-0.06281644,-0.012075685,0.3759618,0.22711453,0.12330728,0.036309764,0.19969602,0.062847294,0.09242826,-0.12490354,0.006605976,-0.23177852,0.18128972,-0.1409608,-0.036932074,-0.035388336,0.06993906,0.07470821,-0.40249056,0.18971632,-0.14220393,-0.13060625,-0.4203539,0.18705799,0.42624164,0.29439473,0.23820588,-0.07118604,-0.0048047714,-0.0734664,-0.1928269,0.59593326,-0.10957531,0.09694052,0.14301519,0.04323243,0.046572708,-0.20013131,-0.13407879,0.048523236,-0.012005719,0.44566286,-0.02744196,0.1270534,0.019044384,0.19567479,-0.24916591,0.15850888,-0.027554875,0.009086363,-0.005360898,-0.08626827,-0.46511716,-0.022301614,0.2814398,-0.018326128,0.14253534,0.055018075,-0.07928196,0.041161742,-0.07783639,0.07738307,-0.06623468,-0.0697636,0.3612764,0.2566925,-0.07437402,0.25887692,0.42629427,-0.3487405,-0.002881418,-0.016850611,-0.039629996,-0.18376698,-0.006562696,0.008274086,-0.30412644,-0.1765088,0.30840436,0.34583542,0.30718496,0.25745478,-0.2533914,-0.15296407,-0.036566466,-0.2316705,-0.24295591,0.17313659,0.03440979,-0.2274605,0.4147837,-0.18984988,-0.03980318,-0.21815646,-0.10618747,-0.0065258304,0.112904534,-0.21530537,0.0459995,-0.03268092,0.33977604,0.03517653,0.23237304,0.21696301,0.3201659,0.3897535,0.11196765,-0.27588063,-0.06494088,0.25780648,0.29370618,0.31146708,-0.2523874,-0.25284237,-0.011228703,0.13749945,0.037590284,0.15755205,-0.40738377,0.08708272,-0.19258866,-0.2782328,0.11457493,-0.13356641,0.41421822,0.07852333,-0.1059512,-0.36546612,-0.083250344,0.013236099,-0.4903015,0.3675061,0.056356043,-0.19846301,-0.3287647,0.34960976,-0.019124076,0.11927031,-0.13028531,0.02966029,-0.08736143,0.26788685,0.12919524,-0.046159197,0.29234475,0.11909285,-0.12824726,0.270504,0.13308091,0.18329188,0.14517576,-0.12848715
FPVGRVHRLLRK,-0.04255747,-0.3444868,0.32559183,0.3507068,-0.06259449,-0.38025847,-0.29667178,-0.06753638,-0.19893408,-0.1754106,-0.03448344,0.24688737,-0.057992544,0.021050258,-0.22343601,0.09854363,0.24798036,-0.09912477,0.23238267,-0.062031813,-0.31441262,0.013646304,-0.022506407,0.016362483,0.019000676,0.29308718,0.061618064,0.21857074,0.1371642,0.017099291,0.017209848,-0.19135563,0.10386331,-0.5144836,0.21220827,-0.4943172,0.18035328,-0.059755445,0.19422142,0.112463474,-0.123825155,0.24294783,0.106219806,-0.057433628,-0.041889608,0.009750328,-1.1121837,0.20054285,-0.21387112,-0.18115191,0.08205889,-0.08399034,0.17287882,0.143563,-0.11209516,-0.070174776,0.076130986,0.056689825,0.058901303,-0.21362297,-0.0063707656,-0.07960645,-4.9581985,-0.05168754,-0.042630844,0.025006173,-0.11315171,0.26754835,-0.21758354,0.2395967,0.001910174,-0.035269707,-0.34292382,0.25840476,-0.09695222,-0.12076698,-0.11681365,-0.27521664,-0.050268974,0.4011931,0.038543146,0.028142283,0.114973955,0.1483874,-0.22238967,-0.21313854,-0.0689586,0.05032592,0.09071976,0.006067028,0.09989164,0.1265886,-0.1195076,0.1311474,-0.1936818,0.09215914,-0.080938384,0.3211389,0.011486021,-0.22872028,-0.0013341084,0.04024596,-0.053124566,-0.021337416,0.046758153,0.39399537,-0.016252548,0.0016643831,0.2840707,-0.052183937,0.12363388,0.23702992,0.1825399,0.016101178,0.11650859,0.18311787,-0.14244011,0.06396779,-0.28930265,0.20703706,-0.08383962,-0.0241477,-0.1507702,0.010655431,-0.06021893,-0.20039833,-0.07859917,-0.1352746,-0.0013618873,-0.024984939,-0.03875765,0.032373276,0.22267754,0.06753196,0.011455333,-0.0074302233,0.080646336,-0.24924059,-0.09054281,0.10537114,0.2371138,-0.116993785,-0.24720101,-0.03161614,0.05393946,0.1071942,-0.10535229,-0.2532938,-0.14203027,0.008352878,-0.35747966,0.012294697,0.15669581,-0.19704108,0.17223649,-0.1297986,-0.044971917,0.18637273,-0.020071298,0.11075252,0.062819794,-0.14213446,-0.09898052,-0.12573352,-0.074631386,-0.096269056,-0.07282811,-0.008855942,-0.043596353,0.09123293,0.28553498,0.27250114,0.20807603,-0.010854517,0.11448509,0.09913884,0.21594812,-0.0916587,-0.06983819,-0.26945284,0.15825982,-0.16819143,-0.024920562,-0.007913604,0.04280483,0.05245573,-0.35669675,0.20596235,-0.22069101,-0.07687409,-0.40672866,0.2004557,0.50415164,0.30174527,0.23606868,-0.022957828,-0.04115036,0.018913273,-0.1590029,0.56046003,-0.04896244,0.12823775,0.20346192,0.12016421,-0.020911435,-0.20523939,-0.17286204,-0.085367166,0.058753822,0.4013475,0.033624347,0.08261512,0.015852029,0.14052813,-0.2487812,0.13923486,0.00043023698,0.07305868,0.005173248,-0.17755672,-0.4258105,-0.04909425,0.18209668,-0.063599445,0.14095768,0.0033379963,-0.038472977,0.077469304,-0.07315544,0.18438725,-0.02281657,-0.011705221,0.29380986,0.30182615,0.063077666,0.24176867,0.43076438,-0.4094073,0.03807444,0.093693495,-0.133914,-0.15777108,-0.03676992,0.034050796,-0.27906373,-0.12695618,0.3178394,0.321133,0.2773254,0.24140465,-0.28458828,-0.124038935,-0.049644616,-0.19659449,-0.29740444,0.013461584,-0.059336428,-0.19601747,0.33494568,-0.28869906,-0.023385316,-0.20829193,-0.018759623,0.064216875,0.09205196,-0.19736202,0.045605738,-0.008722701,0.22817555,0.05822539,0.14202616,0.17531829,0.27957416,0.28475362,0.1401151,-0.31355068,0.0030402758,0.2680676,0.31417298,0.2783589,-0.14542368,-0.19397853,0.016644778,0.06783388,0.054682802,0.15813386,-0.35367984,0.11740824,-0.14014615,-0.32672042,0.027673947,-0.20582901,0.40746358,0.11413354,-0.029970348,-0.28158668,-0.040839784,-0.046274282,-0.45785436,0.34625083,0.095300324,-0.13144752,-0.25909892,0.3622919,-0.03604769,0.016224837,-0.18980157,-0.004248263,-0.10186292,0.22990735,0.10030989,-0.062278956,0.21364234,0.10953257,-0.090561904,0.26381594,0.20165472,0.19250013,0.16331366,-0.056154687
RAGLQFPVGRLLRRLLRRLLR,-0.28560615,-0.7708032,0.21844995,0.5773826,-0.07775904,-0.46861848,-0.3460849,0.2193744,0.167962,-0.13143113,0.24713388,0.26761696,-0.16526909,0.016217113,-0.071444266,0.1560962,0.055955227,-0.37551242,-0.07888587,0.24371538,-0.2434062,0.009344091,-0.21299835,0.27880582,0.16932411,0.30508965,0.109023,0.42036933,0.50174147,-0.1473923,0.13791955,-0.55413306,0.28832418,-0.51300055,0.4091697,-0.44106522,0.1159975,-0.0651057,0.07845588,-0.018991606,-0.32160935,0.26091647,0.20510733,-0.10607092,0.012495974,-0.051368527,-0.56273955,0.4213999,-0.18316479,-0.09306039,-0.20380342,-0.32894146,0.04941841,0.21016824,0.015865898,0.08243689,0.13732798,0.049613036,-0.10642827,-0.32575992,-0.104352124,0.019369034,-4.347201,0.07012735,-0.16576964,-0.12375341,-0.12263039,0.36400744,-0.5124959,0.2087743,0.17113009,-0.035649464,-0.6248946,0.27259934,-0.16389185,-0.42344484,-0.19507699,-0.07649204,-0.12471665,0.54343283,-0.19764118,0.12629698,0.13895516,0.10232661,-0.3669085,-0.19539647,-0.19124465,-0.07493196,-0.20694128,0.1563261,0.28154403,0.44786492,-0.33899972,-0.0452099,-0.5185317,0.085735954,-0.17191854,0.2818513,0.028895775,0.013895327,0.014946868,-0.20777309,-0.14848647,-0.017378315,-0.07470051,0.3023708,-0.14803874,-0.27377918,0.31962976,-0.026953014,0.49705005,0.31536582,0.19703262,-0.034751177,0.16957857,0.21959974,-0.11642255,0.31756595,0.1154996,0.5315043,-0.24714184,0.046639588,-0.1366341,0.30458468,-0.1442347,-0.26924708,-0.084675975,-0.271078,0.33994582,-0.16295138,0.34264565,-0.022359027,0.06420357,0.030306542,0.03344809,-0.131568,0.03959198,-0.07108119,-0.009498757,0.3537974,0.22924455,-0.3675701,-0.096982576,0.12619516,0.1994055,0.15666687,-0.29537278,-0.38078573,0.2367086,-0.058199197,-0.37503827,0.20881236,0.016828887,-0.2420021,0.10403098,0.12594704,-0.17145191,0.17855963,0.12106813,-0.10568447,-0.091028206,-0.06320959,-0.19438702,-0.06291697,-0.029730557,-0.30199584,-0.08571456,0.11973969,0.018632423,-0.03488856,0.6700065,0.2547538,0.44685647,0.0031902052,0.5253791,0.004747533,-0.031904276,-0.07863094,0.26332736,-0.32621634,0.39075848,-0.07459269,-0.10461009,-0.01434964,0.16851558,-0.10677122,-0.5550993,0.10859164,-0.09117471,-0.19137932,-0.42578557,0.15951028,-0.2765294,0.48385495,0.05433003,-0.028677111,-0.19901976,-0.22811894,-0.2742792,0.64467627,-0.06433406,-0.07175969,0.1193392,-0.0674915,-0.094363265,-0.27241668,-0.23068188,0.24178967,0.11520731,0.49750954,-0.07137413,0.1940725,0.06263337,-0.0034176963,-0.37615064,0.0053215064,0.17500025,-0.11598243,0.04808538,-0.100597814,-0.28310466,0.016991321,0.10543122,-0.045574017,0.39701685,0.094561525,-0.4575279,0.07661496,-0.14004122,0.0739959,-0.36112162,0.12829843,0.5288944,0.46193132,-0.23884594,0.06931508,0.32695097,-0.15907913,0.07798625,-0.04394775,-0.0188745,-0.18165717,0.03709559,-0.011217317,-0.45686224,-0.08413176,0.37335938,0.3339271,0.30723003,0.24200958,-0.31709522,-0.61025167,0.06548593,-0.22365834,-0.2621974,0.1800373,0.24871872,-0.25407454,0.26198736,0.0048968093,-0.14719802,-0.613186,-0.2707645,-0.022965208,0.073918834,-0.3686341,-0.067531675,0.12052708,0.30828926,0.19675362,0.33779305,0.2809898,0.27032402,0.5491998,0.11043363,-0.23327836,-0.17014614,0.09496789,0.62137496,0.37352976,-0.28296414,-0.3762116,-0.19028303,-0.040971957,0.038576744,0.065977484,-0.54465336,0.03699879,-0.09887502,-0.31608555,0.16723412,-0.056814343,0.2604318,0.09626791,-0.17386678,-0.545928,-0.12826242,0.03129365,-0.30601192,0.48852518,0.06356911,-0.27313295,-0.30376825,0.39360598,0.014812208,0.10514492,-0.12540297,0.19923899,0.041635443,0.41831398,0.10017919,0.08696074,0.17809877,0.13942796,-0.085203215,0.341484,0.21319368,0.33623597,0.081294715,-0.065089166
AKKVFKRLEKLFSKIQNWK,-0.20763648,-0.21023273,0.24312592,0.23271912,-0.10575541,-0.14072838,-0.070251115,0.0479966,-0.010497698,-0.10258861,0.014895819,0.19939436,-0.07865647,0.16341846,-0.0408865,-0.0023923288,0.19049723,-0.006432732,0.07297197,-0.06975192,-0.2645246,0.038277585,-0.022092108,-0.12946905,0.03709748,0.37226778,0.05274935,0.16948223,0.14102398,-0.059689,-0.17317317,0.13603424,0.059346925,0.06845671,0.10121743,-0.26027322,-0.052627377,-0.0965808,0.24142343,0.1445195,0.026853437,0.22216345,-0.15974605,-0.014735991,0.024458794,0.20224129,-0.7873241,0.26513004,-0.1172506,-0.20429009,0.06470707,-0.057468574,0.17798597,0.12931006,-0.056371372,-0.029404994,0.1701863,-0.066586085,0.23476766,-0.17939837,0.00399843,0.022135833,-5.098224,-0.04825141,0.062465005,0.2023637,-0.080396585,0.08968696,-0.22324848,0.11351138,0.033735123,0.097911514,-0.11225119,0.24290654,0.06405989,-0.033381768,0.088270985,-0.04787415,-0.09198679,0.21201265,-0.019641712,0.17028138,0.16182348,-0.07307329,0.020395095,-0.03852132,0.05220463,-0.036988705,0.060156334,0.21445386,0.07578047,-0.040271662,0.12624428,0.030441735,-0.07940692,0.066405475,-0.13021314,0.09167231,0.012053867,-0.0508377,0.21861164,-0.019252889,-0.175262,-0.019966302,0.10433499,0.288511,0.046117473,0.04690173,-0.00080708874,-0.17188704,0.14173168,0.23457089,0.14754307,-0.012068356,0.10573982,0.102208816,-0.015427652,-0.0237347,0.010144892,-0.048711367,-0.06833042,0.0045358213,-0.09145622,-0.2906097,0.1275448,0.1612541,-0.069569804,-0.026171604,0.14449583,0.08869549,0.035517223,-0.044071775,0.12576044,0.174739,-0.012280258,-0.07267232,0.06448507,-0.07854861,-0.19269103,-0.33218676,0.2193981,-0.17050633,-0.24832071,-0.015679047,0.13512805,0.03984197,0.1128074,-0.17605105,-0.13211262,0.14848574,-0.06886393,0.06948282,-0.027841369,-0.09323001,-0.095528625,-0.08004717,-0.045760408,0.2115929,-0.16461499,0.12812902,0.17608677,-0.0028951282,-0.19287239,0.11881999,0.11556521,-0.12211579,-0.021736605,-0.057020176,-0.023880877,0.07230581,0.04766244,0.3134173,0.25634456,-0.20226097,0.00043395587,0.18913686,0.030725246,-0.07334956,-0.14800417,-0.26397455,0.15491489,-0.4029522,0.09431836,0.14503203,-0.1306861,0.14802437,-0.20322444,0.15912719,-0.1513351,-0.16059339,-0.16440538,0.039897885,0.100688525,0.16283311,-0.09478896,0.14024313,-0.0610514,0.20758398,0.0556529,0.5584016,-0.11955354,0.00096776657,0.18529288,0.19241345,0.07677701,-0.2259749,-0.03162276,-0.66373235,0.04774825,-0.09672473,0.053207774,-0.060335096,0.17205298,0.16716215,-0.008918101,-0.1402371,-0.032999687,-0.086960085,0.05783924,-0.16737485,-0.2575399,0.021949247,0.11765405,-0.09000886,0.19801056,-0.06256942,-0.017370945,0.11671807,0.024723897,0.07287565,-0.027606424,-0.048084985,0.22904046,0.05583659,0.118829615,0.018677875,0.1350326,-0.2569884,0.06983999,0.06199954,-0.042654928,-0.1960506,-0.013279806,0.07718832,-0.12230788,-0.046733912,0.17667593,0.23128359,0.12520583,-0.017455474,-0.14351106,0.027090099,-0.17144075,-0.11640895,-0.15365458,-0.008101009,-0.005910209,-0.08257923,0.21595542,-0.21269153,-0.015905324,-0.2348188,-0.10097306,0.046197124,0.102032445,0.0015748001,-0.036024924,-0.08707197,0.20122433,-0.13024595,0.059021585,0.22896455,-0.09065396,0.13960676,0.06384291,-0.014202421,0.08127098,-0.0184147,0.18225697,0.05381927,6.0461818e-05,-0.105718866,-0.069902636,-0.21104045,-0.030165711,0.29669,-0.27263513,0.061327502,-0.0010518971,-0.12464922,-0.17019531,-0.15642777,0.2307101,0.057277076,0.060021333,-0.18514544,0.109641775,-0.2256898,-0.23796251,0.220378,-0.08428191,-0.12013095,-0.1857476,0.2195523,0.04230713,-0.019384963,-0.07015584,-0.13931401,-0.047814608,-0.098406926,0.2190671,0.074588284,0.027004393,-0.019855823,0.12439092,0.07459946,0.034779754,0.13154301,0.04063755,0.07683912
AKKVFKRLEKLFSKIWNDK,-0.21685731,-0.1398515,0.17581238,0.19139335,-0.059102695,-0.1396822,-0.06921874,0.04152879,-0.05300657,-0.06505695,0.020148303,0.1885231,-0.074320614,0.12682234,0.011908277,0.0044266554,0.18312266,-0.022039745,0.0758094,-0.079632536,-0.267947,0.032946303,0.01729499,-0.16364932,0.014110802,0.31020325,0.08493441,0.18402168,0.14868136,-0.07474377,-0.20878983,0.16595104,0.041238792,0.11804575,0.06643388,-0.228649,-0.07626654,-0.07798544,0.25019488,0.1956553,0.052831706,0.23885134,-0.28218433,-0.0024975822,0.07487347,0.15940304,-0.7921467,0.3233187,-0.12177565,-0.17930613,0.05041895,-0.05799003,0.22232749,0.12390468,-0.04835702,-0.02917707,0.17928477,-0.08632937,0.30186585,-0.16002023,-0.00022619963,0.04353747,-5.092989,-0.06513201,0.06324675,0.25067562,-0.051945873,0.092875354,-0.219496,0.08262579,0.03889571,0.041733123,-0.094952665,0.22228804,0.028742265,-0.009153096,0.10142885,-0.042762328,-0.115692176,0.25299704,-0.045124784,0.17599186,0.14536461,-0.12849574,0.0050652423,0.07578478,0.05400334,-0.09780736,0.09403788,0.21450862,0.047462277,-0.08086688,0.16026554,0.028344925,-0.002875941,0.05323266,-0.1451188,0.044792794,0.030982895,-0.07874029,0.2543256,-0.018398013,-0.21065266,0.026886787,0.060146254,0.29007047,0.06792016,0.12451309,-0.044107884,-0.11619568,0.16815345,0.19065164,0.1580153,0.011774082,0.09751905,0.043542404,0.04161426,-0.059171245,0.034701794,-0.042498484,-0.07410036,0.050172035,-0.07986115,-0.24367186,0.14655407,0.16900903,-0.066607736,0.033499435,0.17195188,0.09351582,-0.03390803,-0.032232177,0.1303671,0.10804642,-0.01623011,-0.09215568,0.06594614,-0.081862055,-0.21314387,-0.3358369,0.13736928,-0.1554817,-0.22130243,-0.006558051,0.12764224,0.040238284,0.12731683,-0.17410429,-0.06796009,0.14800102,-0.023538586,0.018678274,-0.003995359,-0.12094726,-0.05887568,-0.027228741,-0.031480175,0.24537241,-0.16444096,0.13238709,0.1825968,-0.0071382793,-0.11133882,0.12984143,0.12385507,-0.12684451,0.051374357,-0.099092446,-0.056983966,0.12652332,-0.046408013,0.34686834,0.21353395,-0.21131584,-0.011562051,0.19062574,0.051590364,-0.07740066,-0.1340636,-0.2705788,0.17424205,-0.36786723,0.13652372,0.18763003,-0.17230077,0.14414999,-0.13006903,0.07957717,-0.117425,-0.19127628,-0.20918564,0.0696578,0.05386876,0.12487346,-0.18147251,0.19916205,-0.1044455,0.16483772,0.017373208,0.48002103,-0.1256297,0.05471429,0.19953334,0.208557,0.06011532,-0.2241667,-0.021481182,-0.5816407,0.049726974,-0.1124496,0.02690674,-0.03970647,0.22288954,0.16055281,0.016081186,-0.22218359,-0.027060281,-0.056910116,0.030207118,-0.18822245,-0.2108046,0.07039652,0.06016949,-0.09321193,0.20599696,-0.052200653,-0.03050931,0.11248096,0.023549374,0.028058123,-0.033220895,-0.0031328697,0.25799608,0.044311542,0.09793087,-0.018087337,0.14422303,-0.23545782,0.067137085,0.08789847,-0.0014430135,-0.09555452,0.0038676092,0.0087883845,-0.028664092,-0.056841396,0.13094382,0.216837,0.100219145,-0.039463423,-0.10254039,0.022448668,-0.20345938,-0.12841272,-0.116199076,-0.032197233,-0.015925024,-0.08400067,0.18221916,-0.22114179,-0.047522463,-0.30599424,-0.0723927,0.025164869,0.11023435,-0.01883535,-0.07905678,-0.1203374,0.14562835,-0.06910822,0.049196213,0.27612862,-0.1662137,0.122868575,0.110374704,-0.000957108,0.08797592,-0.026095629,0.15656503,-0.010711887,0.08068334,-0.14962712,-0.051821858,-0.26551747,-0.018945817,0.23706548,-0.24578246,0.105524346,-0.016556982,-0.13576978,-0.1796992,-0.1427638,0.2167885,0.029867504,0.053080767,-0.18087165,0.07152673,-0.30082938,-0.18633835,0.2621177,-0.08098672,-0.06402302,-0.18420723,0.18504512,0.028689448,-0.05445525,-0.03362908,-0.12223883,-0.04757877,-0.14102437,0.20017372,0.087645754,-0.028316887,-0.02849135,0.14851086,0.03967263,0.009999311,0.10374932,0.036982514,0.1141239
AKKVFKRLEKLFSKIWNWK,-0.28164306,-0.119382516,0.16868165,0.28427243,-0.06871858,-0.19860835,-0.08213025,0.050234895,0.018669484,-0.040805176,0.032259982,0.19869944,-0.027719308,0.08219675,0.08573682,-0.024852177,0.16459993,0.008414524,-0.033424344,-0.1335934,-0.32747555,0.040823426,0.0048313374,-0.15983938,2.2905922e-05,0.3399227,0.07279463,0.14653878,0.22297037,-0.02721726,-0.2614239,0.057791084,0.11788537,0.15576379,0.08444656,-0.19358167,-0.1244739,-0.09044336,0.20044826,0.1854212,-0.016525447,0.26802793,-0.22770561,0.024923142,0.08645891,0.10045804,-0.6173353,0.41509575,-0.12014875,-0.20984304,0.07568334,-0.10332786,0.2036066,0.111616224,0.029474644,-0.03716513,0.18905956,-0.09849711,0.27093035,-0.15614496,0.003509594,0.07345531,-4.983048,-0.07061165,0.043246605,0.25995678,-0.07942814,0.1858351,-0.21835974,0.076412,0.11442535,0.10915736,-0.115134515,0.19013426,0.049369175,-0.11208534,0.116429746,-0.09115609,-0.08509499,0.24747767,-0.0025042316,0.14413296,0.16081059,-0.10630215,-0.10702903,0.106093206,0.011964716,-0.08988444,0.07777536,0.28555515,0.062411256,0.019364858,0.16122153,-0.009327818,-0.014539814,-0.041220393,-0.2037996,0.10282319,-0.010119573,-0.06864607,0.29171586,-0.048592817,-0.29190198,0.016333483,0.041562896,0.30393928,0.08968308,0.14463791,0.04922088,-0.1946041,0.23188443,0.26955813,0.1899261,-0.001238322,0.13584629,-0.006999078,0.09486503,-0.10734641,0.06703011,-0.0042918785,-0.0903942,0.04176619,-0.14651158,-0.13611838,0.09565672,0.22581707,-0.07640393,0.0781523,0.22986305,0.059183497,0.062015586,-0.05652117,0.12347289,0.093664795,-0.056398027,-0.12541457,0.059648998,-0.084046885,-0.25160298,-0.3336244,0.1848696,-0.20460397,-0.21183345,0.012077139,0.18430503,0.06376269,0.14054534,-0.25322336,-0.06950668,0.085077085,-0.15409006,0.13612539,-0.02650794,-0.18474288,0.05003362,0.020400142,-0.037031077,0.26602548,-0.21106322,0.16626036,0.16162685,0.04175153,-0.15987049,0.17582792,0.09059745,-0.109638795,0.032340866,-0.07889255,-0.066643834,0.110790774,-0.01914431,0.3360227,0.28541794,-0.24962461,-0.03975325,0.21559055,-0.008185561,-0.121624984,-0.09971043,-0.2742134,0.17381424,-0.411628,0.123859815,0.19085768,-0.14999974,0.16189958,-0.2010241,0.102816686,-0.12024089,-0.19657762,-0.27297977,0.12961805,-0.06604997,0.14003113,-0.12697704,0.14211176,-0.16644236,0.18830751,0.006204441,0.5620561,-0.15088494,0.048040826,0.21060714,0.22607096,0.08556833,-0.2555775,-0.009257583,-0.5262387,0.06629936,-0.08269856,0.005787462,-0.051668555,0.33342177,0.07711432,0.032509465,-0.28688437,0.004092025,-0.060144264,0.073589765,-0.2459917,-0.24263807,0.07016974,0.03988251,-0.06472999,0.28621086,-0.05898698,-0.12932129,0.1332378,0.052867334,0.030284578,-0.091437824,0.014173909,0.27232507,0.003206679,0.12156912,-0.044378806,0.16488044,-0.2205675,0.05685181,0.115070716,-0.031558827,-0.08531391,0.06760023,0.03399896,-0.060195845,-0.061176147,0.13048117,0.28476802,0.11129807,-0.039236348,-0.19934794,0.011781074,-0.23953918,-0.15887102,-0.19285288,-0.04916473,0.020742984,-0.10202438,0.17904375,-0.15740104,-0.0995278,-0.37218082,-0.11598092,0.02625629,0.1376837,0.061146457,-0.08804697,-0.031030959,0.1940364,-0.106042475,0.07991988,0.32709298,-0.21245053,0.11022638,0.057953596,-0.023896694,0.08589955,-0.0738315,0.20900023,-0.07491303,0.07774039,-0.24667145,-0.07296816,-0.31252322,-0.025344644,0.21541189,-0.2735032,0.12978582,-0.00892204,-0.13629465,-0.14058825,-0.1628093,0.22257063,0.017425653,0.06045816,-0.2707029,0.09557674,-0.36429125,-0.08716815,0.26125756,-0.11195049,-0.13852456,-0.23527509,0.2050915,0.06669171,-0.124372944,0.0036453214,-0.06180723,-0.11183106,-0.11921993,0.20770463,0.1054215,-0.038614202,-0.028598337,0.1306432,0.05864384,0.070704326,0.12396763,0.03390126,0.17204106
AKKVFKRLEKLFSKIFNFK,-0.29247782,-0.22461526,0.1872228,0.3157474,-0.11796733,-0.15568188,-0.04480264,0.04213663,-0.008703405,-0.042295467,0.038566217,0.2213778,-0.031161124,0.07572559,-0.031562682,-0.00070511445,0.15479542,-0.057076223,-0.025565902,-0.055478767,-0.321317,0.09067954,0.06746896,-0.12093744,0.017645348,0.36407068,0.028549215,0.24594952,0.21495962,-0.0456894,-0.17333013,0.17875889,0.1286015,0.170555,0.17228082,-0.29501903,-0.028184028,-0.13288891,0.26517338,0.24049863,-0.038945016,0.25495428,-0.25428042,-0.020832391,0.040980298,0.17766806,-0.73111045,0.38006368,-0.057831913,-0.22827962,0.13840613,-0.17336342,0.20259328,0.10752574,-0.107686654,0.005169638,0.102414474,-0.087151274,0.25618625,-0.24340183,0.012315428,0.07808995,-4.947248,-0.019342802,0.06616512,0.29623923,-0.11591023,0.015852446,-0.25363794,0.14022891,0.109753214,0.07545,-0.2728107,0.21606652,0.03943715,-0.07076555,0.035097897,-0.06506846,-0.0521175,0.25749692,-0.13731758,0.20423596,0.16893567,-0.17621666,-0.02975143,-0.0096356645,-0.013263979,-0.07027739,0.1376349,0.26129183,0.15383446,-0.027663594,0.20186064,-0.03319908,-0.0762281,0.04891182,-0.18560417,0.091271505,-0.05944872,-0.06463831,0.27312443,-0.10628741,-0.32282794,-0.006947448,0.11317448,0.2968398,0.081383914,0.083017,0.0927514,-0.1074538,0.18055566,0.19904391,0.08190836,-0.04126911,0.14528677,0.14552572,2.9812966e-06,0.0410316,0.059940644,-0.024265822,0.029747773,0.115613066,-0.17635177,-0.32765847,0.050355442,0.20169194,-0.07492481,0.04819726,0.1612173,0.07266728,0.010239303,0.014200886,0.16321713,0.12335077,-0.0769435,-0.04799521,0.03811374,-0.03275912,-0.24412057,-0.3344046,0.2691585,-0.26351264,-0.25399432,-0.009798731,0.124898806,0.11547772,0.097116366,-0.18109706,-0.12553747,0.057094727,-0.14942768,0.09639958,-0.007908361,-0.11324971,-0.028304895,0.013112851,-0.06796838,0.18536751,-0.15628468,0.1330649,0.19054544,0.023595896,-0.18246801,0.19335139,0.10668978,-0.09357689,0.0061224997,-0.09495803,0.03995102,0.04853088,0.024541214,0.34604698,0.23099552,-0.26557794,0.026363958,0.18227503,-0.022354994,-0.10689237,-0.17268737,-0.3295493,0.21984652,-0.4820396,0.08174821,0.12177557,-0.11200976,0.11928433,-0.26653123,0.17383449,-0.2133499,-0.15925509,-0.2609184,0.12577145,-0.0684272,0.17069605,-0.116812006,0.19764087,-0.07342788,0.1768007,-0.062944695,0.57462263,-0.1282546,0.046098113,0.23348838,0.17942475,0.038332645,-0.19788724,-0.0223677,-0.809945,0.06314043,-0.08260252,0.051988594,-0.021509904,0.25709042,0.17324075,0.001463783,-0.2160837,-0.014612808,-0.06587449,0.023586493,-0.09953831,-0.28372207,-0.011541031,0.12137565,-0.09700743,0.29804406,-0.12861888,-0.038859006,0.17255828,-0.060990788,0.019019287,-0.078730926,-0.001353525,0.34347683,0.15553267,0.1586868,0.03700407,0.1772246,-0.22272523,0.076361485,0.049076132,-0.102094345,-0.121809736,0.01395022,0.07420998,-0.08208802,-0.072828256,0.27646965,0.31566015,0.12246674,-0.036697038,-0.12215844,-0.008911891,-0.2754112,-0.16213758,-0.23576659,-0.08551639,0.0019183613,-0.13309449,0.23688403,-0.20861362,-0.10911614,-0.28522784,-0.1040442,0.06542468,0.108208194,-0.062344085,-0.110258855,-0.055111483,0.28840598,-0.07845992,0.08021997,0.2819287,-0.12238969,0.15575245,0.12980859,-0.03641404,0.1015441,-0.050981358,0.27760124,0.028279122,0.0038796882,-0.15403959,-0.10388871,-0.25839823,-0.044873487,0.15132006,-0.30957437,0.13101155,0.047485713,-0.20910323,-0.18853013,-0.16985548,0.26237914,0.05108349,0.091051996,-0.26428193,0.07813741,-0.26511607,-0.15885943,0.23507057,-0.15664025,-0.14936714,-0.25392267,0.2987964,-0.0030511874,-0.014042114,-0.07069572,-0.14472991,-0.08002971,-0.092508994,0.3345721,0.09875282,0.0872367,-0.0026050862,0.02775151,0.08058451,-0.0089876875,0.18784277,0.08797801,0.23198707
AKKVFKRLEKLFSKIYNYK,-0.20844641,-0.1926448,0.20064935,0.31670335,-0.021703508,-0.18493417,-0.11245999,0.013133881,-0.047007255,-0.15769206,0.008823179,0.16178778,-0.08394176,0.09388381,-0.08456219,-0.010228214,0.24800664,-0.015738487,0.09729739,-0.039329708,-0.15342912,-0.0022625888,0.12327476,-0.10901754,0.08510971,0.3839915,0.013431007,0.2431931,0.1400245,-0.09067419,-0.15352774,0.28610778,0.0693665,0.06716412,0.0629032,-0.3006121,-0.020732993,-0.12848797,0.27718854,0.22786067,-0.004306226,0.24547733,-0.18853353,-0.051355522,0.052438553,0.20026064,-0.9919068,0.2643676,-0.08458707,-0.20494616,0.121210255,-0.047362752,0.23253359,0.043891266,-0.13465998,-0.08789595,0.14525191,-0.1131167,0.20135438,-0.19133385,0.044983342,-0.015303953,-5.0744987,-0.065288134,0.09727324,0.2411591,-0.06420029,0.0895111,-0.26680323,0.13545565,-0.026058836,0.07430642,-0.1983414,0.20720837,0.015713785,-0.02876681,0.038254548,-0.12567617,-0.065598406,0.24986342,0.00436696,0.22797896,0.108977094,-0.10226685,0.07119154,-0.018807719,-0.006442364,-0.058550887,0.11822891,0.20935556,0.052051034,-0.050663255,0.19106935,0.061565407,-0.05680694,0.13478796,-0.06947578,0.047240272,-0.0083624795,-0.1530258,0.19248386,-0.0046891095,-0.14586836,0.038601633,0.11784855,0.2945815,0.021370908,0.10210107,-0.013846829,-0.09968652,0.089440785,0.097085565,0.11956551,0.040159497,0.025284026,0.089296795,0.050383873,-0.0022521785,-0.05942474,-0.11519514,-0.08440202,0.023538018,-0.08285622,-0.36842084,0.15340611,0.13670337,-0.053459305,-0.030217094,0.11253225,0.13017303,-0.035570253,-0.006810864,0.22462976,0.17089245,0.018232282,-0.08005798,0.03608151,0.0017181905,-0.16241859,-0.2979977,0.25302356,-0.18577416,-0.26881987,-0.002043741,0.0774241,0.029343491,0.07481206,-0.18053095,-0.108131826,0.19502449,-0.012585369,0.03238835,0.04308624,-0.09179534,-0.13109124,-0.10519334,-0.08619326,0.20676963,-0.1447652,0.10565375,0.17922847,-0.013947443,-0.18033198,0.14346528,0.079888605,-0.14030293,0.005785759,-0.028809216,0.026174948,0.086003326,0.00056732836,0.22777723,0.21957995,-0.18573612,0.0011991148,0.14395101,0.061287504,-0.08348346,-0.14370012,-0.34648696,0.10265452,-0.44005176,0.096171424,0.17015164,-0.12404779,0.1954709,-0.20517367,0.13362685,-0.18922172,-0.16585031,-0.18007939,0.034827165,0.14726098,0.16465919,-0.07514594,0.10304835,-0.025410363,0.13365439,-0.0030273015,0.51014,-0.03957995,0.06269198,0.21083395,0.13383797,0.0694559,-0.24078938,-0.040241055,-0.78845197,0.0519077,-0.12462326,0.081700034,-0.039572958,0.109808944,0.20481451,-0.054557625,-0.13321282,0.03327238,-0.0533971,-0.021567842,-0.12290842,-0.3087993,0.055311605,0.108651936,-0.085662626,0.13697423,-0.12114963,-0.041064575,0.09189067,-0.0045554326,0.12677452,-0.028421598,0.019648893,0.20331982,0.15388124,0.1234663,0.046591345,0.15103129,-0.26260832,0.11029257,0.12194298,-0.12741734,-0.1556073,-0.033783358,0.09655354,-0.10315486,-0.091462985,0.31234577,0.2676103,0.048646126,-0.037945673,-0.0901662,0.06879061,-0.17071424,-0.052632313,-0.1266503,-0.052840896,-0.069568545,-0.12687434,0.29007602,-0.29169872,-0.022255935,-0.1830564,-0.05834202,0.054714657,0.10130204,-0.021403005,-0.05865404,-0.08548094,0.24157055,-0.07370125,0.0028913645,0.20508271,-0.048782133,0.094025545,0.122526474,-0.023714516,0.07006617,0.02950662,0.22881663,0.06464108,0.007116024,-0.03018571,-0.04517518,-0.17397812,0.047381584,0.2934462,-0.30657268,0.080310404,0.06282087,-0.22859117,-0.22906624,-0.17283213,0.2202291,0.09100205,0.061973136,-0.124234855,0.05283647,-0.17849255,-0.28799206,0.2445626,-0.05653689,-0.07852346,-0.21787149,0.27580374,0.0026929379,0.010510211,-0.11393738,-0.14847147,-0.057598125,-0.049359743,0.2261503,0.037092023,0.042683534,-0.06988765,0.09575291,0.05291956,-0.00897349,0.10000253,0.14150034,0.0832539
FLGWLFKVASK,-0.09878336,-0.021181794,0.17950003,0.1678082,-0.030903438,-0.18296862,-0.17694515,-0.045456454,-0.13141847,0.032318056,0.122251086,0.18809295,0.09410605,-0.07146883,-0.1133187,0.10479017,0.1314466,-0.017680435,0.0716014,-0.20794138,-0.36565283,0.07867702,0.027128,-0.07337257,-0.16121128,0.35003936,0.08250979,0.17649835,0.25004908,0.040308133,-0.37660784,-0.16269842,-0.019244157,-0.055102732,0.020055862,-0.41327712,0.085733265,-0.027177747,0.2749976,0.2925134,-0.095784426,0.21511017,-0.13951214,-0.10734541,0.1870336,0.013604013,-0.73802525,0.3535069,-0.12699144,-0.166634,0.07558941,-0.13487573,0.16675697,0.16470526,-0.1435602,-0.013688064,0.124888256,0.00048855634,0.15600671,-0.11367301,-0.1332377,0.1195681,-4.99629,-0.071590714,0.0080604805,-0.024719607,-0.10892325,0.2831543,-0.11302242,0.046174947,-0.012098606,0.05647389,-0.25047997,0.11653724,0.07196227,0.008481322,0.063970365,-0.1398585,0.010935034,0.35310683,0.11173491,0.012178818,0.15326224,-0.017722152,-0.14031981,-0.01023898,-0.0746411,0.031389512,0.10722893,0.09591873,0.044735033,0.03834217,0.060840204,0.061475817,0.0130912205,-0.017775223,-0.11697087,0.18669926,0.13682306,-0.22953114,0.044252492,-0.017092917,-0.29031178,-0.15536703,0.032098956,0.44246638,0.1001265,0.02331597,0.048898615,-0.0879068,0.15236525,0.39517465,0.22489527,0.11962172,0.041487455,0.1176989,0.025925351,-0.05243006,-0.16525136,0.062262736,-0.16156207,-0.019443681,-0.13335209,0.0077868355,-0.043613553,0.06989713,-0.04989985,0.022126358,0.11436426,-0.012912744,0.088821374,-0.081387915,0.17671584,0.0129755195,0.0062023345,0.030024644,-0.02175029,-0.14907517,-0.23757373,-0.0758778,0.19991277,-0.05495815,-0.15342458,-0.10407769,0.0942779,-0.04144639,0.10268745,-0.22864382,-0.20700596,-0.01654303,-0.2532641,0.008075656,0.015798599,-0.1402676,0.204844,-0.05156196,-0.061807,0.15960392,-0.025239248,0.24715461,0.16534358,-0.05173982,-0.08415851,-0.039282594,-0.032619003,-0.09768559,0.04754362,-0.087035224,0.02006691,0.15235518,0.10924627,0.3530765,0.12059153,-0.070998326,0.045123376,0.057431642,0.07298481,-0.033781614,-0.088752046,-0.28948724,0.14802608,-0.35688254,0.0027141124,0.16567495,-0.043876924,0.14251187,-0.19427973,0.13149123,-0.18433431,-0.2258868,-0.39063329,0.22616625,0.21210743,0.21615733,-0.018179502,0.17272846,-0.19118968,0.15223251,0.086989895,0.42588985,-0.097607285,0.20364285,0.2956993,0.34241456,0.0098698735,-0.02641476,-0.07424739,-0.29003373,-0.11525696,0.15768455,-0.04918709,-0.0552626,0.215232,0.109932646,-0.0942336,-0.13942465,-0.011303787,-0.07863699,0.033761762,-0.34126648,-0.24425285,0.030646099,0.18119091,-0.07485084,0.17435192,-0.09797447,-0.19963118,0.055732504,-0.007959132,0.10298029,-0.06258803,0.030343087,0.4153717,0.033575673,0.16655356,0.07178617,0.23868865,-0.24929358,0.16876715,0.060059164,0.019681105,-0.06380438,0.026934434,0.11844817,-0.17381158,-0.20443383,0.2368975,0.2726157,0.13513875,0.1191332,-0.16844955,-0.049119346,-0.20306198,-0.34383985,-0.3553093,-0.15552337,-0.1434159,-0.10487457,0.3621566,-0.22855598,-0.03285413,-0.21674898,-0.0012698357,0.023662655,0.12971106,-0.024476817,0.007217092,-0.09583461,0.22712533,0.027297769,-0.033040363,0.34773165,0.032269742,0.19956395,0.10780045,-0.10158755,0.040548507,0.14962243,0.1611787,0.06506117,0.08573194,-0.27777123,-0.021488883,-0.101435505,0.07563067,0.046206787,-0.24377385,0.116553426,0.008154046,-0.1905416,-0.1039247,-0.1639171,0.37115335,0.09228576,0.0457804,-0.24433763,-0.022874832,-0.32342166,-0.21089135,0.29423797,0.006638426,-0.23181799,-0.14682189,0.31055662,-0.0040605315,-0.17218515,0.04601244,-0.09825627,-0.23485936,0.032740936,0.056983795,0.019072087,0.059262972,0.08641613,-0.0324443,0.024454953,0.066124566,0.2404618,0.12750521,0.15726215
GLPALISWIKRKRQQ,-0.06558055,-0.13823737,0.2256567,0.24170253,-0.07616545,-0.14824264,-0.19273949,-0.017257616,0.048666663,-0.053545125,0.06261709,0.12818266,-0.09106622,0.14584535,-0.0729602,0.08209174,0.20861262,-0.040896703,0.20690563,-0.101029225,-0.31945348,0.06716957,-0.17248026,0.056481116,-0.04077043,0.33067405,0.14223121,0.06734154,0.19460493,-0.033573754,-0.19667396,-0.16325505,0.01420372,-0.11181941,-0.0014648017,-0.22303991,0.17282379,-0.036327556,0.31711006,0.15730445,-0.10520233,0.18405324,-0.04349562,-0.11117335,0.12887733,0.051956907,-0.7277817,0.27926612,-0.050358884,-0.23471476,0.07077032,0.0668426,0.22108065,0.07808827,-0.03674665,-0.04664519,0.16619557,0.046913967,0.10588469,-0.09462629,-0.1249378,-0.06538073,-5.0803537,-0.08776107,0.052650414,-0.016442008,-0.059033457,0.23443043,-0.105450444,0.13312061,-0.13595775,-0.026052475,-0.10377259,0.25611147,0.05936345,-0.007105908,0.0749485,-0.056610268,-0.040121026,0.34072083,0.037012927,0.05179774,0.02885477,-0.001175255,-0.057654835,-0.2157358,0.111736976,-0.03953565,0.09813729,0.019759014,-0.08659549,0.044477407,0.0801359,-0.0055867257,-0.08766836,0.12341119,-0.15545236,0.20470881,-0.05373683,-0.18667378,0.12119824,0.012999962,-0.1742331,-0.12458488,-0.024254158,0.30844396,0.005260385,0.0439209,0.04633251,-0.094912514,0.21846978,0.32415402,0.25475413,0.10956424,0.019461628,0.07478058,-0.078011885,-0.004935985,-0.1291815,0.03306374,-0.0910269,-0.07393781,-0.06318153,0.018894667,0.058263104,-0.08123821,-0.14957184,-0.16508512,0.10091386,-0.031386286,0.1463924,-0.008722835,0.07266089,0.06824263,0.10642861,-0.12500994,0.14306794,-0.20518424,-0.08259786,-0.090084314,0.12959364,-0.08772069,-0.20286168,-0.053062685,0.059324574,-0.04382772,0.030688163,-0.10188263,-0.17118147,0.12817048,-0.15284897,0.03976973,-0.0070541613,-0.18536545,0.055196587,-0.06585733,0.07917782,0.063266195,-0.029427612,0.1644829,0.108545855,-0.03551833,-0.114202514,-0.15672468,0.01751082,-0.10701441,-0.031475738,-0.035500105,0.028149351,0.116599,0.10340655,0.20798713,0.07035535,-0.13214104,0.07014112,0.14355107,0.16830963,-0.024438921,-0.041298598,-0.26129353,0.052149374,-0.2393924,0.011127081,0.0642545,-0.020269586,0.122895434,-0.24706091,0.109019674,-0.16032565,-0.14946431,-0.12568235,0.10040075,0.38757953,0.18298164,0.04251241,0.020018086,-0.13480037,0.072626114,0.12878533,0.36880866,-0.060466796,0.1926882,0.20949873,0.30643588,0.059299525,-0.19157183,-0.05309738,-0.2712568,-0.013547967,0.086995035,-0.08916231,-0.12343917,0.09635555,0.031279325,-0.06258664,-0.040294733,0.008004061,-0.12711634,0.038935766,-0.21049811,-0.27329135,0.059373125,0.21055253,0.070848465,0.23377155,-0.039623648,-0.10716173,0.092113174,-0.009530157,0.11747791,-0.06728042,0.012389131,0.35941347,-0.1422731,0.01311491,0.08051262,0.17144702,-0.15822418,0.08455868,0.063459076,-0.05657856,-0.14117752,-0.004717589,0.14585777,-0.14700945,-0.033488076,0.20621231,0.19053893,0.2223231,0.09243592,-0.15947051,-0.05524003,-0.048499912,-0.1491924,-0.18296514,-0.019440278,-0.054445732,-0.121360384,0.22108762,-0.14852683,0.10915494,-0.09498733,-0.062264428,0.017303918,0.021584682,-0.13216975,0.055023868,-0.15297654,0.21159865,-0.0634312,-0.025740888,0.31407064,-0.018344704,0.2379432,0.052245997,-0.12652294,-0.003126342,0.22006726,0.05277874,0.10849267,0.07164171,-0.2879001,-0.033551216,-0.1333701,0.023783298,0.26461095,-0.13618508,0.02647041,-0.04760316,-0.25702846,-0.025715,-0.08836795,0.32461053,0.03262876,-0.013067433,-0.23846705,-0.05528465,-0.13547261,-0.2739633,0.3345159,-0.039684787,-0.059657685,-0.15665406,0.20369594,-0.034040045,-0.1438256,0.026345301,-0.0038879216,-0.11563932,-0.07371447,-0.00454261,0.01100307,0.050693892,0.07383744,0.10986575,0.05124255,0.047477923,0.12596583,-0.012240688,-0.0077522923
LLPALISWIKRKRQQ,-0.051176578,-0.14410123,0.22909829,0.31559196,-0.091197975,-0.1463908,-0.23001072,-0.03403482,0.06958138,-0.06921258,0.02537378,0.17339562,-0.09208533,0.115213536,-0.10449359,0.019950971,0.25319707,-0.09235983,0.21338964,-0.14216818,-0.28357387,0.07434211,-0.14737397,0.12285859,0.019632319,0.3661182,0.09408424,0.0660538,0.24823958,-0.027518844,-0.1600102,-0.20573486,0.040987533,-0.074673444,0.04512641,-0.2759571,0.1697429,-0.056777734,0.31903338,0.17842786,-0.12553811,0.17349456,0.04294777,-0.097144805,0.17044328,0.04329037,-0.8233451,0.2878707,-0.052294936,-0.23649877,0.087854505,0.06594961,0.22579844,0.071521394,-0.038055785,-0.06628154,0.13613069,0.038410906,0.07887014,-0.14517273,-0.13407004,-0.049435057,-5.054563,-0.0065470487,0.029699866,-0.035504565,-0.075235866,0.22583377,-0.21873653,0.11940381,-0.1141337,-0.016507674,-0.16056997,0.21344478,0.07997729,-0.048032545,0.051911622,-0.09553444,0.0067110904,0.33740136,0.03224219,0.06468765,0.0053526866,0.032657854,-0.100211315,-0.18498732,0.06424803,-0.027292117,0.06400704,0.059924398,-0.12056588,0.08551364,0.05341205,-0.036073964,-0.14481764,0.119460866,-0.20818068,0.22144604,-0.014434054,-0.23069407,0.05172366,-0.03089773,-0.19671163,-0.14455919,0.05766811,0.29152942,0.035969824,0.06761468,0.085310295,-0.0982073,0.24895932,0.32831696,0.29652008,0.12136524,0.039938007,0.036055334,-0.07152071,-0.004271976,-0.11709027,0.0950949,-0.110099144,-0.09477865,-0.10207006,0.013625576,0.111804135,-0.09650336,-0.10094313,-0.2030181,0.1253668,-0.048204046,0.1551081,-0.00815595,0.14738421,0.085534476,0.09012707,-0.09987383,0.11131612,-0.17251875,-0.054024983,-0.09959875,0.18048513,-0.097527124,-0.19041884,-0.07642931,0.043953013,-0.064702556,0.00772584,-0.10191306,-0.14479657,0.12976599,-0.1783375,-0.010031097,-0.031103568,-0.25736862,0.15069893,-0.09035954,0.06848624,0.052771233,-0.008517068,0.15443885,0.07999626,-0.05315414,-0.08747093,-0.12054814,0.020329818,-0.121409826,-0.03855786,-0.05722606,0.043733098,0.19194666,0.14114279,0.21849608,0.0920746,-0.11443208,0.100620046,0.15005204,0.23433302,-0.021823013,-0.040477082,-0.27261665,0.03291572,-0.3044147,-0.007672317,0.07582744,0.045459952,0.0465386,-0.28159013,0.110391796,-0.15277234,-0.15476604,-0.17264634,0.11538901,0.4237213,0.18527104,0.095935196,0.015951898,-0.16736431,0.060973793,0.12024277,0.39909396,-0.03684616,0.13986725,0.20550747,0.24188173,0.079736985,-0.20895551,-0.03634854,-0.3181931,0.00033242212,0.105460994,-0.11703843,-0.10382839,0.09018642,0.03906992,-0.10586179,-0.021808647,0.075786225,-0.036861803,0.019627118,-0.23204604,-0.26748738,0.010625293,0.1736621,0.049918406,0.20546214,-0.05119421,-0.075458415,0.114242636,-0.04237576,0.13662332,-0.11295648,0.052583512,0.3629184,-0.14775759,0.060208946,0.08556117,0.17467389,-0.16514437,0.08551103,0.07402579,-0.07838448,-0.17321266,0.0011701674,0.16939214,-0.15698579,-0.044020493,0.18592525,0.22721888,0.23827738,0.10856941,-0.21187331,-0.065090574,-0.06481547,-0.15919735,-0.22451721,-0.005013395,-0.016245048,-0.12729664,0.27711418,-0.17656833,0.14578564,-0.16389926,-0.10412388,0.017263867,0.011487297,-0.110869355,0.032672863,-0.15398954,0.22070691,-0.028846024,-0.03650302,0.34644404,0.0133438995,0.21925905,0.03627583,-0.15557998,-0.041286714,0.24179332,0.042233475,0.14171425,0.037801057,-0.30604765,-0.051884875,-0.14161842,0.06605203,0.2640616,-0.2007838,0.07296647,0.05117345,-0.29658574,-0.025127737,-0.12155997,0.34266835,0.0069694347,-0.06574468,-0.26271176,-0.0730278,-0.09121279,-0.30149293,0.34576917,0.0016359836,-0.13110101,-0.2017048,0.24959517,-0.0092628375,-0.13573982,-0.044271737,0.08332224,-0.1396906,0.037262075,-0.0009337629,0.01797317,0.111530215,0.08849841,0.09237778,0.077479474,0.07612605,0.15790343,0.014084083,0.07564326
GSPALISWIKRKRQQ,-0.009891224,-0.31925127,0.22640361,0.20697911,-0.024206122,-0.16309004,-0.21827625,0.0114897415,-0.035010904,-0.117226504,-0.017250156,0.30179867,-0.10839151,0.1731912,-0.22370677,0.07130947,0.2578688,-0.098904096,0.24492922,-0.15272038,-0.34094405,0.081695035,-0.1273812,0.06360666,0.046276458,0.3712412,0.0452756,0.08244813,0.11735842,-0.09098878,-0.05446333,-0.15257372,0.038907964,-0.29060572,0.16813527,-0.41682038,0.21886303,-0.15331398,0.37601045,0.120608024,-0.14115462,0.19053765,0.06904322,-0.07277542,-0.10160801,-0.0053635063,-1.0503047,0.20470697,-0.06489247,-0.12058986,0.08312613,0.058803264,0.25504604,-0.011955909,-0.06610025,-0.15828674,0.18168367,0.082718,0.096179165,-0.1969631,-0.04491507,-0.07937029,-5.058476,-0.06695539,0.021845754,-0.054336492,-0.042308807,0.2175671,-0.11162951,0.23232877,-0.23992962,-0.046532005,-0.1299599,0.23565613,0.043958537,0.07230466,0.10680305,-0.032899987,0.04014523,0.36016133,0.11585866,0.042515658,0.005578097,0.17429088,-0.087128446,-0.2803063,0.13786475,0.0522003,0.16748776,0.021039162,-0.019102657,0.118647635,0.0756907,0.030004255,-0.2205308,0.105391376,-0.21075913,0.3048394,-0.06851067,-0.18153068,0.009475268,0.02853598,-0.06665031,-0.07717055,0.030487955,0.28984088,0.01107981,0.11306509,0.14559643,-0.1775312,0.09574749,0.28255668,0.20985378,0.0752796,0.11418281,0.123315744,-0.14375487,-0.06389306,-0.21057124,0.066874474,-0.070919596,-0.061276212,-0.08069905,0.040102005,0.048902117,-0.19615278,-0.078125425,-0.15362628,0.00661268,-0.056740157,0.068808876,0.020967519,0.13703325,0.023993783,0.072531216,-0.0344266,0.10141012,-0.13146897,-0.041604567,-0.047018357,0.21524355,-0.041165072,-0.18554403,0.00624636,0.012617104,0.021105427,-0.037697345,-0.1376821,-0.15249482,0.1071088,-0.21767125,0.034215692,0.037440713,-0.28749588,0.08334961,-0.1283124,0.059456244,0.07434754,-0.07963171,0.19194366,0.085691355,-0.16785914,-0.056570403,-0.19433503,0.05326415,-0.042994786,-0.15793902,-0.079307415,-0.005764237,0.06364026,0.069880016,0.21062948,0.05738067,-0.12045755,0.047527764,0.18558793,0.21009648,-0.16420218,-0.04877693,-0.23445824,0.037986875,-0.30696607,0.020793442,-0.05170897,0.0085420925,0.09298423,-0.39444616,0.2324383,-0.19234945,-0.046544757,-0.15904592,0.07115183,0.49907982,0.17357767,0.23340148,-0.06293761,-0.021834549,0.032567196,0.13249867,0.43440562,-0.07788278,0.06466503,0.123981856,0.23495363,0.040766384,-0.26888502,-0.06663864,-0.29882523,0.06634534,0.15641443,0.019677516,-0.07935408,-0.032591213,0.19357282,-0.07608795,0.07383601,0.023873271,-0.066386215,-0.057978727,-0.12628242,-0.33707058,-0.04178879,0.27707994,0.09460845,0.1382259,-0.06149807,0.024034584,0.17463969,-0.07246634,0.18327177,-0.04868135,-0.06290822,0.26965982,-0.061202034,0.12783411,0.22554766,0.29231924,-0.26627317,0.04411536,0.03479576,-0.12933345,-0.19507043,-0.08412547,0.16996951,-0.16887361,0.0037764222,0.28030315,0.3092755,0.21960163,0.17308159,-0.15750918,0.027765112,-0.061559517,-0.15983725,-0.14173786,-0.09278005,-0.029980253,-0.19821341,0.29316777,-0.3443315,0.11770327,-0.073561676,-0.030071963,0.09621474,0.0029863531,-0.12018981,0.005060328,-0.13169399,0.20525385,-0.017144427,0.05322531,0.28225747,0.13589527,0.23619579,-0.0076561132,-0.19172545,-0.030960338,0.26796305,0.14113785,0.28431204,-0.016116664,-0.24543352,0.048918117,-0.010080484,0.042574566,0.27200168,-0.10735915,0.08588015,-0.15540068,-0.2839232,-0.042603742,-0.1439496,0.41251227,0.045016322,0.021384986,-0.24546118,-0.024307586,-0.094757415,-0.41545677,0.24119279,-0.02350653,-0.092321075,-0.21025883,0.25591415,-0.054670222,-0.08800109,-0.1368758,0.08969716,-0.14925478,0.019862862,0.03013514,-0.13453925,0.14207734,0.15082327,0.032268554,0.19634458,0.075353615,0.1129642,0.09012605,-0.014427436
GLLALISWIKRKRQQ,-0.029872553,0.004100605,0.19355214,0.30431116,-0.106995344,-0.20125532,-0.23928744,-0.037885405,0.08770148,0.0038989782,0.09394544,0.13199341,-0.10384637,0.07439488,0.005704529,0.02872196,0.24278298,-0.05535359,0.19454917,-0.15575436,-0.29188424,0.050112896,-0.18045263,0.093790226,-0.0061147967,0.31486875,0.13310516,0.10675873,0.27041784,-0.030887365,-0.25385043,-0.16575158,0.08699662,0.015459909,-0.07407713,-0.2286097,0.106432326,0.020320285,0.26803768,0.21262847,-0.08741918,0.17040683,-0.121738195,-0.17593378,0.2059221,0.036018673,-0.75530463,0.33397222,-0.06982198,-0.24721874,0.064922266,0.033134706,0.23813035,0.063184544,-0.07022809,-0.02920905,0.14762287,0.007907655,0.013133293,-0.10013747,-0.18732478,-0.049066454,-5.0268526,-0.0067631425,0.08790788,-0.02548362,-0.06491661,0.265579,-0.1641887,0.07244115,-0.086623035,-0.0069715627,-0.16640188,0.177921,0.12203425,-0.027558174,0.02233347,-0.02910555,-0.04024446,0.34062243,0.018730538,0.078913674,0.034205332,-0.05857431,-0.09113242,-0.14352043,0.048704706,-0.06226593,0.07110782,0.052471,-0.109349295,0.006782593,0.10513506,0.036277633,-0.049356684,0.09422584,-0.21175618,0.1451283,0.047688596,-0.25780076,0.11558935,-0.005746152,-0.23892507,-0.13097411,0.013575172,0.34314242,0.020497503,0.06983185,0.013987392,-0.087230615,0.27053124,0.3398244,0.3228894,0.14397837,0.033588633,0.024877775,-0.0042757513,-0.006814613,-0.10125762,0.08916553,-0.16036189,-0.096160874,-0.10100997,0.044850364,0.1009338,-0.0129740685,-0.123070784,-0.15284657,0.14929806,0.025053788,0.15783848,-0.007537556,0.055772576,0.083231226,0.10056347,-0.149314,0.09884885,-0.22633243,-0.074142456,-0.085958906,0.15252554,-0.11867847,-0.20918986,-0.07423955,0.086918406,-0.101793006,0.051357944,-0.09884461,-0.18961169,0.083498396,-0.1402333,0.050467335,-0.06708498,-0.21551107,0.112175114,-0.030806359,0.022364147,0.055928305,0.001755178,0.14877452,0.11869624,-0.031764712,-0.110496394,-0.13986242,0.020800589,-0.10339176,0.045727406,-0.032874465,0.04630023,0.1374436,0.122334845,0.20459919,0.12138754,-0.1351562,0.10707372,0.10978766,0.21253793,0.0015655336,-0.037935715,-0.30604535,-0.002976493,-0.19153717,-0.059415005,0.12712313,-0.049056932,0.11293416,-0.21365687,0.07212033,-0.14426011,-0.15367612,-0.16548675,0.10810313,0.33493018,0.25421405,0.043500468,0.07108837,-0.20166075,0.09574413,0.10669968,0.39795348,-0.07244179,0.20936431,0.27307254,0.32223698,-0.015739953,-0.15720403,-0.0057448703,-0.3097899,-0.037074562,0.03713862,-0.09411911,-0.07172467,0.11874372,0.011177483,-0.093799844,-0.13277125,0.019368498,-0.08118058,0.09069921,-0.22826138,-0.19599855,0.10561992,0.1779039,0.043012828,0.2579705,-0.084720045,-0.20115906,0.083443575,-0.0047007687,0.089611284,-0.120597556,0.042120486,0.39312968,-0.11193655,-0.004564992,0.03518946,0.10386543,-0.15256059,0.09781202,0.074012056,-0.0014274821,-0.13690892,0.020630859,0.12820221,-0.13292965,-0.11925843,0.20875335,0.20743959,0.24213302,0.06604823,-0.207092,-0.1282746,-0.053666867,-0.15889485,-0.24490392,0.0014664057,-0.13702531,-0.13085358,0.23461157,-0.13234499,0.11536301,-0.14540954,-0.09338923,-0.018452544,0.04402943,-0.07368174,0.052514717,-0.1802973,0.23807907,0.013200411,-0.06995079,0.3605182,-0.04752113,0.22391285,0.08100729,-0.10879688,0.037297692,0.20903593,0.038345784,0.053950857,0.10596996,-0.31122255,-0.051567882,-0.18219724,0.03607825,0.26495036,-0.16637959,0.04391113,0.020711903,-0.28123975,0.008556303,-0.121466495,0.30376232,0.035852432,-0.026546909,-0.2388095,-0.10567225,-0.1355486,-0.2645922,0.38553023,0.034384407,-0.053422257,-0.15103759,0.2264687,-0.040669233,-0.23025,0.104666606,0.017048618,-0.12200335,-0.0454652,-0.016540708,0.040347815,0.034290884,0.060883746,0.09651892,0.020422563,0.0024387222,0.21260737,0.006102348,0.025559608
GLSALISWIKRKRQQ,-0.06724074,-0.10324009,0.18341708,0.21880564,-0.08371924,-0.14339018,-0.20768699,0.015942566,0.025811903,-0.034616105,0.06464319,0.17702878,-0.12443997,0.14841042,-0.10130672,0.07461848,0.25542092,-0.0422333,0.17663936,-0.14184044,-0.3092333,0.065889895,-0.1821767,0.058837757,-0.016535966,0.314527,0.11324387,0.09040972,0.22142991,-0.05575877,-0.18656798,-0.13558182,0.045021493,-0.06754233,0.0003302974,-0.2626081,0.15581626,-0.024077483,0.2967527,0.14696641,-0.10131202,0.17414542,-0.05091341,-0.15098158,0.09632405,0.0638473,-0.8217233,0.28468072,-0.050150167,-0.20720194,0.054731943,0.07220041,0.23672777,0.05089574,-0.07292126,-0.08244588,0.16417225,0.011777534,0.0773856,-0.11024612,-0.12376364,-0.05473451,-5.080202,-0.07741492,0.04712252,-0.022796256,-0.04360444,0.2537777,-0.12609935,0.11287548,-0.14160745,0.0060724635,-0.13777193,0.21957284,0.09401594,0.0039022546,0.076466136,-0.02194427,-0.04097177,0.35808635,0.046015646,0.068378694,0.06564209,-0.014141999,-0.047321863,-0.16914149,0.09676904,-0.029905418,0.1109764,0.040578697,-0.053751074,0.005337875,0.11587102,0.01704214,-0.12394114,0.119841754,-0.18723872,0.18177155,0.0016217468,-0.23402518,0.11514633,0.0056724357,-0.16001254,-0.098904096,-0.019280247,0.32796794,0.023789592,0.050209194,0.019553578,-0.114800155,0.21417749,0.32176605,0.253561,0.109028555,0.028064998,0.07179105,-0.035563402,-0.0034582943,-0.08764671,0.040781327,-0.11147831,-0.07494124,-0.072585426,0.017905688,0.07738015,-0.08079361,-0.12851676,-0.14550522,0.10418381,0.002764269,0.14549671,0.00090658315,0.0794863,0.044312663,0.093339704,-0.14584671,0.12707534,-0.18644527,-0.073937915,-0.07852683,0.1293864,-0.057788882,-0.21805851,-0.025762111,0.06985645,-0.06267689,0.017992482,-0.09650112,-0.1817641,0.08310409,-0.12693506,0.04590282,-0.020059235,-0.19404541,0.0371422,-0.061529677,0.031875387,0.076032944,-0.04394051,0.15490979,0.1296348,-0.06179746,-0.10944694,-0.15763839,0.041771792,-0.13815919,-0.02794435,-0.028950028,0.0058115264,0.09996862,0.09379551,0.2102711,0.09366753,-0.12815231,0.07221749,0.14363319,0.17405583,-0.05298084,-0.041315265,-0.31748295,0.045206685,-0.21674845,-0.028873265,0.09626561,-0.062013898,0.1320457,-0.280145,0.13429463,-0.14220786,-0.119788505,-0.152025,0.07502673,0.3739799,0.23264614,0.08344922,0.047733266,-0.12381336,0.08761614,0.1179125,0.37892005,-0.06033809,0.18287697,0.20565581,0.28474826,0.004384188,-0.17114682,-0.01995385,-0.32809994,0.02414003,0.03436726,-0.06170997,-0.09223223,0.063187934,0.061457984,-0.07278517,-0.049953397,0.02863744,-0.10307932,0.026049016,-0.20551534,-0.25701168,0.06647345,0.22046612,0.04468251,0.22723188,-0.05772066,-0.15576598,0.12877953,-0.01256476,0.11495212,-0.08294299,0.009850891,0.35935283,-0.101029806,0.045971375,0.101069644,0.16526191,-0.18427598,0.08665453,0.062434968,-0.03882378,-0.15211713,-0.00635067,0.14696318,-0.14686689,-0.04836467,0.23237368,0.22678524,0.22036752,0.11035503,-0.154569,-0.06381995,-0.06343381,-0.14623977,-0.19131865,-0.032828648,-0.120478615,-0.11259979,0.2540984,-0.17382765,0.09901861,-0.12223468,-0.0834412,0.032402664,0.05416113,-0.1187408,0.04058601,-0.17547122,0.19109528,-0.037849877,-0.031055113,0.32922378,-0.009975121,0.22944936,0.080950916,-0.119594544,0.0119570615,0.17260885,0.07288825,0.09433895,0.071914844,-0.27190185,-0.03578487,-0.11762145,0.011826621,0.2699847,-0.114853404,0.0612269,-0.059957545,-0.2758398,-0.01478218,-0.09077605,0.29357037,0.025940904,-0.008282057,-0.23219429,-0.06875152,-0.1046902,-0.30887702,0.34682545,0.0035950446,-0.050117448,-0.15637149,0.23941074,-0.047353234,-0.16456543,0.0553414,0.021952206,-0.11668223,-0.041286763,-0.0062254,-0.030781325,0.07344447,0.09033235,0.08345647,0.06516834,0.01909724,0.15571555,0.0067232777,-0.020354228
GLPASISWIKRKRQQ,0.020484455,-0.35927254,0.24169433,0.27584228,-0.050397858,-0.18918279,-0.22567865,0.014579703,-0.028674107,-0.14825335,-0.07915664,0.36741537,-0.072512664,0.17036614,-0.2559054,0.09686586,0.2380851,-0.09309297,0.24743761,-0.18774672,-0.34281847,0.10535689,-0.13539867,0.09664068,0.038988438,0.40790337,0.034997184,0.08354182,0.13319688,-0.115266904,-0.005021134,-0.15540886,0.04124149,-0.30816913,0.15291077,-0.48605907,0.22501867,-0.15994084,0.34513545,0.087095916,-0.16543616,0.16879527,0.10601996,-0.03832799,-0.16391091,-0.045613207,-1.1805218,0.24123433,-0.053476278,-0.09136942,0.08630955,0.07386688,0.2539711,-0.03743345,-0.037351213,-0.17696083,0.14048453,0.027211757,0.036797624,-0.19371442,-0.06588241,-0.063600756,-5.022187,-0.064716086,-0.016707767,-0.0462655,-0.03134567,0.19461897,-0.19273588,0.22254129,-0.18971796,-0.057644825,-0.14497869,0.22208998,0.035502307,0.04505261,0.08032649,-0.042445354,0.041123237,0.36123186,0.1398326,0.04470692,0.035162885,0.20940894,-0.13777258,-0.32173517,0.12058778,0.098456636,0.16734272,0.045407556,-0.023747042,0.16044973,0.059122268,0.007727809,-0.25798583,0.08376035,-0.24308558,0.35367817,-0.085863866,-0.21735625,-0.08799991,0.003928961,-0.07337155,-0.066507414,0.035711758,0.23048146,-0.0054775504,0.16679919,0.20766352,-0.20663552,0.115673445,0.3379583,0.17024527,0.08597601,0.14166701,0.09905554,-0.11612029,-0.07421451,-0.2257645,0.11482088,-0.07505966,-0.023547333,-0.15954942,0.064017564,0.07453333,-0.2369104,-0.08637767,-0.13046573,0.0029108776,-0.061136875,0.07202098,0.03001746,0.18451609,0.011715744,0.037257075,0.02826871,0.030109037,-0.075953275,-0.046766043,-0.033410244,0.25017428,-0.06638416,-0.16039531,-0.022735674,0.034331184,0.023218503,-0.077699386,-0.15249349,-0.13285601,0.095767595,-0.24750423,0.010468844,0.05067435,-0.36824113,0.1728667,-0.06628919,0.018161727,0.124003954,-0.021346375,0.17164122,0.03863374,-0.16213475,-0.009128876,-0.16055065,0.0670374,-0.044470888,-0.17267808,-0.1005884,-0.0045217187,0.071596555,0.058964532,0.21410538,0.024157986,-0.11242537,0.073024705,0.2219649,0.17956671,-0.17664786,-0.01905768,-0.24053714,0.0027460475,-0.29940787,-0.025603406,-0.061817415,0.044814743,0.060530767,-0.41422844,0.25516838,-0.21289167,-0.081331305,-0.18662876,0.09841996,0.5192149,0.2237348,0.2970878,-0.080157824,-0.04446402,0.005557543,0.107805,0.441379,-0.11694027,0.027223473,0.12721287,0.24412848,0.042785108,-0.26345032,-0.051626295,-0.26634133,0.06350406,0.24724169,0.02016856,-0.04018376,-0.037628613,0.1906895,-0.0808212,0.08981651,0.011584664,-0.061676957,-0.09881069,-0.10369529,-0.36811054,-0.062871106,0.29851532,0.098495744,0.14322002,-0.08387777,0.012916646,0.16826564,-0.08650396,0.16254896,-0.07241367,-0.062239137,0.26929384,-0.036552574,0.1459441,0.26171446,0.33909073,-0.2727141,0.07565981,0.07940845,-0.13145787,-0.19396996,-0.09454992,0.17814803,-0.16592142,0.009169475,0.30518064,0.38687328,0.24607337,0.21174532,-0.16829489,0.047930703,-0.07353621,-0.14694898,-0.17512393,-0.05590409,-0.0287906,-0.22701705,0.31470177,-0.3741107,0.07856529,-0.11755029,-0.074321926,0.10301206,0.0021221866,-0.09117604,-0.025491705,-0.07606559,0.20541716,0.029534714,0.10045167,0.2910516,0.22522002,0.2551634,-0.03024163,-0.208776,-0.011103248,0.33072484,0.13997047,0.36160523,-0.039919883,-0.26565695,0.0008414467,-0.007531841,0.0360675,0.26442292,-0.13225512,0.09798819,-0.17095245,-0.28897434,-0.015232663,-0.122875325,0.4646558,0.061493307,-0.0054411152,-0.2903949,-0.057361096,-0.06036726,-0.41957498,0.23954044,-0.030813865,-0.11248061,-0.25937077,0.2504109,-0.03274033,-0.12346865,-0.13199814,0.11299192,-0.16222937,0.062070888,0.05002284,-0.12614143,0.19422813,0.14757307,0.036486868,0.21344468,0.06828645,0.050881997,0.12823224,0.013906372
GLPALILWIKRKRQQ,-0.011850171,-0.06704451,0.20176269,0.37105682,-0.08344675,-0.15942799,-0.2189041,-0.05421249,0.08752874,-0.0359971,0.0561755,0.13337709,-0.07293332,0.053443,-0.03660623,0.07448148,0.22691743,-0.066203944,0.22468396,-0.124246895,-0.2741855,0.061525743,-0.13950747,0.13282968,0.010286752,0.36502862,0.14071225,0.06804851,0.27871728,-0.0076946756,-0.1653616,-0.20257734,0.065418415,-0.12779124,0.040034153,-0.20500813,0.20922345,-0.06750613,0.29929936,0.20758334,-0.13153684,0.18065548,-0.010990423,-0.10667536,0.15031558,0.008634472,-0.75219774,0.31733915,-0.0725438,-0.27041286,0.124670684,0.09013742,0.20372391,0.07409528,-0.04437617,-0.050335597,0.10245144,0.060496576,0.04378611,-0.15580729,-0.13440508,-0.0794757,-5.034997,-0.008837004,0.11006595,-0.015310105,-0.08922692,0.17832196,-0.21802759,0.11073754,-0.15973116,-0.06918163,-0.16363566,0.2216048,0.06575303,-0.012229888,-0.0143222,-0.065216206,0.0028253128,0.37498552,0.03384075,0.008246792,0.006020034,-0.012689029,-0.11391845,-0.24131975,0.014020823,-0.05489779,0.08435519,-0.004615289,-0.16918506,0.11494177,0.026323084,0.014448631,-0.07996591,0.12541811,-0.20563501,0.21108079,-0.045288976,-0.23827848,0.02404004,0.027961005,-0.20962553,-0.12778868,-0.0448293,0.3321996,0.035602022,0.11668657,0.12041356,-0.050774712,0.2055874,0.29180488,0.31784025,0.090206385,-0.0059237103,0.027856454,-0.09441456,-0.04196425,-0.19224624,0.08858491,-0.13223676,-0.11632831,-0.09351297,0.033526182,0.06323382,-0.10481808,-0.10705579,-0.1515499,0.098637946,-0.035879903,0.147975,0.0027306397,0.13001911,0.17906153,0.100918114,-0.1107061,0.12344645,-0.17657076,-0.051594526,-0.08717856,0.15472646,-0.1792285,-0.21391305,-0.10714194,0.0379868,-0.037202407,0.032564387,-0.13029943,-0.14454709,0.109703034,-0.22930455,0.07275242,-0.04223596,-0.3090686,0.19317651,-0.08231336,0.061172437,-0.011311479,0.040920727,0.1898646,0.06923995,-0.06542026,-0.050971262,-0.1338166,-0.012596114,-0.06472649,-0.03927535,-0.04698367,0.044577073,0.16761288,0.15633638,0.20658898,0.06886334,-0.13643512,0.08251277,0.16351317,0.23960193,-0.020467123,-0.086407505,-0.20454314,0.002102305,-0.23577061,0.028009728,0.062116828,0.04586699,0.0543238,-0.27688834,0.09332619,-0.1775519,-0.099715285,-0.14467022,0.10330848,0.44238144,0.22141416,0.11344051,-0.04347767,-0.16981992,0.032010563,0.07656538,0.39868784,-0.10283518,0.21104154,0.26851854,0.2906015,0.09812615,-0.19358122,-0.023588268,-0.2922936,-0.025113013,0.1680663,-0.08510925,-0.059427653,0.13541324,0.02787062,-0.118850246,-0.091508016,0.018349074,-0.017639766,0.08009359,-0.20619103,-0.28120038,0.051680367,0.21303354,0.09581233,0.28870535,-0.09487131,-0.10753576,0.047410525,-0.02873355,0.117216304,-0.0869741,0.008624202,0.40666732,-0.14461681,-0.023155952,0.1064837,0.14807948,-0.1486805,0.06912475,0.075566135,-0.054352485,-0.1761179,-0.010756505,0.119922005,-0.13884397,-0.108376704,0.25973773,0.18708868,0.2716096,0.060761325,-0.24069491,-0.04770206,-0.071088515,-0.1819407,-0.20583522,0.012553367,-0.05559915,-0.16559505,0.22932729,-0.19092846,0.1256622,-0.06922525,-0.0777519,0.030209973,0.01868315,-0.10647109,0.02629827,-0.23502895,0.24832796,-0.0036218083,-0.04690727,0.35977653,-0.021565743,0.23341437,0.018201835,-0.10480519,-0.015424315,0.27221173,0.06513324,0.123905,0.073631175,-0.29689717,-0.020979661,-0.1329904,0.058496445,0.27010542,-0.1644879,0.059298158,0.054625243,-0.32094505,0.018925874,-0.16215973,0.3645448,0.017015342,-0.035186112,-0.28728366,-0.07395825,-0.154087,-0.27584997,0.34641337,0.015005821,-0.07668892,-0.2123642,0.21089739,-0.0042887805,-0.15536998,-0.012342349,0.042640537,-0.13775241,-0.056428988,-0.037850596,0.07620808,0.07581881,0.050095767,0.12499836,0.049047,0.029455557,0.1212399,0.049126353,0.03605041
GLPALISSIKRKRQQ,0.020488247,-0.26506022,0.21256004,0.25009662,-0.044516955,-0.14115013,-0.22371078,-0.009507306,-0.041041024,-0.09836055,0.005896642,0.27070975,-0.12204525,0.13515146,-0.19154657,0.0887519,0.22214726,-0.0915577,0.21304986,-0.15952909,-0.3554594,0.08838522,-0.09836386,0.09717301,0.033256855,0.36051956,0.086972035,0.13279717,0.18379204,-0.11324686,-0.019975333,-0.13416114,0.038085647,-0.16899052,0.10124663,-0.4134979,0.24074383,-0.09481189,0.34233928,0.13542143,-0.17443451,0.19719046,0.03749689,-0.13926584,-0.032555528,0.07418469,-1.0480756,0.24125767,-0.05569896,-0.11945988,0.11604947,0.056705177,0.29037735,0.0131163085,-0.07981356,-0.12984572,0.12736113,0.03885697,0.06497954,-0.16856061,-0.13066755,-0.072674796,-5.067638,-0.066234306,0.0014077189,-0.031930473,-0.08247616,0.21602105,-0.146967,0.22055523,-0.1630759,-0.034790188,-0.20393033,0.2366738,0.06900364,0.012757508,0.04693727,-0.07755904,0.003968712,0.3661425,0.05853333,0.059265874,0.05350302,0.0389558,-0.0885415,-0.31538436,0.12463166,0.021003839,0.16615225,-0.00941797,-0.002932339,0.054089352,0.09799741,0.0142028555,-0.20595217,0.13409105,-0.20660892,0.23746936,-0.07640515,-0.24660654,-0.0059918445,-0.027245592,-0.12437561,-0.10176583,0.04488884,0.25560942,0.0036619594,0.09568216,0.13603985,-0.13843343,0.16592593,0.28439566,0.18092184,0.069142565,0.09357111,0.12778416,-0.11158738,0.05791237,-0.15670191,0.09893664,-0.051790267,-0.04562199,-0.10949602,0.0023777094,0.052319124,-0.19260508,-0.120468676,-0.16326074,0.018502029,-0.027101599,0.093231685,0.07482265,0.11595044,0.03345684,0.07163378,-0.03485325,0.088251345,-0.16505992,-0.020015892,-0.032270234,0.21825255,-0.063093364,-0.2210056,-0.0043883957,0.015041544,0.015155417,-0.055255346,-0.078225896,-0.19171637,0.086397804,-0.16628997,-0.008662319,0.03438146,-0.24084173,0.052972645,-0.09085636,0.061348375,0.04151116,-0.007414434,0.1758896,0.04802808,-0.14619052,-0.07055419,-0.19662368,0.062315248,-0.08824294,-0.09956909,-0.046332926,0.08158654,0.04608579,0.10705657,0.17814474,0.025768617,-0.12755847,0.06714241,0.11805126,0.2234258,-0.0692955,-0.051023394,-0.3083132,0.0047996095,-0.2845363,0.00048669823,-0.011132589,0.024205044,0.1027806,-0.3136428,0.1931879,-0.19661392,-0.12871474,-0.1713708,0.09973212,0.46841085,0.21829824,0.17361905,-0.013163563,-0.08661493,0.081766404,0.09414182,0.39306033,-0.017221468,0.1309784,0.14012735,0.29138452,-0.020125119,-0.22917704,-0.028757572,-0.35959232,0.014395738,0.16732185,-0.01096383,-0.07278664,-0.0036445032,0.14044957,-0.10555328,0.04593217,0.018523108,-0.07563808,-0.016679574,-0.12683178,-0.36547208,0.003163597,0.27397367,0.08306514,0.16429418,-0.08409106,-0.05113196,0.16583681,-0.09129554,0.12244816,-0.054267723,0.014629076,0.34109944,-0.057025228,0.13727413,0.18696442,0.25755098,-0.23714758,0.10320619,0.05567632,-0.13682707,-0.14929458,-0.07737778,0.13590926,-0.1531877,-0.014686804,0.30606157,0.2754699,0.2583083,0.16164216,-0.11660584,-0.034163944,-0.033196535,-0.15246849,-0.19919777,-0.072182894,-0.09514946,-0.17657799,0.33834338,-0.28139532,0.113522165,-0.08299951,-0.07855426,0.054238528,0.0064689443,-0.16990358,-0.009185044,-0.12927842,0.22218437,0.026211895,0.047145687,0.2836131,0.14760585,0.25380355,0.021729149,-0.18262868,-0.035039403,0.29537964,0.110974066,0.28039202,0.00488908,-0.22590095,0.00705413,0.0046561966,0.04581128,0.23564647,-0.15849806,0.09694854,-0.09085665,-0.32046813,-0.05492376,-0.10023287,0.3975853,0.080542885,-0.027602514,-0.25878772,-0.038990162,-0.048138253,-0.3880641,0.32563585,-0.06443989,-0.085700095,-0.21907192,0.28499362,-0.082368046,-0.12762423,-0.07758401,0.029198237,-0.13710947,0.061778013,0.07257137,-0.08847437,0.15771163,0.15065165,0.023279587,0.15269996,0.06489208,0.1266465,0.06843262,0.025177335
GLPALISWSKRKRQQ,-0.009343324,-0.3619173,0.22275724,0.3267588,-0.039817818,-0.17483084,-0.23745975,-0.00077376293,-0.032927338,-0.11598127,-0.057230156,0.34175563,-0.03518986,0.14771007,-0.24260966,0.10382565,0.28523475,-0.14495182,0.18670666,-0.18521175,-0.4074285,0.08306511,-0.14652699,0.11424414,0.018018981,0.4378756,0.05662958,0.117831245,0.18052594,-0.13023338,-0.026531458,-0.20965905,0.070787236,-0.28001264,0.15665765,-0.46369013,0.22758561,-0.14383778,0.34757403,0.13259791,-0.18966642,0.17825012,0.11942865,-0.013114406,-0.121127844,-0.07906517,-1.1105509,0.22206037,-0.06612773,-0.07265085,0.080705225,0.0643279,0.25313392,0.021051235,-0.011256896,-0.18127489,0.1250543,-0.026105562,0.06605388,-0.24395475,-0.08620655,-0.047925662,-4.9741397,-0.038451903,-0.029004104,-0.09360144,-0.060660243,0.16773252,-0.231312,0.20748305,-0.17522311,-0.056644924,-0.18881771,0.21439579,0.073014885,0.06713918,0.058481302,-0.08303286,0.059186887,0.36525035,0.13508195,0.03150649,0.021794721,0.18736611,-0.1429239,-0.33638182,0.0939875,0.06276615,0.13990813,0.08063803,-0.024954654,0.16007076,0.05464614,0.010133701,-0.28320712,0.07495665,-0.21935038,0.3709107,-0.058405858,-0.2512517,-0.0799864,-0.02232362,-0.10907194,-0.09764252,0.045980915,0.2895472,-0.0045390883,0.15616873,0.20106249,-0.20362134,0.15543512,0.3266171,0.19284678,0.063349694,0.15349974,0.06229856,-0.11560983,-0.060098864,-0.22024325,0.14240694,-0.06788574,-0.0038789194,-0.14570083,0.09297869,0.067045,-0.23512332,-0.10507378,-0.13711755,0.023483414,-0.044125516,0.08447312,0.04703828,0.15394296,-0.00065198494,-0.020817224,0.011635472,0.01769102,-0.12659438,-0.012296403,0.011473374,0.27910528,-0.07519821,-0.15353177,-0.004219055,0.03408246,0.02080264,-0.0603614,-0.16543566,-0.14207458,0.08892474,-0.23197174,-0.02261995,0.0032523016,-0.36052462,0.21675509,-0.04923889,-0.010897817,0.12457278,-0.009357519,0.16942333,0.05288634,-0.16059497,0.00480994,-0.15399587,0.07065058,-0.058029197,-0.18368486,-0.09388201,0.030424865,0.11483105,0.11151555,0.21876518,0.03374518,-0.11098553,0.08888806,0.24986969,0.18905312,-0.15941949,-0.025617614,-0.21685143,0.06276482,-0.31616214,0.01087651,-0.039968405,0.05527138,0.048102673,-0.42455205,0.22012015,-0.20863709,-0.1505581,-0.22549665,0.08656837,0.5020617,0.25049973,0.2534186,-0.096338324,-0.10482358,0.04363522,0.12204863,0.4506734,-0.11131489,0.03109965,0.107109986,0.2348639,0.08061544,-0.24496183,-0.053255938,-0.214085,0.049919084,0.24813375,-0.030703202,-0.03412993,-0.015016014,0.17577961,-0.078344695,0.07001724,0.0333707,-0.05662767,-0.060527142,-0.12480444,-0.32573506,-0.06728644,0.26564077,0.091930516,0.17714183,-0.10492169,0.039337784,0.15758121,-0.09432508,0.16110668,-0.082115695,-0.03184523,0.33008546,-0.028174832,0.16167141,0.24759136,0.2722446,-0.29189885,0.052309312,0.093102075,-0.12157934,-0.21674177,-0.10139501,0.1957422,-0.1522676,-0.030771283,0.28672108,0.3690401,0.26591024,0.1850197,-0.21693099,0.02808629,-0.09517526,-0.20723782,-0.227575,-0.05756276,-0.053720895,-0.21645096,0.32307494,-0.37061727,0.10756681,-0.14091116,-0.106134504,0.08190377,-0.00867116,-0.107135914,-0.047761634,-0.12672204,0.22142635,0.022719096,0.096081555,0.29785454,0.2087091,0.28941464,-0.033806153,-0.20375866,-0.04347585,0.3533978,0.1497223,0.35006785,-0.025203684,-0.25965402,-0.02987835,-0.013159872,0.02216386,0.23597924,-0.16260616,0.13404165,-0.1022833,-0.31828082,-0.016398918,-0.14173098,0.52576333,0.037111007,-0.010679911,-0.30632347,-0.044899926,-0.054929946,-0.4099175,0.27951056,-0.03007009,-0.12378436,-0.24498285,0.2536884,-0.021231726,-0.12121321,-0.073270276,0.08980366,-0.15050174,0.09355383,0.06333567,-0.11080426,0.17266752,0.17866999,-0.003294967,0.22638126,0.09984774,0.09365343,0.10071529,0.024622425
GWGSFFKKAAHVGKHVGKAALTHYL,-0.24472721,0.3080176,0.13896139,0.2529858,-0.07796093,-0.17552426,-0.08269419,0.0038745182,-0.09794479,-0.009784401,-0.1070849,-0.0031846364,-0.053091913,0.028600605,0.14434746,-0.035559867,0.10590519,0.18339875,-0.16393077,0.14343561,-0.25348532,-0.01801254,0.045073397,-0.17305565,-0.086854696,0.1811507,0.053317327,0.19165705,0.059953958,0.26464558,-0.39243576,-0.23130037,-0.012155597,0.12557772,0.07914285,-0.066791505,-0.03300737,-0.19239527,0.15157823,0.07832972,-0.052961733,0.14962572,-0.1398245,-0.17364332,0.25303233,-0.049908604,-0.46083042,0.278491,-0.17527026,-0.2856208,0.032054666,-0.0047900146,-0.038332984,0.1420749,0.070646875,-0.20482667,0.10350936,-0.09625224,0.2477532,-0.00438086,-0.07845953,-0.04832006,-4.949886,-0.052305695,0.10351993,0.18104893,0.05534602,0.22032245,0.13189204,0.073330194,0.0056803683,0.12478507,-0.03484494,0.12344373,0.0831796,-0.09465002,-0.17739445,-0.120893136,0.0009892224,0.2855045,0.07429907,0.1256053,0.17349416,-0.07357568,-0.23212332,-0.12608911,-0.01365093,-0.12641947,-0.0005291369,0.10197991,-0.08267485,-0.016248599,0.14467561,0.084022604,0.17430493,0.009510513,0.066758476,0.10066023,-0.09075232,-0.009267662,0.2881339,0.05197764,-0.22289221,-0.06969334,-0.04934035,0.2771611,0.10460203,0.008787626,-0.11009838,-0.21837369,0.1678856,0.09501295,0.031285398,0.02045096,-0.21324556,0.033703867,0.13654622,0.19009699,-0.24387963,-0.086098514,0.114763595,0.0048445067,-0.047647875,0.062831745,0.054225996,0.31534794,-0.20683241,0.019608352,0.29948556,0.29164672,-0.084675275,0.072767906,-0.045706518,0.07848162,0.0068616997,-0.26942945,-0.018872954,-0.1105364,-0.10084141,-0.07883984,-0.06937834,-0.1837052,-0.18178625,-0.021042287,0.080836855,0.10118774,0.2123339,-0.03962315,-0.1665951,0.07183734,-0.028724505,0.16079181,-0.103080995,-0.032308243,0.03092827,0.24160615,0.13254301,0.14142616,-0.094569296,0.14451915,0.11308255,0.04214452,-0.15558638,0.050322637,0.024013557,-0.2491181,0.09392885,0.19723704,-0.0017646794,0.05611543,0.07021609,0.17110904,0.3275936,-0.3094067,-0.14297505,0.07701271,0.08212355,-0.16022146,-0.17686762,-0.07250557,0.19850576,-0.19885892,0.006040591,0.49533087,-0.21827835,0.14594127,0.025658675,0.06379143,-0.07544997,-0.10461949,-0.29109904,0.08079271,0.32110038,-0.0017075213,-0.030203784,0.1869186,-0.09546534,0.2734223,-0.08885873,0.5173678,-0.096281335,0.15903391,0.21879238,0.12395065,0.0786325,-0.06299758,-0.1254229,-0.055437397,-0.052779604,0.010845959,-0.0048737717,-0.14472882,0.41233888,0.0033124133,-0.007853381,-0.32385182,0.0882769,-0.13627064,0.116336614,-0.1689496,-0.39213204,0.14373037,0.031790305,0.19743893,0.24641865,-0.057588235,-0.34711024,0.05749469,0.030160261,0.019875685,0.019239165,0.015036948,0.24185523,0.025109945,0.046485838,-0.12919863,0.26131082,-0.2083899,0.141881,-0.06622938,0.07579359,-0.1260596,0.15956211,0.04728327,-0.03431587,-0.16787767,0.0930843,0.05430911,0.17629482,-0.11972583,-0.21786004,-0.017550405,-0.17783016,-0.004395198,-0.25472954,0.02429107,-0.0785041,0.1272991,0.23258117,-0.03345621,-0.23733485,-0.08018231,-0.0654704,-0.04095649,0.29117763,-0.14190267,0.16296595,-0.039781444,0.37103435,-0.2639438,0.03104274,0.20724942,-0.24096648,0.08441491,0.0643158,-0.059214745,0.1734662,0.055927396,0.083054736,-0.17075302,-0.0892827,-0.19240132,0.042406525,-0.31414998,0.17921045,0.21103238,-0.21450332,-0.07921635,-0.22655547,-0.030185781,-0.0822526,0.009530442,0.23548211,-0.0059396424,0.09475597,-0.124527685,-0.17070028,-0.14053412,-0.11455958,0.23628168,-0.1076305,-0.10757752,-0.2008662,0.23237589,0.21920988,-0.16743305,0.056766007,-0.40642887,-0.2738428,-0.078813456,0.100737266,0.1472476,-0.1363258,-0.008753455,-0.0065893163,-0.22302371,-0.099755675,0.14900571,-0.048622917,0.058702614
SMLSVLKNLGKVGLGFVACKINKQC,-0.0037584603,-0.03814538,0.2652432,0.26849952,-0.19203044,-0.2531245,-0.25630528,-0.08779342,-0.12492185,0.013479453,-0.08405674,0.30646053,-0.08230992,0.02700909,-0.06638665,0.06857223,0.04999869,0.12687925,0.07477762,-0.079238646,-0.24640383,-0.009900974,0.006086051,-0.104317136,0.00054068916,0.4056725,-0.017222987,0.0100741405,0.1200923,0.08069747,-0.24534243,-0.031053493,0.11699945,-0.045235686,0.13053577,-0.35309714,0.08314554,-0.0931765,0.23255867,0.22533992,-0.24724282,0.24985419,-0.08974447,0.024634909,0.02465234,0.10270403,-1.0012411,0.2667996,-0.21010257,-0.1858712,0.18108156,-0.064260036,0.0702013,-0.016298981,-0.16341795,-0.1548494,-0.027276348,0.07971395,0.068039,-0.14783505,-0.04769454,-0.05178261,-5.145336,-0.12840739,0.018845025,0.040830087,-0.15581903,0.20865887,-0.12602845,-0.0035450587,-0.24167797,0.05160667,-0.023211768,0.14191931,0.031520013,-0.007416668,-0.12281758,-0.05430544,-0.006457862,0.2807975,0.08758964,0.05806468,0.15046951,-0.006501889,-0.22297828,-0.1850392,0.004267678,-0.01411841,0.17873138,-0.00096304767,-0.027877035,-0.13689633,0.10474585,0.025987515,0.022335503,0.13423516,-0.06265038,0.21470536,0.021955574,-0.2986063,0.110375635,0.024324004,-0.18323353,0.0034111484,0.07551528,0.273982,0.046618603,0.02755257,0.06828977,-0.08509961,0.11647159,0.24307226,0.19659004,0.07068281,0.038956355,0.11097772,0.17349294,-0.099707216,-0.1895498,0.08954648,-0.057283703,-0.07015539,-0.061756928,-0.087748155,0.07429873,0.06719392,-0.021746913,0.052423056,-0.033325307,0.14318675,-0.04778852,-0.007826483,0.12602815,0.05648501,-0.07406559,0.0014875398,-0.06847114,0.028510986,-0.24823405,-0.19524288,0.16452867,-0.2396887,-0.11805259,-0.08295627,-0.058940392,-0.091106035,0.095180884,-0.05739279,-0.13496102,0.094187275,-0.06287341,0.063043535,-0.002432285,-0.17410775,0.12310916,0.007995429,0.000979874,0.020859051,-0.06975781,0.24611795,-0.06476366,-0.125709,-0.136087,0.04362224,-0.035328295,-0.058572873,0.027635405,-0.016899224,0.093880035,-0.046996452,0.05901162,0.27796376,0.18336453,-0.083444595,-0.031419087,0.1871677,0.19433813,-0.15015881,-0.17727725,-0.11754933,0.08963085,-0.32411024,-0.10628586,0.21141914,-0.029455401,0.13288717,-0.25105742,0.21110879,-0.11671682,-0.18712834,-0.12565587,0.13788365,0.38202956,0.14228646,0.09665337,0.14511432,-0.15643808,0.1879132,0.16927606,0.39313033,-0.09314417,0.15759239,0.24837455,0.19118337,0.09070478,0.034712963,0.0175957,-0.27949092,0.055323035,0.15562369,-0.012684078,0.02045594,0.040404085,0.14533092,-0.088298075,-0.015563395,-0.075479224,-0.047952995,0.030763404,-0.13118187,-0.33461437,-0.06794371,0.36964947,0.12963474,0.115562245,-0.0804156,-0.17634897,0.10054511,-0.020189747,0.049448933,0.103563294,-0.04394071,0.3226048,-0.12457617,0.1869049,0.087865196,0.124870285,-0.20028584,0.18266657,-0.006341505,0.024281617,-0.093687996,0.02211644,0.08323714,-0.1863718,-0.1348943,0.23141052,0.22715841,0.17073005,0.0361402,-0.13768654,0.06623605,-0.09769621,-0.20011395,-0.3974032,-0.109705575,-0.24114142,-0.04398694,0.2752829,-0.08547854,0.013359721,-0.050621483,-0.14490645,-0.041982885,0.04957912,-0.0031408425,0.06553462,-0.23449446,0.36119995,-0.035298638,0.019654872,0.22658688,0.04974995,0.17052068,0.10582591,-0.022076147,0.03962862,0.25137293,0.17093942,0.08419841,0.042741474,-0.11372301,0.15979761,-0.013391799,-0.025949124,0.327117,-0.22277147,0.08003526,-0.024570284,-0.17964254,-0.013386619,-0.07948052,0.2931849,0.16831599,-0.037786484,-0.14389952,-0.15055469,-0.23920603,-0.2585261,0.19995888,0.020051524,-0.14250338,-0.17825407,0.3160582,-0.010717341,-0.16927274,0.06656733,-0.023286069,-0.20394957,0.044065204,0.09968051,0.05783236,0.06025872,0.016726244,-0.048928022,0.06303594,-0.087107785,0.023663132,0.14566109,0.22446148
GLFLDTLKGAAKDVAGKLEGLKCKITGCKLP,-0.21637811,0.15777338,0.08875143,0.2094683,-0.003368083,-0.079588786,-0.12566686,0.03102627,0.023279734,0.0912973,0.0015918901,0.22528449,0.012575154,-0.027567744,0.3482231,0.03372681,-0.0027260112,-0.010277771,-0.13880889,0.1461803,-0.37776083,0.072820306,0.07080174,-0.13571894,-0.057818055,0.14532034,0.10761518,-0.052876033,-0.02632398,0.046323936,-0.48593867,0.010095542,-0.044038955,0.21068479,0.04505492,-0.16090257,-0.26956362,-0.01898185,0.2643572,0.13633472,-0.025290739,0.31068018,-0.24524024,0.07002413,0.40196556,0.0759469,-0.33420175,0.29516405,-0.1228131,-0.27838123,0.12474911,0.0060384986,0.02280329,0.06772253,0.045856573,-0.006470259,-0.011059124,-4.5994013e-05,0.39472836,0.056511015,-0.12806398,-0.04772308,-4.782639,-0.14930873,0.07591005,0.06618303,-0.1299545,0.15581797,0.021140033,-0.07721865,-0.067690186,0.15478034,-0.10056938,0.106193766,0.15201773,-0.17227963,-0.12604287,-0.047977004,-0.21412227,0.15286797,0.032623254,0.06704238,0.097381145,-0.17519778,-0.16299264,-0.043844778,0.025710283,-0.13800454,-0.12334282,0.31061175,-0.10971869,-0.060753837,0.25328445,-0.2005853,0.2631114,0.019407293,-0.009837903,0.098420806,0.06878941,-0.08835061,0.3618319,-0.17584221,-0.27676162,0.05859201,-0.026771761,0.36795023,0.08455827,0.08322162,0.0066347416,0.034619804,0.29072616,0.13746057,0.06751833,0.19130431,0.12163041,-0.14532113,0.3662318,0.16015014,-0.020370664,0.020972596,0.16066381,0.17612009,-0.03501531,0.21522787,0.037203737,0.18838327,-0.14276874,0.111051925,0.26142833,0.300392,-0.0446942,-0.23629078,-0.13193403,-0.11091686,-0.007978203,-0.08012603,-0.12560847,-0.09237306,-0.04742808,-0.25833422,0.12968193,-0.1735397,-0.05979138,0.09847048,0.10715241,-0.03282257,0.13294286,-0.042910755,-0.07037185,-0.008115852,0.09769486,-0.071684,0.045000445,-0.13407898,0.04356938,0.058546796,0.1235097,0.13867216,-0.14678393,0.20443428,0.12593044,0.047272988,-0.052673686,0.12018945,-0.008822963,0.023156317,0.114480995,-0.09355552,0.030565104,-0.051135734,0.12585622,0.23023354,0.18714549,-0.24384904,-0.27313855,0.09853372,0.10750892,-0.27273256,-0.17725644,-0.018394377,0.18902466,-0.3349866,0.0512725,0.26763007,0.0047925957,0.00018629635,-0.14692906,0.102798566,0.04929669,-0.4308501,-0.11263989,0.096610114,-0.05727166,0.05501638,-0.11205738,0.33747715,-0.4222693,0.29158616,0.12009885,0.31894764,-0.28652525,0.18459153,0.10627633,0.09608176,0.05710221,-0.038174182,-0.0049559996,0.03325151,-0.15946558,0.055882327,-0.23841214,0.053654425,0.3587092,-0.12286988,0.057020284,-0.22910713,-0.11337975,-0.22609226,0.20335288,0.024877336,-0.17667054,-0.02346173,0.17893356,0.20879251,0.3339687,-0.19341068,-0.19392505,0.14352068,-0.04954983,-0.21209288,-0.09903658,0.053057954,0.32099637,-0.13073348,0.05025793,-0.25175568,-0.18408522,0.02020219,0.1752311,-0.1636938,0.16779424,-0.032866523,0.28480497,-0.06641308,0.033796154,-0.14018309,-0.12066297,-0.04292885,0.12196298,-0.0751861,-0.14156559,-0.07290011,-0.081256256,-0.11417716,-0.38293266,0.124156155,-0.13329686,-0.095445685,0.0064553474,0.21324761,-0.15119934,-0.05602042,-0.21803388,-0.077099115,0.21857838,-0.026179997,-0.066283494,-0.06910764,0.25664312,-0.20032841,0.12596966,0.27860495,-0.23901816,0.08302583,0.06384624,0.07160309,0.14266562,0.14054032,-0.005221449,-0.014271867,0.1421856,-0.31641883,-0.01902866,-0.35026973,-0.16710375,0.1317322,-0.1342197,0.049703386,-0.15787277,-0.036585115,-0.022118598,-0.03629064,0.11809452,0.037271615,0.021130783,-0.11058735,-0.20609948,-0.17931996,0.0565836,0.23317972,-0.2773594,-0.05315302,-0.016288782,0.05977393,0.00069670286,-0.26935065,0.31299275,-0.2380603,-0.11738344,-0.11287595,0.079112016,0.35775387,-0.1405766,0.021704804,0.04174831,-0.19477075,-0.09231029,0.20680758,-0.0395097,0.101137295
FLPFIARLAAKVFPSIICSVTKKC,-0.10048442,-0.14474906,0.13046415,0.24576327,-0.110461526,-0.0924968,-0.21081257,-0.059274014,-0.16885456,-0.021989958,-0.028069593,0.34139445,-0.10625284,-0.0112907905,-0.13237105,0.044857655,0.04600645,0.09734608,0.116811514,-0.091164716,-0.18403989,0.15550406,0.06533077,-0.0063716387,0.051696237,0.34559762,0.017691236,-0.007269178,0.21100569,0.08979927,-0.12485531,-0.1872623,0.15635626,-0.106976986,0.17418495,-0.41680172,0.15895106,-0.16265458,0.37157676,0.16517225,-0.16509667,0.16520612,0.061041944,-0.021187428,0.02732839,0.063095815,-0.8988536,0.3508412,-0.031153437,-0.22092748,0.11595594,-0.15587647,0.114224344,-0.041433875,-0.22361109,-0.12652862,-0.029175047,0.0954653,0.14943768,-0.20797825,0.022059908,0.0141747845,-5.107829,-0.11151798,0.01470788,0.15808177,-0.09091484,0.24308942,-0.18222298,0.14373508,-0.11406929,0.052044198,-0.18074468,0.023621622,-0.12162014,-0.12058825,-0.09909642,-0.12420312,0.06736684,0.28997248,0.13050462,0.077802494,0.08520362,0.10515335,-0.24318062,-0.13949169,-0.063719995,-0.025796913,0.1409465,-7.454936e-05,-0.04915705,0.020021558,0.076041736,-0.10043967,-0.022875538,0.14745674,-0.16576026,0.20721656,-0.16507679,-0.3014629,-0.002539699,-0.009298714,-0.1824773,-0.06342459,0.030099552,0.29071066,0.086156234,0.09432589,0.18659423,-0.13138522,0.0871841,0.2372616,0.04436401,0.07386264,0.0955552,0.21015088,0.05161545,0.08484721,-0.1314444,0.18939012,0.0778174,-0.016471652,-0.14266995,-0.014527932,0.09295328,-0.05922763,-0.02755928,-0.06568677,0.025021425,-0.016595144,-0.021586845,-0.028278016,0.24987811,-0.011229044,-0.025084993,-0.015502719,-0.014338007,-0.011886012,-0.28946546,-0.1752416,0.23161499,-0.19748178,-0.16494903,-0.035447504,-0.08140142,0.028833935,0.02338574,-0.015816852,-0.18088612,0.017712757,-0.16730341,0.10307706,0.03299015,-0.19664644,0.21657181,-0.010149481,0.05734579,0.014877817,-0.062188882,0.21680106,-0.033890806,-0.10907865,0.020089947,0.06193745,-0.12540069,-0.12504648,-0.0060082627,-0.12787105,0.018202992,-0.0016476283,0.18687576,0.29711106,0.09358978,-0.08114657,-0.013074868,0.10823895,0.1876618,-0.14637747,-0.16085997,-0.15781876,0.12258727,-0.47199836,-0.08138871,0.094073005,0.050872747,-0.036215678,-0.38450542,0.28166163,-0.12105216,-0.104640275,-0.23046952,0.26901367,0.39665735,0.11484475,0.13140301,0.14573835,-0.1839683,0.12738645,-0.02943996,0.34525526,-0.059214767,0.12692665,0.28407463,0.1593051,0.03837657,-0.041753538,-0.13767637,-0.27940828,0.08560468,0.3074872,0.02946138,-0.04872298,0.17960231,0.026925202,-0.11778725,0.023169251,0.0571923,0.0064223935,0.016925583,-0.16188762,-0.41743538,-0.06202237,0.32577994,0.15755576,0.17498149,-0.085065775,-0.16849566,0.20447639,-0.15119699,0.11001444,-0.005981473,0.08507635,0.23973353,0.005813649,0.2448993,0.16374764,0.23762727,-0.044390198,0.15998612,0.025266917,-0.11160839,-0.037499443,0.06143049,0.022554608,-0.23529522,0.025823576,0.32833564,0.33593485,0.17399096,0.104663245,-0.14385527,0.050155662,-0.1912168,-0.16882206,-0.2630779,-0.13526341,-0.06301863,-0.048792385,0.24067347,-0.12238502,-0.08519105,-0.06789279,-0.083357625,0.11349265,0.044820946,-0.017967539,-0.055702392,-0.013150073,0.2620125,0.0135825295,-0.033977393,0.23863102,0.028370105,0.16121648,0.05470371,-0.060826503,0.085743904,0.117846616,0.16338873,0.10745958,-0.08948852,-0.12860543,0.17666872,-0.11129526,0.06588718,0.29666054,-0.2599581,0.06716083,-0.09457069,-0.2600121,-0.059101198,-0.13816842,0.24842688,0.004542139,-0.07798459,-0.24272361,-0.07804546,-0.09635994,-0.20366104,0.16320096,-0.10641898,-0.19839542,-0.2543616,0.42037773,-0.027981736,-0.20880581,-0.14749147,-0.016496662,-0.26350352,0.10715535,0.13801476,0.051901463,0.18095286,0.08352392,-0.060199812,0.06356502,0.06601494,-0.002722402,0.1937403,0.25422886
FISAIASFLGKFL,0.04293928,0.060600642,0.1695707,0.09419622,-0.038006775,-0.09485418,-0.15122241,0.0019593914,0.0025113067,0.06050025,0.12064485,0.16583186,-0.055305477,-0.07781899,-0.11053049,0.08398423,0.003647248,0.039671604,0.20376682,-0.1355396,-0.3088318,0.07639979,0.084015004,-0.14949434,-0.046766635,0.33011723,0.08513534,0.059585504,0.3676793,0.15652826,-0.35003215,-0.10103419,-0.066779494,0.13883373,0.03914826,-0.32933283,0.16172846,-0.014919515,0.36510277,0.2013332,-0.15691161,0.15962331,-0.14027938,-0.12253423,0.26281226,0.14726095,-0.5782211,0.41853994,-0.041208014,-0.31776202,0.1463811,-0.05856805,0.26453137,0.022765927,-0.16925688,-0.0021989732,0.05478267,0.032416895,0.05355542,-0.09853785,-0.1820398,0.10839178,-5.0745835,-0.059183586,0.0682496,0.035878263,-0.081375636,0.3380078,-0.1161262,0.051297363,-0.03026979,0.07303994,-0.23391818,0.07045628,0.15929756,-0.14641626,-0.0029957378,-0.17858508,0.009900238,0.3113071,0.035790097,0.067259945,0.14839487,-0.0058656363,-0.1547005,-0.12731053,0.06343744,-0.09124004,0.15031701,0.051927935,0.049839657,-0.11065343,0.09643933,-0.026508719,0.06880593,0.09025688,-0.20589557,0.10091252,0.041639104,-0.2385804,0.08857783,-0.039981004,-0.24284016,-0.14654113,0.07187652,0.27672926,0.23067728,-0.022843454,-0.027520025,-0.066991225,0.112843916,0.3296237,0.12106525,0.16259044,-0.01941336,0.08471074,0.025148463,0.051086053,-0.10058907,0.002182126,-0.020700859,-0.049133226,-0.18324943,-0.08345236,-0.10296892,0.07437932,-0.0748122,0.02261969,0.08920874,-0.10564976,0.09982527,-0.118627645,0.24778624,0.018223982,0.13675642,0.039029755,0.032468017,-0.19282089,-0.2566879,-0.15133733,0.13913326,-0.08379633,-0.2130561,-0.042494215,0.03172078,-0.024621466,0.0806474,0.020380655,-0.25278163,-0.04949567,-0.18129863,0.12541914,0.09095561,-0.21092962,0.094449066,-0.047732763,0.041954182,0.036065288,-0.00032650432,0.30350047,0.010267391,-0.05662896,-0.016936617,-0.13967589,-0.015786353,-0.04980273,0.018963281,-0.08618371,0.09348997,0.056527846,0.10139182,0.21981567,-0.0240448,-0.13954295,-0.04877649,-0.041580234,0.09488474,-0.030802544,-0.031273656,-0.2754773,0.0311274,-0.38580635,-0.07488351,0.07008853,-0.07370209,0.179171,-0.19122104,0.178535,-0.081648484,-0.12820761,-0.29790485,0.37470147,0.20253338,0.16284613,-0.0005096436,0.28003022,-0.050243568,0.120378725,-0.009803484,0.22734423,-0.053215552,0.36981907,0.40056008,0.3589053,-0.074467115,0.039038066,-0.06352149,-0.38068625,-0.105932,0.1700692,-0.15135333,-0.110431366,0.2390758,0.07005969,-0.053038213,-0.212186,0.0074379947,-0.01691105,0.01948274,-0.29839137,-0.3336016,0.13116045,0.276329,-0.030551765,0.16236828,-0.09864764,-0.3281302,0.1989126,-0.058601815,-0.038160514,-0.061364155,-0.003435962,0.48396873,-0.011642331,0.14675193,-0.05893786,0.25887805,-0.08573086,0.28144693,-0.011417832,-0.03157691,0.049438454,0.088957734,0.09569569,-0.22383003,-0.16501741,0.25230515,0.244975,0.17242408,0.15158464,-0.13628578,-0.15060687,-0.05977361,-0.2562967,-0.30522415,-0.16084701,-0.22965388,-0.09262595,0.3599729,-0.09854789,-0.056981158,-0.089662366,0.03623672,0.027575115,0.029060932,-0.15173697,0.01940659,-0.17686549,0.26100665,0.09045637,-0.10865178,0.35499623,-0.053965647,0.18085302,0.11834798,-0.028858798,-0.05854653,0.042235173,0.0691329,0.007508355,0.1225953,-0.27078295,0.051955238,-0.14049809,0.034406494,0.13882296,-0.21499465,0.06420829,0.009223034,-0.17921232,-0.06888307,-0.115590796,0.24823871,0.16289036,0.07169696,-0.20571627,-0.08767478,-0.23563848,-0.17929019,0.32742065,-0.10225369,-0.13822666,-0.18080305,0.3590554,-0.07088675,-0.19972119,0.11131,-0.06456612,-0.3092741,0.016868507,0.18789433,0.124503955,0.113707595,-0.024266591,-0.028506938,-0.041375145,0.051071905,0.22873525,0.024613177,0.14764467
FLFPLITSFLSKVL,-0.012107468,-0.32328254,0.23643976,0.22521332,0.036932334,-0.16816956,-0.13483593,0.013217736,-0.2091026,-0.15539661,-0.0272166,0.37341654,0.047034603,-0.08813044,-0.32002988,0.14864692,0.1713142,-0.14681517,0.073265165,-0.2756616,-0.22869247,0.103191674,0.21451703,0.09744613,0.098230615,0.44473705,-0.03746119,0.044954352,0.4147598,-0.024648586,0.1653888,-0.07092713,-0.02168535,-0.22124618,0.22132292,-0.6191397,0.23690116,-0.35381022,0.24208839,0.1615688,-0.2698941,0.19715771,0.104095146,0.09626329,-0.14523019,0.049306754,-1.2082742,0.2636188,-0.04113938,-0.15080854,0.12753436,-0.12951763,0.19934304,0.24211138,-0.31235987,-0.11845924,-0.020170411,0.03088702,-0.07117784,-0.36006546,-0.014903365,0.07572801,-4.8457456,-0.021005802,-0.1562379,-0.062353443,-0.06760738,0.16524182,-0.40847325,0.24929242,-0.1871396,-0.0046520922,-0.35688794,0.105138935,-0.02641702,0.011172492,-0.12425491,-0.22974756,0.1714974,0.3198707,0.1161472,0.10304368,0.14238007,0.23622555,-0.1922399,-0.16410673,-0.095985144,0.016784243,0.14452387,-0.16066793,0.10126529,0.029773377,-0.055596028,-0.053545106,-0.24541883,0.16855727,-0.19350499,0.24396479,0.14137094,-0.3693446,-0.25843495,-0.023967914,-0.12254301,-0.23548928,0.23290867,0.33353496,0.20533238,-0.0019133836,0.3371017,-0.0567168,0.00093153026,0.31518617,-0.047595814,-0.015836477,0.12822291,0.25565973,-0.07764757,0.0009471718,-0.18417862,0.078095265,-0.10386057,-0.090514675,-0.21241608,-0.20668252,0.013445101,-0.1635863,0.06683302,0.043949492,-0.149948,-0.13535148,0.008423086,-0.011717947,0.48663273,0.041096967,-0.082840584,0.19788003,-0.03361451,-0.008771941,-0.18279335,-0.06847896,0.4547003,-0.14149323,-0.14448647,-0.105031006,-0.0747401,0.060349744,0.0016931649,-0.080751404,-0.22371052,0.030469863,-0.38502786,-0.121568814,0.10163849,-0.3332844,0.32880598,-0.14514987,-0.0052587893,0.0036283173,0.07036453,0.13692307,0.0749602,-0.22570314,0.12439014,-0.16112725,-0.025048304,-0.16101259,-0.09048473,-0.14909694,0.01677072,0.15515831,0.2788209,0.34678954,-0.00963895,0.090106584,0.12863928,0.12700516,0.24338113,-0.16369452,-0.10176025,-0.3182929,0.09177572,-0.5760701,-0.03827133,-0.014474866,0.012741836,-0.05241442,-0.61080277,0.26356894,-0.29382896,-0.07271443,-0.28790328,0.2592365,0.43646833,0.17030907,0.28872383,0.11436891,-0.015408637,-0.062166482,0.0051726066,0.518015,-0.08306822,-0.010273116,0.26831996,0.19576801,0.053248808,-0.062784694,-0.15405798,-0.47821388,0.07911077,0.3953867,0.08132636,-0.037313767,0.02794563,0.22500269,-0.16440423,0.1161918,0.1337294,0.027541205,-0.24478357,-0.19226183,-0.49533758,-0.09612051,0.39650604,-0.14178918,0.021794237,-0.07479435,0.04129255,0.16659887,-0.27297238,0.22723845,-0.11925405,0.0011399288,0.36892724,0.22835687,0.21144664,0.30578873,0.41275984,-0.2843228,0.18756703,-0.038861062,-0.1458914,-0.16381584,-0.20835859,0.16398667,-0.23489025,-0.013556282,0.4091155,0.36755967,0.26273876,0.21641512,-0.1571287,-0.08670104,-0.13865517,-0.18944299,-0.29768962,-0.15758295,-0.09565828,-0.17783962,0.4956537,-0.42390198,0.0032570325,-0.08149224,-0.054288603,0.118370906,0.08809054,-0.021064185,-0.09031992,-0.06953267,0.13374354,0.1341985,-0.0065033413,0.31150153,0.4049701,0.16670409,-0.017961804,-0.174213,-0.012672416,0.2952248,0.2726198,0.37845826,0.037526116,-0.27938727,-0.023247477,0.074270844,0.122346394,0.039115287,-0.28578833,0.26396546,0.120686516,-0.30541965,-0.1297428,-0.16611233,0.45097405,0.16745898,-0.079905845,-0.27151868,-0.029572692,0.037789233,-0.36408275,0.21828789,-0.019466337,-0.20292999,-0.25145862,0.48099837,-0.11589936,0.003729605,-0.20276481,0.067672335,-0.28461257,0.2716243,0.32017717,-0.11660002,0.31903285,0.26556012,-0.010318924,0.36710477,0.18798664,0.12726666,0.3087626,0.22391942
FLPLLAGLAANFLPKIFCKITRKC,-0.07507458,-0.073346734,0.14333493,0.34503788,-0.047510047,-0.15052918,-0.1436153,-0.009219388,0.042301353,-0.06907708,0.054143317,0.17703922,-0.024392018,-0.108773045,0.03735566,-0.010041098,0.026493851,0.079304084,0.11546488,0.03474203,-0.17958227,0.17495729,0.10304829,0.017588556,0.04874157,0.29819247,0.008794383,-0.01856239,0.3564633,0.14352399,-0.22698846,-0.20927118,0.09633434,0.07698476,0.08709571,-0.17852613,0.07136181,-0.15045913,0.35293394,0.21932922,-0.21979998,0.18470158,-0.086674795,0.013378904,0.25000083,0.014982128,-0.68588537,0.35862398,-0.06741143,-0.2913361,0.15236954,-0.16589975,0.10476761,0.035342224,-0.114633545,-0.073564276,-0.05427235,0.09079937,0.06711514,-0.20678592,-0.050121307,0.061753877,-5.070584,-0.045778133,0.06976277,0.16962601,-0.066727586,0.23850702,-0.17612304,0.05984873,-0.136991,-0.0036837023,-0.22048743,0.061831072,-0.04706721,-0.1231839,-0.1188405,-0.045794263,0.025540242,0.2560296,0.05449974,0.0013939234,0.089261025,0.044189256,-0.26228678,-0.17463644,-0.12593436,-0.052311424,0.06396899,0.061788823,-0.0149766095,0.025108453,0.10192783,-0.120581895,0.06091414,0.14300938,-0.11241222,0.17550649,-0.14208683,-0.21860005,0.09192645,-0.0589691,-0.29111597,-0.14875332,0.00611344,0.24060676,0.17724013,-0.0035070525,0.06406544,-0.08159578,0.23054507,0.21501072,0.11774896,0.054047003,0.074341536,0.1619423,0.045349937,0.05211695,-0.054461177,0.12515588,0.101623535,-0.03133444,-0.08689763,-0.0060873213,-0.003855797,0.08380504,-0.011596522,-0.07837563,0.067257375,-0.05579319,0.057318207,-0.06384848,0.19807786,0.0679657,0.018982725,-0.054783456,-0.04650722,-0.07578164,-0.25850436,-0.17979537,0.2995754,-0.3358068,-0.11754423,-0.05799993,-0.072200745,0.06919261,0.056941774,-0.024208587,-0.15715273,0.027549203,-0.18006149,0.11430122,-0.029723402,-0.30114317,0.1422547,-0.030271646,0.10774589,0.014152983,-0.03767248,0.29924834,-0.020598123,-0.06423247,-0.06608874,0.07127423,-0.080266,-0.115234904,0.036836285,-0.07859608,0.09372124,-0.0044641723,0.16372868,0.23719165,0.13792856,-0.21151048,-0.0042689624,0.14959075,0.22336374,-0.14893606,-0.13763502,-0.11266429,0.12215435,-0.4058302,-0.024865173,0.10793272,0.028641466,-0.06256396,-0.28004077,0.18118645,-0.09763164,-0.11107903,-0.16669695,0.3087525,0.32874006,0.12481116,0.025231484,0.07910543,-0.2593651,0.115266286,0.010231833,0.25027674,-0.09368667,0.21607143,0.404678,0.20595378,0.0868025,-0.08868529,-0.06405707,-0.30231827,-0.0050454875,0.21799198,-0.097448096,-0.006024119,0.2371569,0.0070584193,-0.11923047,-0.12158788,0.0664568,-0.034586787,0.07022587,-0.16832902,-0.324112,-0.0060387207,0.20797285,0.14136219,0.21672001,-0.19015907,-0.31091043,0.07772191,-0.10097167,0.0117486995,-0.06786723,0.0808758,0.3777846,-0.02650943,0.15270792,-0.023687247,0.060513433,0.03165019,0.2579596,-0.019541562,-0.052319564,-0.05747607,0.14216867,0.062196605,-0.19797571,-0.06283297,0.25700504,0.25391415,0.22417018,0.06384581,-0.19503473,-0.04880128,-0.09666471,-0.20372131,-0.3146046,-0.047350746,-0.09293226,-0.07279393,0.22437422,0.022146381,-0.09851205,-0.01732658,-0.108262844,0.008274546,0.02533068,-0.051043157,-0.06370319,-0.10773731,0.3459412,0.009831844,0.005002,0.28895018,-0.04170453,0.19305192,0.029210182,-0.04532034,0.058764495,0.103146546,0.12553698,0.060741324,-0.022296352,-0.14318027,0.1347198,-0.2149286,0.14441618,0.31087258,-0.2708867,-0.008849536,0.05277209,-0.2205096,-0.0013509324,-0.17767286,0.30348235,0.0323025,0.012438169,-0.25477117,-0.043439142,-0.19719829,-0.105160356,0.15363844,-0.06608932,-0.1411542,-0.2521275,0.3450481,-0.04798413,-0.19969623,-0.02351318,-0.04964194,-0.2632542,0.041225985,0.09967918,0.2634739,0.08164268,-0.045148127,-0.014350507,-0.02401825,0.030485157,0.058029182,0.046808228,0.17765434
ILGTILGLLKGL,0.015676895,0.19824372,0.1788192,0.22716169,0.04003625,-0.4730645,-0.1245273,0.014621675,0.35666344,0.0041354173,0.22537188,0.022733122,0.017593917,-0.11290718,0.48934236,0.06417305,-0.051929988,-0.13862629,-0.034653034,0.06466054,-0.34270427,0.079188004,0.19268976,-0.11253436,0.061861422,0.18615377,0.1120524,-0.07633072,0.46096808,0.098648414,-0.3978522,-0.1901035,-0.12500675,0.35852173,-0.256417,-0.12629768,-0.19037236,0.02977413,0.08960789,0.25279048,-0.26621637,0.27859542,-0.5520393,-0.13532764,0.62862587,0.20420258,-0.020933207,0.45615694,-0.03433967,-0.49916586,0.24851783,-0.12200071,0.28695735,0.18116306,0.13636635,0.0100067025,0.08459271,-0.10975403,-0.13194464,0.05967427,-0.31975135,0.08908273,-4.561651,-0.02998961,0.11013423,-0.025210973,0.05319518,0.63158214,-0.10673647,0.0031474654,0.12126426,0.15804552,-0.17511436,0.10737751,0.36912712,-0.37569514,-0.13875124,-0.22347818,-0.13391228,0.26800367,-0.18406345,-0.0050488478,0.087148964,-0.29116154,-0.20100251,-0.018211601,0.042795714,-0.16865253,-0.026862541,0.16645977,-0.12083361,-0.07520918,0.1530325,-0.0767815,0.30028087,-0.029855428,-0.12548634,-0.07031614,0.19710039,-0.044502463,0.29297158,-0.18299963,-0.5131625,-0.27970585,0.041183747,0.32358363,0.14918087,-0.09181762,-0.14254497,0.042801853,0.36771294,0.3002665,0.2535038,0.29211134,0.08855748,-0.10441164,0.22281384,0.13532338,0.020897178,0.03547424,-0.070905186,0.01439178,-0.14266028,0.12940253,-0.19082315,0.32829466,-0.15691307,0.14755404,0.26027232,-0.023591835,0.27380368,-0.091353394,-0.11151143,-0.16463386,0.25807598,-0.0033929532,-0.06893277,-0.31877905,-0.09705804,-0.05273649,0.13626875,-0.11364351,-0.21822508,-0.08394677,0.17260318,-0.21031518,0.118033946,0.03146498,-0.097838804,-0.038495485,-0.13142851,0.09738701,0.026703212,-0.20079958,0.050139256,0.08570699,0.16942774,0.12732013,-0.04859931,0.2393117,0.06022537,0.05905957,-0.19332027,-0.2550986,0.1231267,0.01095114,0.23762213,-0.0866733,0.17405678,0.052849982,0.08591646,0.15922086,0.22572191,-0.28832084,-0.075232506,-0.075411305,0.19919875,-0.047056247,0.042871606,-0.1714641,0.014912539,-0.15565674,-0.006727706,0.20260784,-0.11656616,0.088178985,-0.08487026,-0.15147854,-0.020589808,-0.57099056,-0.22613618,0.3493271,-0.33863702,0.12178578,-0.15433456,0.32778898,-0.31152174,0.17204534,0.07936614,0.36482123,-0.26130405,0.2053691,0.5407151,0.44284287,-0.1868218,-0.010221636,-0.017709555,-0.10353577,-0.377891,0.22269806,-0.43715996,-0.028275153,0.42028195,-0.15572691,-0.061496705,-0.50866616,0.04708474,-0.11898787,0.20707227,-0.18298535,-0.20278575,0.17555667,0.069405034,0.06780561,0.1314489,-0.18869054,-0.5390528,0.16407493,0.06200813,-0.21475829,-0.3052606,-0.052528355,0.55541515,-0.11893623,-0.0027019146,-0.34504887,-0.04578129,-0.0035879144,0.42321283,0.016786773,0.07235724,0.14744201,0.16304372,0.08187001,-0.073593974,-0.28656778,0.07977774,0.04472183,0.14458935,0.04242304,-0.29987377,-0.36504987,0.13600288,-0.21813695,-0.38967684,-0.07580058,-0.22235228,-0.16787784,0.28124398,0.18098474,-0.16060916,-0.25443354,-0.15496846,-0.22760676,0.11534576,-0.012671838,0.06724992,-0.070434734,0.32148957,0.107075155,-0.12418555,0.4404939,-0.12254051,0.030821403,0.10798979,-0.04981332,0.035206757,0.24251553,0.11450325,-0.0922842,0.42886904,-0.50692695,-0.09168073,-0.35559258,-0.07113745,0.13572574,-0.14893185,0.09254325,-0.006317482,-0.13337305,0.12117462,-0.060571767,0.03064807,0.41829938,0.04558734,-0.26490003,-0.18864127,-0.3577283,0.12503132,0.34235975,-0.33090943,0.025998788,-0.04853219,0.0960395,-0.12091534,-0.28961155,0.5089335,0.13595816,-0.30830953,-0.14189258,0.08906941,0.430231,-0.1946671,0.043051608,0.1063575,-0.08186062,0.19507745,0.2803707,-0.22768566,0.18304016
RRWVRRVRRWVRRVVRVVRRWVRR,-0.38978827,-0.44912764,0.36711136,0.6214991,-0.18021104,-0.68774635,-0.45256534,-0.0026509487,0.0019723682,0.21363519,0.0044051763,0.29632205,-0.4633328,-0.07979369,-0.2388894,0.38870716,-0.041344967,-0.15297993,-0.34058577,0.17598008,-0.02847348,-0.377107,-0.5008932,-0.20251441,0.39605522,0.47619265,-0.05882492,0.4708797,0.43725315,-0.45494482,0.23102678,-0.39923403,0.5983128,-0.76340777,0.39112896,-0.27635446,-0.28045225,0.06322829,-0.35152528,-0.23894174,-0.020955477,-0.18481088,0.04452212,0.2306285,-0.45301187,0.095096484,0.15808815,0.33139163,-0.38895014,0.20841286,-0.6847713,0.050197132,0.07297866,0.29946643,0.157672,-0.124978155,0.32297876,0.13823238,-0.20716745,-0.20259672,0.24900748,0.044813044,-3.0499253,-0.04038144,-0.3751457,0.13602462,-0.21005781,0.5894305,-0.5888123,0.121551625,0.8901632,-0.029023008,-0.20201346,-0.069531135,-0.046397172,-0.3445255,0.22190747,-0.2521054,-0.046726488,0.5681518,0.3647036,0.1622479,0.1338846,0.046694674,-0.21015607,-0.047941543,-0.39656332,-0.21735018,0.019258512,0.36165005,0.22654732,0.64889944,-0.666239,0.13082208,-0.5165214,-0.20484723,-0.46093494,0.15634717,-0.22275928,0.10353781,-0.036193635,0.103327714,0.35479787,0.20749754,-0.7836443,0.19592136,0.028639546,-0.24715146,0.3053406,-0.41220745,0.3474903,0.40177485,0.29065987,0.12348,0.394256,-0.0031298846,0.08237173,-0.25011283,0.0112480875,0.804802,-0.5706068,0.07152716,-0.37726015,0.8142341,-0.005391158,-0.2433053,-0.010165511,-0.18641742,0.37846264,-0.32636324,0.1623351,-0.0398923,-0.24617936,-0.025690831,-0.26166254,-0.3878568,0.19347487,0.17096034,-0.28187212,0.3947797,-0.55588317,0.035305683,-0.21207812,0.5444796,0.052955516,-0.0032253116,-0.019136386,-0.44425038,0.23345235,-0.21667907,-0.2188921,0.15606755,0.04444514,0.15586774,-0.020665692,0.11308681,-0.49642578,0.17271945,-0.08828468,-0.30215847,-0.23709157,-0.09375705,-0.23813365,0.23380274,-0.10863205,-0.058678325,-0.018183434,0.20682254,-0.32680428,0.1368801,0.305129,0.22690886,0.90260124,0.3851244,0.39670658,0.015125467,-0.5845979,0.0129125565,-0.09089089,-0.16379482,0.42699674,0.2223607,-0.043993905,-0.089602865,-0.10827243,0.08278496,-0.4327791,0.21345618,-0.12453668,0.26004246,-0.63422996,0.19473703,-0.70752525,0.3793679,0.12447956,-0.16598526,-0.08311125,-0.19297703,-0.42510659,0.7849153,-0.20081154,-0.11186954,0.058731876,-0.12909554,-0.44095704,-0.13076517,-0.25735235,0.73958427,0.5841207,0.16732913,-0.034889963,0.1699016,-0.0048068133,-0.06062818,-0.30577645,0.10385891,-0.19259593,0.19047767,0.1410884,-0.10463785,0.14098702,-0.01929069,0.008735842,0.3230159,0.4501154,0.46540645,-0.59082955,0.14408156,-0.0066872993,0.15659763,0.07607908,0.02855027,0.17234507,0.72125757,0.007982741,0.27061188,0.2091059,-0.40157598,-0.26438394,0.24945775,0.23218805,-0.110987,0.08913715,-0.09494627,-0.5526526,0.21284844,0.27163795,0.28076953,0.13800685,0.27240956,-0.52831465,-0.53255713,-0.034438916,-0.006735471,-0.15458886,-0.20703052,0.28172213,0.2554608,-0.59550244,0.13751149,0.0043510343,-0.76895714,-0.22082813,0.16241969,-0.006073271,-0.1919782,-0.08100484,0.60449624,-0.015977724,0.14231315,0.3327988,-0.21232931,0.110473044,0.07899466,0.4427219,0.02465133,-0.03395425,-0.071957156,0.6534964,0.08896712,-0.27266276,-0.3984405,-0.31884548,0.035138115,-0.31496528,0.063963085,-0.62155825,-0.07703035,-0.4465306,-0.03506968,-0.025068058,-0.1384601,-0.19462913,-0.06489548,0.14558965,-0.46614793,0.1324121,-0.15398653,-0.19279525,0.029893955,0.27140474,-0.4182564,0.03208432,0.04750445,0.4215285,-0.3785822,-0.36614957,0.6372055,0.6837845,0.29199472,-0.1839134,-0.17976001,-0.38181892,0.31073162,-0.28898782,0.5109105,0.24299541,0.26272398,0.32640317,0.040946182
FAKKLAKLAKKLAKLAL,-0.5040311,-0.0043530557,0.2218978,0.503321,-0.09102732,-0.09835069,-0.09788773,0.14644152,0.084038354,-0.03944015,-0.074442066,-0.11095496,-0.094223574,-0.06835213,0.059717197,-0.07306952,-0.120158814,-0.043311715,-0.28603676,0.17468955,-0.3965868,0.05070554,0.008588429,-0.09449944,0.058756206,0.3916091,-0.011842124,0.20935723,0.21302502,0.11290933,-0.07390331,-0.28008828,0.014114279,0.5930117,0.0723206,-0.19965063,-0.21827988,-0.23841527,0.2917094,0.19964929,-0.20079489,0.16315696,-0.21312933,-0.42330882,0.6061847,0.1358413,0.06701082,0.5421393,-0.07018135,-0.1921983,0.16229165,-0.46375224,0.03835427,0.12745161,0.34630057,0.066019945,0.1349304,-0.22515641,0.25323465,-0.15974374,-0.1271476,0.112714715,-4.1825385,0.047157507,-0.20527473,0.18849798,-0.18866138,0.17328961,-0.09200804,-0.015620642,0.5052883,0.04481268,-0.18002318,-0.014585731,0.09820041,-0.11090009,-0.32636398,-0.071620904,0.0675539,0.25527105,-0.14062415,0.2959157,0.36788097,-0.15079965,-0.21529473,0.052091133,-0.06649031,-0.23869218,-0.15454578,0.47082445,-0.07129027,0.12452404,0.06452449,-0.22352237,0.009965953,0.1781501,-0.070096105,0.08216554,-0.092081,0.20937614,0.14407773,-0.55131316,-0.44171745,-0.14101732,0.16215272,0.37556884,-0.06284219,-0.1479035,0.0012975492,-0.41306806,0.35211793,0.22091965,-0.124557994,0.086595476,0.2908858,-0.1193316,0.077488236,0.22109433,0.23588537,0.034042947,0.018433293,-0.15739092,-0.38409674,-0.0013640586,-0.060151625,0.5410282,0.04749313,0.12855811,0.5848561,0.21060888,0.104759194,0.040290844,-0.15583254,0.08744827,-0.109983005,-0.07019872,-0.05358454,-0.22636986,-0.13814202,-0.05267386,0.13535708,-0.21631703,-0.24313098,0.10537125,0.1849659,-0.029801777,0.16624273,-0.08013449,-0.128212,0.14873666,0.009907962,-0.023845192,-0.17141671,0.13125242,-0.07837472,0.041599005,0.06957939,0.17796122,-0.14199655,0.16793676,0.1872405,0.24849063,-0.28092614,0.17144072,-0.029361254,-0.033989318,0.099009864,0.029502241,0.1673619,0.084471524,0.42293373,0.14606465,0.368297,-0.44628707,0.072910555,0.07562803,0.1395173,-0.061692026,-0.22848053,-0.14844929,0.19558157,-0.41006494,-0.04351675,0.31970948,-0.0033778925,-0.022442538,0.040378213,0.023964569,-0.02907056,-0.3133323,-0.38166085,0.13037837,-0.4204128,0.16199097,-0.23421618,0.19708654,-0.023521341,0.12146419,-0.20953213,0.66199267,-0.11383614,-0.029075421,0.3037204,0.14433484,0.014366913,-0.35335264,-0.2021035,-0.3684061,-0.23112994,-0.32409924,-0.20060503,-0.16087842,0.6830542,-0.0084374305,-0.015886918,-0.42664894,0.20298986,-0.1585225,0.09358523,-0.028262652,-0.13403995,0.24560873,-0.07415806,0.13944925,0.5114875,0.015242294,-0.3513226,0.15114836,0.07404405,-0.018148767,-0.2624767,0.1354294,0.29408786,0.1501091,0.19119006,-0.26706654,0.11864594,0.0015984679,0.23907009,-0.2674512,0.20728168,-0.031099342,0.16013134,0.13042022,-0.11892764,-0.35615227,0.08247103,0.12112945,0.16124736,-0.101110086,-0.27345103,-0.16596174,-0.05927294,0.10234051,-0.5084817,-0.17804515,0.1298949,0.019743653,0.089822255,-0.07413568,-0.17310636,-0.41363698,-0.24203987,-0.07971356,0.31843132,-0.1828484,0.016972385,0.24032266,0.26355234,-0.24419147,0.17666242,0.18264246,-0.14066882,0.15338624,8.838271e-05,-0.03668528,0.1789689,0.20262182,0.26409754,0.07175959,-0.05850063,-0.35965505,-0.20506275,-0.71612686,-0.101906754,0.13553374,-0.42024803,-0.09025078,-0.1932753,-0.38076234,-0.39768726,-0.028907318,0.24119164,0.056065686,0.11375339,-0.21050091,0.06871546,-0.1154723,0.0075413175,0.52014303,-0.22759686,-0.29035172,-0.17236884,0.3182706,0.062456757,-0.28491586,-0.07293971,-0.2080808,-0.25999773,0.21839237,0.27702427,0.4385372,-0.3040667,0.07350725,-0.022773106,0.16762774,0.20104384,0.3788066,-0.06656772,0.21353249
FAKLLAKLAKKLL,-0.25959593,0.095128134,0.27072608,0.38767755,-0.032521673,-0.2009881,-0.2308333,0.08065145,0.030840551,-0.106093355,-0.004687651,-0.08524506,-0.08178043,-0.07154969,0.053822365,-0.048622422,-0.0746756,-0.007670026,-0.120233506,0.07205128,-0.43042135,0.12200741,0.063829504,-0.10212145,0.019165736,0.38358533,0.094611,0.18208899,0.24797924,0.14591986,-0.18297784,-0.2891297,-0.0011549636,0.3792553,-0.052219756,-0.21758407,-0.063677646,-0.14414738,0.28524253,0.21942423,-0.2071836,0.17853078,-0.27277032,-0.3534188,0.5279724,0.13143161,-0.07216196,0.46997404,-0.039955135,-0.2746645,0.12790076,-0.34663972,0.11304536,0.11828148,0.20704368,0.10700137,0.061555244,-0.14350669,0.18067251,-0.14606866,-0.11604226,0.0595204,-4.707334,0.090801574,0.016247977,0.1611206,-0.13177465,0.23161952,-0.12399605,0.008647599,0.37980756,0.11162197,-0.217483,0.1695725,0.13849111,-0.20562251,-0.15007567,-0.14469515,0.053753756,0.37666976,-0.1352408,0.12815121,0.20335262,-0.16660094,-0.104023054,-0.0022596696,-0.04754785,-0.19565484,-0.02488994,0.36103413,-0.00495564,0.049580928,0.0243324,-0.13731924,0.0416063,0.17908727,-0.04166935,0.09001192,-0.1087917,0.11454689,0.16704622,-0.30101758,-0.3902333,-0.2288563,0.13806161,0.3331803,0.064101115,-0.13999465,-0.081427924,-0.22505318,0.36540836,0.25731638,0.06181251,0.09830529,0.17284532,-0.07005184,0.03343674,0.13891652,0.12040986,-0.01710978,-0.030719494,-0.16841535,-0.30667216,-0.12901421,-0.08916619,0.43007442,-0.052435357,0.07264239,0.43811768,0.17095163,0.124788135,0.053166304,-0.009468728,0.0756055,-0.0014130558,-0.13098483,0.0025430396,-0.2218542,-0.15168402,-0.1195302,0.096018694,-0.21080357,-0.3506845,0.005359554,0.1649984,-0.02548284,0.18516152,-0.12029931,-0.21809644,0.1104335,-0.045412872,-0.017934227,-0.09045843,-0.030587027,-0.0015994032,0.06987057,0.04370011,0.2108884,-0.0842556,0.19793947,0.14027701,0.13355155,-0.2105546,0.05538741,0.022722714,-0.13578431,0.2595416,-0.069488175,0.22119258,0.0891141,0.29485574,0.27414954,0.29824317,-0.37889236,0.078491256,0.090137795,0.12648244,-0.0056622582,-0.15981375,-0.18544944,0.20813134,-0.32627866,0.010917064,0.30561692,-0.06779055,0.111860745,0.008231792,-0.036061533,-0.056447327,-0.4076545,-0.34857243,0.20478682,-0.15350413,0.17845228,-0.24074726,0.26123115,-0.1333602,0.22832887,-0.05655941,0.52472645,-0.10945467,0.0893609,0.3943251,0.22581251,-0.003808739,-0.24103794,-0.108734936,-0.34757325,-0.25701073,-0.119073205,-0.23766205,-0.14465578,0.59883463,-0.03409518,-0.10181055,-0.36954707,0.1546309,-0.102757215,0.17290309,-0.22933327,-0.18557073,0.14608674,0.02529026,0.0622065,0.3549134,-0.04608075,-0.32145658,0.09014428,0.09754596,0.03467759,-0.17803027,0.10064094,0.38828877,0.029491568,0.14225973,-0.19729534,0.10847104,-0.08089721,0.25060883,-0.15251376,0.08980364,-0.031179467,0.114308044,0.15044479,-0.12895897,-0.24850103,0.076613456,0.12958081,0.16548768,0.012235913,-0.25370803,-0.13356262,-0.044198375,-0.08238011,-0.33601278,-0.1529637,-0.03338531,-0.009835362,0.2649017,-0.049855724,-0.17948651,-0.33584702,-0.09049107,-0.14452381,0.18792504,-0.23672104,0.020800285,0.026183026,0.2697312,-0.12000696,0.014852191,0.2777817,-0.14474465,0.19791457,0.061656225,0.002214245,0.108167,0.115074985,0.13023034,0.03422589,0.05681208,-0.29508048,-0.18414372,-0.61694497,0.05078538,0.2800035,-0.42709488,-0.047791075,-0.025383672,-0.32079557,-0.18934694,-0.076010704,0.31954348,0.11805948,0.051463775,-0.27442923,0.03127795,-0.22644177,-0.018964631,0.43761602,-0.14220542,-0.19799352,-0.23138022,0.29448447,0.04446311,-0.20925803,-0.0061923503,-0.22036335,-0.23258314,0.16581222,0.17941546,0.37724414,-0.1739452,0.015965289,0.01634559,-0.02561583,0.22766195,0.348282,-0.12399306,0.2146709
GGLRSLGRKILRAWKKYGPQATPATRQ,-0.10029261,-0.23544739,0.11551578,0.27713904,-0.008266292,-0.20730977,-0.18652761,-0.061283566,-0.07317956,-0.11037659,0.067925714,0.12799582,-0.07529686,0.15188743,-0.008152396,-0.056007743,0.15109803,-0.036588892,0.09218646,0.07278735,-0.33132744,0.05746165,-0.14164346,0.08038759,0.014061751,0.35000426,0.11998691,0.1812483,0.027499916,-0.067620434,-0.18085286,-0.2688034,0.09994421,-0.21280879,0.18296719,-0.27204803,0.17598043,-0.101065636,0.38844937,0.051737066,-0.17385502,0.11589684,0.025473895,-0.04518739,-0.042580612,-0.0046867295,-0.8290058,0.20986432,-0.06473654,-0.10254248,-0.06837461,0.035703894,0.23346937,0.0520996,0.036213644,-0.174678,0.1780481,0.083744526,0.13077343,-0.10167018,-0.005193998,-0.16535667,-5.161272,-0.11136002,0.11516612,0.06500221,-0.062577665,0.15666738,-0.06366372,0.2064845,-0.1371871,-0.07756006,-0.18786992,0.24758391,-0.11296776,0.017899666,-0.0063154716,-0.02919896,-0.09211113,0.26530287,0.0983099,0.022951705,0.032807745,0.070773214,-0.043483816,-0.25915527,0.12957875,-0.024880193,0.05606708,0.12080551,-0.0035927768,0.17708482,0.09455288,0.09811744,-0.09760475,0.13809887,-0.038680125,0.2621146,-0.13772567,-0.045029953,0.13501841,0.01349503,-0.104938954,0.015441722,0.074737616,0.2860583,-0.02735947,0.055324048,0.081305265,-0.118567124,0.15236217,0.08775157,0.21687233,-0.0109545775,0.05692777,0.07318309,-0.07235154,0.048555918,-0.22945835,0.079615965,0.022397988,-0.02151346,0.09917432,0.13876662,0.0800898,-0.030435981,-0.24933876,-0.18998541,0.10307279,0.045106903,0.08858801,-0.013474263,-0.0010100737,0.016910601,0.099497005,-0.1342447,0.062863454,-0.10897973,-0.015553003,0.021287668,0.16048521,-0.11928004,-0.1773174,0.10846663,0.046981808,0.13686445,0.048259348,-0.121357374,-0.1170543,0.112402804,-0.07175314,0.073352836,0.0342294,-0.21502335,-0.08029453,-0.034516204,0.0029800867,0.077168465,-0.13001506,0.13387871,0.01030405,-0.0681754,-0.051905077,-0.18992148,0.11427965,-0.04850061,-0.10656124,-0.053104125,0.008879663,0.039223734,0.139566,0.28098863,0.10367426,-0.16333622,0.118504874,0.14997219,0.095442325,-0.12809974,-0.10196867,-0.14019348,0.25631726,-0.18285173,0.06613374,-0.0050658523,0.012422981,0.17294729,-0.2436402,0.20389102,-0.07362067,-0.20491682,-0.10710259,0.033562835,0.38147247,0.21809477,-0.05885977,-0.016821722,-0.048236914,0.10837946,0.10889011,0.40751362,-0.09909698,0.15218161,0.12704496,0.17233288,-0.005142953,-0.19730094,-0.070596315,0.002764042,0.05047087,0.124579005,-0.07278329,-0.054578993,-0.046667416,0.112822294,-0.041087504,0.06549227,-0.075159974,-0.14592358,0.025374278,-0.12782767,-0.3429257,0.01893082,0.08443144,0.112031385,0.19109647,-0.03343735,-0.08204414,-0.0029370198,0.016010683,0.078373216,-0.025494024,-0.06406536,0.25022435,0.12156811,0.069666274,0.080890425,0.115255326,-0.20312941,0.004833995,0.08346593,-0.08545132,-0.10957894,0.06483053,0.05693073,-0.05740039,-0.032575794,0.26688728,0.14647704,0.18758678,0.04714859,-0.148937,-0.053901,-0.08495783,-0.10599962,-0.1083365,0.04842945,0.005420723,-0.13896678,0.17159879,-0.2047905,0.09329146,-0.056488156,-0.087640636,0.027618865,-0.040781,-0.13737953,-0.011646834,-0.065974586,0.22404799,-0.120903485,0.15637496,0.17085887,0.014469537,0.29411656,0.045899592,-0.0042054234,0.06254288,0.1548646,0.10618992,0.10229788,-0.11320441,-0.14977625,0.015998822,-0.07680798,0.062157918,0.29103318,-0.10369538,-0.10696498,-0.24477857,-0.26292953,0.002820774,-0.025512807,0.33711943,-0.03885862,0.00027782135,-0.22363338,-0.07035386,-0.08618354,-0.3070074,0.2474129,-0.07895052,0.0051011485,-0.21809289,0.18782705,-0.0118544,-0.11882248,-0.05779156,-0.10865121,-0.06005661,-0.12268877,0.043136675,-0.0044558663,0.040341813,-0.009917835,-0.029495042,-0.023926748,0.08019547,0.1772111,0.035975285,-0.08982201
FIGAIARLLSKIF,0.007799445,0.056072924,0.19687557,0.14679132,-0.047649655,-0.17087089,-0.18209742,0.0029076815,0.089571185,0.02679133,0.14300312,0.08115799,-0.10576003,-0.07184156,-0.0016314547,0.028713465,0.029628474,0.067160636,0.2242767,-0.081430785,-0.2843117,0.06265379,0.0784936,-0.13234177,-0.012185657,0.29840934,0.12624139,0.10690907,0.36944,0.14972906,-0.38219225,-0.11957363,-0.023708628,0.03390207,-0.058960624,-0.26505974,0.12745288,0.07376995,0.31865397,0.18761253,-0.09669551,0.16554989,-0.18826641,-0.21667495,0.31717214,0.16109587,-0.4871632,0.39660168,-0.045054648,-0.39218047,0.1294596,-0.09038444,0.28707114,0.027691426,-0.111946836,0.039511815,0.12683594,-0.02595618,0.053753376,-0.063899845,-0.1739702,0.08988597,-5.040128,-0.046124004,0.12563664,0.14568429,-0.04573118,0.3892685,-0.08870938,0.036207374,0.036630925,0.074924596,-0.19691251,0.10184897,0.12963636,-0.24159752,-0.0017270038,-0.20846172,-0.09970673,0.38082707,-0.00045992795,0.06341033,0.08442701,-0.111336775,-0.19871202,-0.10463284,0.08475652,-0.1258629,0.14961989,0.08176097,0.010267471,-0.11060522,0.11222909,0.0064966837,0.12248337,0.04912396,-0.13564467,0.08541787,-0.04234385,-0.14052542,0.16171117,-0.03378271,-0.24478963,-0.14094058,0.08123803,0.27556363,0.17726158,-0.032474764,-0.053743068,-0.09160514,0.20861593,0.3016801,0.19199729,0.14108612,-0.015809886,0.08071765,0.043871712,0.09646289,-0.049740918,0.018696288,-0.05570985,-0.06579877,-0.21313548,-0.04681139,-0.07157004,0.13044307,-0.121576376,0.0061074714,0.1911292,-0.0653485,0.13895397,-0.10345105,0.13699311,0.061974023,0.20148793,-0.055383407,0.089902356,-0.26649487,-0.2411908,-0.10880519,0.12167728,-0.115744784,-0.29121977,-0.0016434232,0.03968258,0.025195664,0.05571909,-0.021734886,-0.18508908,-0.08610438,-0.14002724,0.16221835,0.039532375,-0.18642731,0.07686089,0.00994714,0.07772671,0.11566523,-0.070353776,0.23666583,0.04928771,-0.034962993,-0.09208496,-0.090070896,-0.042448185,-0.008609968,0.06807329,-0.10000383,0.13251701,0.028639683,0.09835859,0.22508535,0.042179044,-0.19627331,-0.034411423,-0.020926313,0.102725364,-0.04591381,-0.013047559,-0.3239803,-0.013979495,-0.26139015,-0.0752198,0.104870215,-0.11247222,0.13078196,-0.063886575,0.08738144,-0.07449804,-0.18110609,-0.2570099,0.39415285,0.19249256,0.14196542,-0.09298228,0.27102298,-0.13176772,0.10305655,-0.039578184,0.2322156,-0.002070115,0.36195356,0.4716047,0.3818861,-0.15380014,-0.059026234,-0.084323496,-0.37858835,-0.12700108,0.17685553,-0.17628974,-0.1088947,0.3362266,-0.030307109,-0.12391873,-0.30548105,0.014836606,0.008982657,0.08713768,-0.30077308,-0.30781195,0.17308192,0.20160739,-0.007470961,0.17914934,-0.106182344,-0.39648548,0.15715612,0.0021768839,-0.04823711,-0.09299633,0.024061102,0.450637,-0.0055381316,0.08524521,-0.080832995,0.23093322,-0.053048246,0.29962805,0.04239779,-0.0095875105,0.03701054,0.14108022,0.03207126,-0.19118327,-0.16291922,0.21034947,0.1926695,0.17652453,0.10865998,-0.1789913,-0.13746041,-0.011526019,-0.22097474,-0.29007027,-0.10571382,-0.2033906,-0.10430502,0.3331274,-0.105348095,-0.11493085,-0.15489548,0.0044712005,-0.00481676,0.038907316,-0.17223518,0.021986397,-0.12915827,0.30928615,0.06590525,-0.08807617,0.38986027,-0.13406588,0.14594959,0.18610689,-0.06636381,-0.03346195,0.011243727,0.070945226,-0.025725748,0.1210749,-0.25150907,0.019297428,-0.25212684,0.050649878,0.2820307,-0.22426176,0.0297732,-0.053232685,-0.15532842,-0.01699847,-0.12632914,0.15120032,0.15425959,0.01729826,-0.21265036,-0.057027385,-0.26083618,-0.1183862,0.33724794,-0.0858774,-0.061464507,-0.1452895,0.33051258,-0.03863811,-0.28414822,0.09876721,-0.057510324,-0.2593361,-0.06885338,0.15167418,0.174253,0.06566862,-0.0848332,0.06752481,-0.07279111,0.05904013,0.18188828,-0.009885784,0.18388382
AALKGCWTKSIPPKPCFGKR,0.02332689,-0.2674526,0.07569922,0.31692556,0.075679906,-0.15225402,-0.26088586,-0.13728844,-0.09388539,-0.17019059,0.05205864,0.3354483,0.014810785,0.002049958,-0.10722508,-0.012353588,0.14093353,0.006737341,0.2963436,-0.089619294,-0.33417672,0.09053876,-0.032957543,0.019309573,-0.03135015,0.4246706,0.0033367479,-0.017487822,0.0052971765,-0.019209,-0.21107937,-0.19827527,0.0787746,-0.2928377,0.17374685,-0.3843871,0.08174241,-0.20176953,0.43799075,0.11907944,-0.111659594,0.11608469,0.012886763,0.05552094,-0.07171934,0.020987255,-1.1528102,0.28163412,-0.15257211,-0.068756625,0.09259162,0.03568934,0.263824,-0.13345064,-0.07673229,-0.10578708,0.031684674,0.18531795,0.10384151,-0.13386036,0.04058634,0.034091916,-5.098078,-0.19386035,-0.031606443,0.0527633,-0.1387967,0.25078988,-0.11416953,0.123027354,-0.20170502,0.021138458,-0.08532838,-0.070322864,0.00990897,-0.069510706,-0.016765647,-0.0939028,-0.07014385,0.24453597,0.25638244,-0.033208434,0.13222389,0.23341347,-0.19593225,-0.25834596,0.05055629,0.18056068,0.025562592,0.24956647,-0.018623887,0.12534004,0.09405286,0.012351531,-0.003899493,0.13067563,-0.1818861,0.31714782,-0.14909211,-0.19839725,-0.055742882,-0.042375363,-0.1292281,-0.055801246,0.05696917,0.3505572,-0.07796247,0.17855074,0.17516279,-0.23009071,0.06452794,0.21427898,0.10176677,0.11811254,0.24599609,0.12873636,0.122326896,-0.1275704,-0.25614774,0.10748946,0.009022159,-0.0006622279,-0.047806207,0.14104605,0.04422032,-0.040770236,-0.081835605,-0.09917829,-0.006631205,-0.015916493,-0.02885998,-0.15705484,0.12836848,0.019551301,-0.07067482,0.17586766,-0.084837586,-0.12266056,-0.1378672,-0.09122763,0.4016389,-0.21226282,-0.14477134,-0.021013938,-0.026877237,-0.057180967,0.028221635,-0.1880665,-0.21050748,0.056530442,-0.23914948,0.044735674,0.15023789,-0.38480088,0.16028796,-0.15198992,0.023419905,0.1878116,-0.13445579,0.28527758,-0.03763896,-0.11894894,-0.028388256,0.028546726,-0.056170236,0.1718341,-0.06264916,-0.1080463,0.008995945,0.024478287,0.07891011,0.19590603,0.123263605,-0.19122607,-0.055541553,0.1682437,0.18007036,-0.14983462,-0.059125986,-0.09507274,0.053305697,-0.44224098,0.04292902,-0.07770571,0.08887964,0.027528154,-0.332407,0.33731195,-0.14268972,-0.16439825,-0.12675212,0.1862135,0.39464492,0.2744326,0.08689544,0.037196994,-0.120267965,0.24065651,0.11004882,0.21060897,-0.21529947,0.17135467,0.15490772,0.28190982,0.058804497,-0.16557123,-0.0522238,-0.113319345,-0.02412893,0.43910745,0.08055308,-0.05787399,-0.012462369,0.20642708,-0.082276694,0.079665095,-0.16129524,-0.04905276,0.0079842955,-0.13890481,-0.28194594,-0.13079657,0.23353496,0.14289854,0.14141965,-0.15200838,-0.094535686,0.12635481,-0.08400009,0.10893374,-0.05999619,-0.10066455,0.15170084,0.043065473,0.23068862,0.13797002,0.15859585,-0.15406705,0.20194708,0.10247884,-0.12700175,-0.16737494,0.071055196,0.06898208,-0.1479558,0.019847715,0.2036223,0.3413406,0.19285636,0.17047052,-0.15124808,0.14499198,-0.026092779,-0.12376533,-0.21278328,-0.0054376526,-0.021663405,-0.24531803,0.1832183,-0.24898304,0.018431623,-0.037149098,-0.048236143,0.11639623,-0.07120171,0.044498097,-0.12517297,0.11945549,0.30486295,0.036800798,0.21084644,0.2859621,0.16158666,0.1944591,-0.13775037,-0.07637462,0.10581875,0.2969483,0.10943807,0.28790542,-0.046347305,-0.12509392,0.18280858,-0.028923994,-0.035539564,0.29825738,-0.2258708,-0.0029800988,-0.2170114,-0.28054592,0.021300562,-0.21780534,0.34472966,0.07506421,-0.069955945,-0.14344035,-0.055996872,-0.17388238,-0.37213078,0.19881515,-0.01851116,-0.06146834,-0.2669567,0.32929608,-0.06614544,-0.3190036,-0.13616972,-0.146766,-0.16899033,0.0019358407,0.10993712,0.0032739362,0.12653199,0.056716636,-0.020001596,0.11042693,0.059960723,0.043151554,0.1973443,0.03805332
GVLGAVKDLLIGAGKSAAQSVLKTLSCKLSNDC,-0.1467778,0.20764145,0.1231058,0.104572535,-0.08291231,-0.07132113,-0.10194713,0.14701994,-0.031785943,0.15202202,-0.021036686,0.23024392,-0.0678693,0.02577888,0.22326301,0.11307752,-0.035996575,0.0676893,-0.09158168,0.087838754,-0.31584713,0.06947717,0.08162522,-0.1917156,-0.07221377,0.17873551,0.19510955,-0.010120493,0.059239954,0.092698984,-0.38345528,-0.14322017,-0.050723266,0.3011162,-0.039215717,-0.18894912,-0.05212584,-0.03794887,0.14959945,0.10502971,-0.1711105,0.20448637,-0.0933476,-0.024251148,0.34944433,0.04269864,-0.38730687,0.23070118,0.005594715,-0.22822939,0.054469503,6.722553e-05,0.08013382,-0.03233619,-0.041192394,-0.13192767,-0.038342625,-0.03720004,0.14941405,-0.010228242,-0.10462972,-0.05710904,-4.900909,-0.1693691,0.12484825,0.072655745,-0.057906184,0.16609675,0.04292405,-0.14348775,-0.07802081,0.112983294,0.023995237,0.035095315,0.15421163,-0.15832195,-0.10382569,-0.0721958,-0.06917499,0.29947683,0.07889898,0.07389876,0.19838452,-0.052351896,-0.22605939,-0.10845483,-0.003652562,-0.20996758,-0.022848006,0.15187632,-0.1070274,-0.22066192,0.23621641,-0.078005806,0.20044804,-0.0009397507,-0.025596248,0.12633356,0.052946053,-0.18258612,0.27601072,-0.13366355,-0.2109311,0.00046628542,-0.09181082,0.2642558,0.116421945,0.052212905,-0.10333411,0.038252335,0.31273556,0.15437521,0.0692665,0.21318485,-0.05138537,-0.02432376,0.2684353,0.12026145,0.066096984,0.03650752,0.04750455,0.015058674,-0.101188734,0.10299916,0.050167896,0.11375871,-0.17021266,0.090859644,0.18709,0.35168082,0.031300586,-0.10170702,-0.051766865,-0.1615949,-0.019770715,-0.20063025,-0.11755228,-0.055503946,-0.063126154,-0.13494763,-0.016663725,-0.07099332,-0.15323383,0.048911687,-0.030307502,-0.099600546,0.14041291,0.1326855,-0.124045074,-0.0057268245,0.029459247,-0.0022262053,-0.021118913,-0.15903011,0.03154924,0.22004965,0.08982958,0.032348294,-0.21481162,0.18438675,0.09294642,0.08096591,-0.029407531,-0.05199415,0.16624968,-0.10049981,0.051697243,-0.0695638,0.058760867,-0.028113302,0.06238432,0.15735438,0.123465836,-0.13318586,-0.15087138,0.1453733,0.10582233,-0.22884181,-0.10422703,-0.13737087,0.056240063,-0.20356888,-0.12931284,0.3721234,-0.11753465,0.08628404,-0.07495655,-0.015941866,0.0185855,-0.32445082,-0.111024894,0.14820203,0.23435159,0.012654553,-0.015241872,0.27915525,-0.25320473,0.22973908,0.17740814,0.21288812,-0.20237342,0.28597602,0.21119516,0.09431322,0.060396615,-0.038564567,-0.0058927853,0.057267938,0.018145705,-0.028828334,-0.15491955,0.04234785,0.337611,-0.04674422,0.01495504,-0.25155598,0.04636507,-0.25444308,0.17935568,-0.09037195,-0.2549103,0.048175078,0.24098837,0.26660788,0.2071561,-0.22037475,-0.43931782,0.10231993,-0.03844584,-0.17921902,-0.035640236,0.04938604,0.2977675,-0.1332393,0.07688792,-0.11276898,-0.14984107,-0.034503277,0.21570453,-0.22739859,0.15500179,-0.017626313,0.22412318,0.004680903,-0.0009473341,-0.159989,0.017884916,0.10625559,0.13558523,-0.10537442,-0.15252557,-0.060667828,-0.08044994,-0.10265992,-0.29588938,-0.0064754114,-0.2768745,0.09499159,0.1855198,0.08853468,-0.070154175,-0.01648502,-0.25703624,-0.07214268,0.20286836,-0.12176643,0.004621027,-0.19416852,0.23799837,-0.07480451,-0.017795699,0.3060726,-0.16931207,0.14235987,0.09766643,0.058024835,0.03313196,0.1369318,-0.079367995,-0.035543412,0.13486317,-0.23021057,0.14266133,-0.20988978,-0.03419317,0.35334626,-0.076768905,-0.080503836,-0.2354148,0.1075331,-0.017737817,0.04092282,0.13528687,0.04281543,-0.020021472,-0.030882038,-0.23859018,-0.043145698,-0.028444035,0.19225325,-0.13804223,-0.08025251,-0.08309829,0.1333415,0.01992814,-0.31872758,0.24094315,-0.10819016,-0.15549727,-0.00049351284,0.076979965,0.2829135,-0.04015808,0.10032809,-0.039629985,-0.24209805,-0.14136991,0.15085408,0.025432011,0.07058081
GFLDTFKNLALNAAKSAGVSVLNSLSCKLFKTC,-0.12706453,0.06770059,0.08675666,0.14960764,-0.034036424,-0.11362825,-0.09412426,0.010953441,-0.061143506,0.022416193,-0.008012428,0.24400768,0.015857646,-0.006467154,0.056374807,0.05135294,0.04236334,0.079542965,-0.02569573,0.053842522,-0.25189036,0.18357052,0.07498781,-0.10520109,-0.03484781,0.21483095,0.092408665,-0.018299703,0.14274807,0.12466143,-0.23862098,-0.07123507,0.044564303,0.23530497,0.10201285,-0.19708224,0.01235669,-0.11351409,0.26360422,0.17863981,-0.22229107,0.19418384,-0.07300134,0.05466332,0.17038868,0.1016814,-0.6630574,0.25371352,-0.042230893,-0.20172912,0.14241546,-0.09984033,0.055452704,-0.043094274,-0.09760479,-0.14366364,-0.036140673,0.037946917,0.09387049,-0.12345983,-0.08889465,0.013110874,-5.1553125,-0.15938252,0.056609698,0.12419913,-0.09780982,0.15464404,-0.0381836,-0.020136574,-0.1883161,0.116438866,-0.0699065,0.016479015,0.042486284,-0.095304415,-0.105799876,0.036067583,-0.03453178,0.20044255,0.04038149,0.0842028,0.15107656,0.059240375,-0.16534519,-0.13322353,-0.044746082,-0.09671388,0.092984095,0.09009077,-0.022865485,-0.14754775,0.20834485,-0.065661706,0.053949177,0.06599613,-0.07853233,0.0739198,-0.019422386,-0.24864033,0.1953469,-0.015172872,-0.19694428,-0.02244223,-0.04955798,0.24425277,0.14064038,-0.051941194,-0.035319082,-0.0894598,0.20206162,0.21985884,0.047918577,0.07023442,0.093235455,0.069493115,0.14939992,0.022088608,0.017476982,0.033595227,0.07634125,0.020631986,-0.09233383,-0.05054263,0.026112076,0.10200644,-0.07111728,0.10966662,-0.008385983,0.18349372,-0.010664289,-0.09652485,0.15015517,-0.087663144,-0.025603471,-0.12337787,-0.09964125,0.07557552,-0.22836448,-0.20106061,0.09306421,-0.21200086,-0.1735154,0.027345425,-0.032568786,-0.056536574,0.1344951,0.06586841,-0.1725435,0.06020403,-0.04030604,0.03358696,-0.047526825,-0.10714015,0.04790375,0.07485249,0.038364902,0.11666974,-0.088229135,0.27249664,0.06687371,0.07225733,-0.025284294,0.05687573,0.018378211,-0.19617866,0.02199789,-0.08488873,0.13552375,-0.033091757,0.09055977,0.15792659,0.17072357,-0.14143611,-0.055250496,0.18707503,0.14960177,-0.18379928,-0.10667676,-0.09507453,0.17453623,-0.35269085,-0.08349134,0.23696968,-0.058147922,0.11382399,-0.25078642,0.15980682,-0.08232606,-0.23523483,-0.1535656,0.19788538,0.12933032,0.11450677,0.009921397,0.19979504,-0.21653798,0.21511765,0.13953353,0.19558899,-0.11723998,0.24174164,0.28885615,0.1820045,0.07888091,-0.017471679,-0.029277315,-0.23022468,0.017134057,-0.0110811675,-0.07055961,0.0025952223,0.14557695,0.093154304,0.019273704,-0.16194919,0.020591274,-0.13233353,0.07815356,-0.13809924,-0.27840975,-0.05592818,0.28620592,0.14721298,0.1146233,-0.15955994,-0.34583917,0.14083968,-0.06913211,-0.045119412,-0.001528774,0.0045008343,0.27848914,-0.105754085,0.21035211,0.013337009,-0.086573005,-0.055560146,0.24080852,-0.09710168,0.0020554883,-0.029651165,0.06542675,0.05455037,-0.06524733,-0.11352038,0.27765125,0.18325794,0.1351929,0.03173219,-0.05070067,-0.07388628,-0.18377964,-0.13066147,-0.28704035,-0.09564935,-0.23008995,0.08096095,0.21013418,0.06253164,-0.07324264,-0.019908136,-0.17593712,-0.0058421995,0.117039084,-0.12613091,-0.03236293,-0.07896342,0.27628306,-0.05625764,-0.0425085,0.2064233,-0.09380725,0.12917517,0.06761745,0.029177908,0.060308605,0.07163891,0.058528606,-0.045472555,0.05287774,-0.06794155,0.13029157,-0.13579609,0.055286992,0.32763657,-0.2013433,-0.050483257,-0.0347386,-0.057696003,-0.02625987,-0.010560661,0.19564755,0.03861078,0.015756244,-0.084548734,-0.1590364,-0.05469875,-0.08790219,0.1828077,0.009979846,-0.13208309,-0.12795255,0.28281578,-0.058053643,-0.25423294,0.09180319,-0.18013994,-0.18114692,0.00772175,0.09216886,0.21480775,0.09563487,0.015793866,-0.04463873,-0.09491055,-0.1318195,0.13775882,0.032209694,0.14492665
GFMDTAKNAAKNVAVTLLDNLKCKITKAC,-0.13504468,0.30161974,0.13535143,0.18307316,-0.012076858,-0.09403585,-0.071618855,0.09576596,0.025740225,0.034052663,-0.15889864,0.16658166,-0.06427957,0.040140968,0.14094374,0.053447235,-0.006453416,0.08500332,-0.09109634,0.15415272,-0.28789514,0.11697245,0.12731493,-0.100778274,-0.06979435,0.08821751,0.105709106,-0.06397727,-0.013691906,0.0763355,-0.37597042,-0.0069216145,0.06500435,0.33875647,-0.042558823,-0.13691674,-0.1668231,-0.052840773,0.14846236,0.13108222,-0.045923825,0.24310397,-0.15543492,0.07662112,0.33874682,0.14273456,-0.30352268,0.19418103,-0.058530845,-0.35705978,0.114719145,0.09963177,0.116133705,-0.027755493,-0.08844231,-0.056379005,-0.025096968,-0.06817385,0.3386438,0.04588589,-0.095663816,-0.048393894,-4.8286457,-0.20876509,0.18030232,0.22755548,-0.0820644,0.08992095,0.06538126,-0.035929926,-0.16540785,0.09138403,0.07262687,0.06794539,0.09575487,-0.107959464,-0.106046245,-0.136165,-0.18003348,0.29795474,0.07024986,0.13513455,0.10393303,-0.11261728,-0.26749456,-0.0722469,-0.006762278,-0.17540254,0.075389944,0.1692275,-0.24634187,-0.19542691,0.3212401,-0.11360827,0.20512362,-0.04523724,0.0019930548,0.10692315,-0.06566095,-0.07793859,0.21920843,-0.077980705,-0.13056116,-0.0044205575,0.015554926,0.21195433,0.10192645,0.010539853,-0.11922959,-0.0045037502,0.15738367,0.15454343,0.09096446,0.10365458,-0.00077977293,-0.012673115,0.3193,0.1426355,-0.028713956,0.007947035,0.132518,0.09570774,-0.12352962,0.050632883,0.1948203,0.10228347,-0.15778577,0.036210213,0.19095421,0.22856256,-0.07858454,-0.12910497,-0.07023544,-0.087088056,0.005294313,-0.23862457,-0.01002544,-0.0059436196,-0.18283208,-0.22049071,0.065243915,-0.09765144,-0.16944504,0.11166793,-0.033054974,-0.049930338,0.19389325,0.040857706,-0.08715414,0.02361178,-0.0049234573,-0.11391725,-0.111974284,-0.08186922,0.063850455,0.08907855,0.14901331,0.14520183,-0.14487165,0.17637831,0.21041243,0.043709878,0.01264045,0.095880195,0.062472913,-0.085441746,-0.01975887,-0.13447985,0.035020325,0.034070827,-0.098685294,0.16373253,0.16003029,-0.1077111,-0.31348607,0.23337145,0.08854574,-0.2389662,-0.23009986,-0.09707503,-0.029473146,-0.2908613,-0.06084948,0.3729541,-0.11044348,-0.074859686,-0.07282443,0.06330561,-0.025603114,-0.2025196,-0.1560513,0.15692087,0.25752208,-0.061598856,0.0091151735,0.3005632,-0.20174168,0.16082016,0.035820335,0.24744394,-0.17597483,0.3061191,0.22540444,0.085350886,0.114871345,-0.006317968,-0.06472964,-0.21607594,-0.0450743,-0.16168354,-0.17084181,-0.0069805845,0.36247736,-0.09417502,0.044519328,-0.2988277,0.0194825,-0.23839128,0.15530398,-0.03400886,-0.36314958,0.08437149,0.17091435,0.42592734,0.13138011,-0.27119654,-0.21363346,0.15307611,-0.036119003,-0.21043149,0.0687897,0.07262233,0.24407153,-0.23686892,0.12839589,-0.12215306,-0.11049056,0.00034578674,0.19015835,-0.2440795,0.19943266,0.044734076,0.1705374,-0.007938475,0.16226731,-0.12387343,0.037304595,0.08000039,0.13759026,-0.039083872,-0.14221662,0.022669626,-0.19273555,0.02010307,-0.29882425,-0.01796389,-0.23902921,0.10298446,0.086229175,0.11211785,-0.23987275,0.061138533,-0.22197759,-0.081638105,0.3008793,-0.13635944,-0.022578612,-0.069481835,0.30202588,-0.22512667,0.005487594,0.20790225,-0.25054082,-0.01711683,0.13582802,0.053935565,0.16111116,0.15024555,-0.07400682,-0.106490195,0.13734826,-0.25205216,0.13274759,-0.2752094,-0.0033146546,0.32022783,-0.15100025,-0.095798895,-0.22257178,0.1112555,-0.061241418,-0.008717257,0.066214874,0.055883117,-0.042371698,-0.019141056,-0.26541904,-0.060610764,0.08106035,0.122731216,-0.046252023,-0.045777887,-0.048102878,0.1460111,0.11102156,-0.31088698,0.22184654,-0.16690066,-0.1704582,-0.08447648,0.10805059,0.32039526,-0.061045446,0.1581101,0.05322361,-0.23338448,-0.1672368,0.10479707,-0.014844412,0.08716666
FMPILSCSRFKRC,0.004368507,-0.33677778,0.13404393,0.36030483,-0.056132913,-0.291547,-0.31803748,-0.05377378,-0.25991955,-0.17916416,-0.10187659,0.5021575,-0.022500614,-0.046255093,-0.31815764,0.11827714,0.32764813,-0.035573278,0.28412583,-0.23761322,-0.30041927,0.095987335,-0.035513673,0.051550973,0.023553887,0.42133522,-0.09940122,-0.028901625,0.24335116,-0.04703112,0.06808346,-0.10918024,0.17378071,-0.4537436,0.16040374,-0.5791449,0.11932148,-0.2648283,0.37109327,0.16698049,-0.18725774,0.19645333,0.09932003,0.11976765,-0.19235685,-0.11783355,-1.205346,0.23075557,-0.024918115,-0.04083928,0.15366684,-0.0052909236,0.1546953,-0.067032546,-0.23519865,-0.14841045,-0.012774336,-0.010760756,-0.042612784,-0.3188753,-0.006002883,0.12260284,-4.8073654,-0.14531165,-0.045736276,-0.0020914385,-0.03730559,0.23152779,-0.25788933,0.1643548,-0.24745923,0.0045243977,-0.18407387,-0.030075453,-0.057465125,-0.041823998,-0.08979336,-0.11943593,-0.04847947,0.31558943,0.22271292,0.060493086,-0.011327761,0.33271503,-0.2692288,-0.29070204,0.011442165,0.12171199,0.10334612,0.052152533,0.10429147,0.036052298,0.022789467,-0.061301693,-0.284344,0.037084155,-0.23999517,0.35065052,-0.03313864,-0.36201236,-0.21825081,0.046468694,-0.041075785,-0.06413552,0.074811794,0.35900354,-0.0102547025,0.17354706,0.36771637,-0.2223134,0.011722523,0.24173042,0.08401264,0.08387372,0.19862008,0.14670114,0.058514435,-0.13511762,-0.18316665,0.2019357,-0.022444725,-0.04279919,-0.30407035,0.006329603,0.035536885,-0.2641227,-0.0052185855,-0.087265275,-0.09531455,-0.12284862,-0.042552248,-0.035022873,0.3521236,-0.045234162,-0.17812496,0.12972502,0.017208867,-0.1381856,-0.20239745,-0.026905183,0.38411742,-0.16763264,-0.18949442,0.075237624,-0.1261984,0.038844947,-0.05627618,-0.12039965,-0.17966223,0.013654214,-0.3495458,0.04144418,0.12614183,-0.42137924,0.3925265,-0.13891205,-0.038981598,0.22341919,-0.092949964,0.23014455,-0.007405758,-0.21197762,0.071106985,-0.0476868,-0.14208803,0.034044083,-0.138175,-0.108186334,0.020760184,0.052753557,0.21196708,0.2491475,0.10983883,0.12003264,-0.047285125,0.21355155,0.2956457,-0.27719793,-0.019147944,-0.24906237,-0.025026198,-0.46607214,-0.17525193,-0.089453235,0.11244846,-0.023251958,-0.63611156,0.35084984,-0.26851037,0.060441725,-0.23377864,0.27356747,0.63657546,0.29422703,0.43811715,0.00018804272,-0.15583672,0.042233653,0.06264416,0.31315643,-0.10059913,0.08426139,0.1055193,0.18310827,0.029070709,-0.17490417,-0.16027172,-0.27866095,0.25895736,0.61812025,0.094759375,-0.041798234,-0.07698934,0.11318572,-0.19029616,0.05771357,0.12193099,0.042354193,-0.072267585,-0.15765919,-0.42022774,-0.15242156,0.32746392,0.05816996,0.09190788,-0.13822803,-0.031889644,0.21142492,-0.19609982,0.26625994,-0.058478713,0.009596119,0.20916702,0.11826603,0.27153933,0.33514437,0.30611256,-0.233859,0.19527127,0.05335033,-0.122680046,-0.0925213,-0.054974142,0.14537832,-0.2788283,-0.008993984,0.35316265,0.52054995,0.33302078,0.3339366,-0.24343531,0.040843613,-0.12922457,-0.20975828,-0.3279033,-0.18076609,-0.091658235,-0.31008112,0.4217461,-0.37067506,-0.029241733,-0.06055031,-0.063671365,0.13727392,-0.093076944,-0.0425937,-0.07442165,-0.022390494,0.13660066,0.12691519,0.105535835,0.3114598,0.37163842,0.18369336,0.0155693935,-0.2993801,0.05202655,0.3878536,0.26173228,0.37483877,0.02419309,-0.1014222,0.12970628,0.042529386,0.004492119,0.1966931,-0.2170674,0.24826251,-0.17156316,-0.36823142,0.057205494,-0.23797676,0.4580253,0.08614888,-0.08892449,-0.2243003,-0.09648475,-0.041109737,-0.39685085,0.24071074,0.093392946,-0.08177373,-0.21385187,0.5191114,-0.07433101,-0.29625645,-0.17017387,0.10397742,-0.29549712,0.22252592,0.18072203,-0.12863788,0.29778364,0.2785139,-0.12530755,0.3814664,0.1263309,0.026600422,0.32179466,0.13328618
GIFGKILGVGKKVLCGLSGVC,-0.17770419,0.30590084,0.14391479,0.27657136,-0.12580857,-0.32105488,-0.2374925,-0.0039566834,0.022413861,0.07797702,0.17216629,0.34271386,-0.026519358,-0.11142908,0.44910675,0.08736499,-0.012816794,0.1616592,-0.20761664,0.083656564,-0.3019464,0.00093618425,0.086279824,-0.31560922,-0.10929908,0.2280325,0.013032698,-0.10572751,0.20493877,0.20567814,-0.5538049,-0.092858545,0.14376186,0.14244165,-0.07728837,-0.18458572,-0.2877398,-0.053969037,0.15791571,0.281525,-0.06819349,0.34437785,-0.41520715,-0.053240985,0.3488337,0.0596054,-0.24280427,0.4141154,-0.13329354,-0.28769058,0.25179192,-0.19539563,0.01453549,-0.07935099,0.08947773,-0.09970806,0.021697974,0.044256248,0.18818574,0.0720194,-0.1488923,0.010640919,-4.6118865,-0.22370057,0.10251666,0.045155734,-0.099792615,0.49589768,0.04100925,-0.11363954,-0.08956679,0.22474521,0.015316851,-0.0110947825,0.24339871,-0.2588983,-0.17143652,-0.1351673,-0.11757749,0.25292605,0.15152417,0.03701084,0.16067845,-0.17468362,-0.3525892,0.037522446,-0.081789754,0.019519772,-0.036565784,0.12227668,-0.043688867,-0.19043711,0.17172386,-0.04859828,0.3879602,-0.06952785,-0.0427005,0.09454937,0.083823204,-0.18166114,0.3339526,-0.17434789,-0.40590972,0.03886618,-0.13372585,0.40145093,0.039598554,0.07776599,-0.028931737,0.007176889,0.30755517,0.17973642,0.030107936,0.25881192,0.033852234,-0.100513294,0.45195082,-0.014607316,-0.029786287,0.18460998,-0.11299451,0.05414077,-0.04566491,0.22687502,-0.09992637,0.33267918,-0.10671526,0.15844122,0.28316134,0.21851376,0.08823172,-0.10962847,-0.14333197,-0.18982899,0.011792742,-0.026807327,-0.15309203,-0.038597196,-0.33963355,-0.13397767,-0.010325734,-0.21472152,-0.17399146,-0.0003811717,0.101196826,-0.13986793,0.11067022,-0.114679046,-0.07857839,-0.05416368,-0.062127948,0.34556824,0.13772745,-0.13709618,0.095993854,0.16526206,0.12248991,0.10085606,-0.25958708,0.2562643,0.02892373,-0.04842346,-0.23619585,0.08443429,-0.1146467,0.029184854,0.0870569,0.046677206,0.049264934,-0.1204919,0.15483633,0.18827201,0.3485192,-0.24410321,-0.26108095,-0.056259092,0.076461636,-0.25772452,-0.13815834,-0.17533307,0.06406027,-0.23608373,-0.16367349,0.4285041,-0.1370753,0.08624924,-0.2314413,-0.0061091646,-0.00069373066,-0.32088175,-0.25420275,0.24041566,-0.11062216,0.07509361,-0.04641312,0.28608033,-0.4733748,0.33068427,0.10081799,0.38776115,-0.25494993,0.37355712,0.28465188,0.24320163,-0.09028737,0.09709056,0.039685417,0.051659204,-0.032932665,0.27463487,-0.1455186,0.11332564,0.41859072,-0.13612619,-0.11243756,-0.3784792,-0.04641746,-0.18986739,0.2685187,-0.13241038,-0.19221011,0.08182631,0.24666595,0.18112195,0.20921992,-0.19080947,-0.61889184,0.21058315,-0.055364136,-0.12997575,-0.17293619,0.06001855,0.38359162,-0.075738735,0.029510956,-0.20222631,-0.08512553,0.018113134,0.31867832,0.012891124,0.19314156,-0.030973654,0.2857847,-0.026452754,-0.066989884,-0.22452016,0.13774733,0.08952598,0.0932815,-0.136658,-0.36400455,-0.047154833,-0.0015656404,-0.30670354,-0.5252689,-0.100248806,-0.18937816,-0.07173646,0.20334557,0.27227965,-0.2112557,-0.22151342,-0.2888116,-0.09459112,0.27670258,0.092353135,0.041950453,0.03633752,0.33558592,0.025555814,0.022780936,0.28350753,-0.30383235,0.008314187,0.047154944,-0.050672118,0.10465222,0.16430515,0.20026828,-0.2122168,0.2715093,-0.30320805,0.15044367,-0.1767066,-0.31013843,0.23134188,-0.15643609,0.16616659,-0.1882945,0.023445435,0.1439001,-0.07488352,-0.016946958,0.21979973,-0.003914934,-0.13715719,-0.16588864,-0.441691,0.023200676,0.25785458,-0.2400776,-0.059433047,-0.08291642,0.16087933,-0.03667098,-0.3824035,0.45432454,-0.060029227,-0.23081526,-0.10217846,0.107995756,0.2808142,-0.09505277,4.4226646e-05,-0.1247527,-0.07051556,-0.12126025,-0.017200058,0.0711937,0.31208652
ATAWDFGPHGLLPIRPIRIRPLCGKDKS,-0.0063043614,-0.3501655,0.11122141,0.13190955,0.052404594,-0.15065962,-0.18315671,-0.05845672,-0.116034694,-0.1630028,0.005191335,0.22788379,0.026396656,0.114941806,-0.004804464,-0.008883789,0.08859304,-0.021497253,0.30430707,-0.04898391,-0.22862488,0.079628825,0.014834193,0.003902346,0.019895377,0.19210501,-0.022335168,-0.040824346,0.12680301,-0.05558711,-0.1042405,-0.16912058,0.096866764,-0.25526825,0.11518669,-0.31967276,0.1979682,-0.072403654,0.43065608,0.109493606,-0.06267251,0.2987806,0.033491652,0.0032048926,-0.02216001,-0.052969914,-1.2153428,0.286893,-0.13486317,-0.13690855,-0.054070234,-0.057858627,0.27217525,-0.080701075,-0.009807391,-0.19201845,0.06354059,0.1915574,0.12138046,-0.052798215,-0.024991008,-0.082126334,-5.141141,-0.074725345,-0.033563007,-0.010151769,0.010123716,0.12940046,-0.08958773,0.14347741,-0.22183909,-0.17097642,-0.12884949,0.15210512,-0.12537876,0.05547801,-0.0021971117,0.015769182,-0.026473252,0.18328166,0.14308672,0.028524635,0.05412025,0.13507213,-0.12143164,-0.20356901,-0.009866164,0.04860496,0.051172804,0.035045613,-0.038246088,0.17296988,0.086760916,0.11516845,0.022357374,0.10082429,-0.15681368,0.35291484,-0.14130078,-0.211416,-0.039901193,0.0055684946,-0.14171396,-0.024581788,-0.04668597,0.22618707,0.0025791505,0.17601761,0.17906952,-0.08296457,0.1169426,0.13738547,0.10819538,0.08773108,0.2207866,0.15238874,-0.094836146,0.0056011947,-0.24090068,0.16820253,0.049152687,0.071742535,0.022973163,0.22691552,0.06443943,-0.123907894,0.014679805,-0.25979307,-0.039269496,-0.010758851,-0.048166912,-0.10934608,0.1801378,0.00068236986,0.10803708,0.049839877,-0.055286963,-0.0875739,-0.13674852,-0.02636772,0.22650145,-0.20893598,-0.08773749,0.038839363,-0.03065883,0.11257463,-0.03073734,-0.088219725,-0.16767167,0.031240221,-0.13612513,0.01719641,0.09092558,-0.41351396,0.10928321,-0.15612175,0.036327682,0.10100826,-0.017723683,0.26392236,-0.01854655,-0.20004696,0.029299041,0.05416384,-0.00011525502,-0.03125328,-0.123399034,-0.15262137,-0.10945254,0.03712629,0.098780595,0.1938866,-0.022091484,-0.17041636,0.059198245,0.18563147,0.13414088,-0.123975776,-0.11580061,-0.13103086,0.18826814,-0.18668248,0.081871584,-0.12889658,-0.014450427,-0.07565675,-0.31243736,0.26602468,-0.031418774,-0.13063174,-0.09822505,0.13840611,0.57764995,0.21385445,0.042474087,0.05211031,-0.07903029,0.07373919,0.04420731,0.2870799,-0.092002966,0.14412384,0.2306643,0.19907315,-0.006030044,-0.20153372,-0.06193246,0.065914646,0.03964203,0.4924159,0.04339131,0.008310069,-0.081306055,0.12188958,-0.024516424,0.13197306,-0.072194,-0.047805037,-0.06839324,-0.096534826,-0.3832591,-0.07568822,0.2250014,0.041263174,0.20559973,0.02586294,-0.065343335,0.04979623,-0.16594632,0.06892489,-0.026609039,0.06225928,0.2295516,0.1675536,0.049625356,0.19511865,0.19591777,-0.096424595,0.11238651,0.07455269,-0.17995022,-0.16314234,0.05902,0.031492908,-0.14054264,0.08035989,0.20275491,0.22468038,0.12948951,0.1357286,-0.068694435,-0.021104429,-0.081160985,-0.0722398,-0.03398676,0.08755184,0.00281277,-0.2866616,0.11631671,-0.20264427,0.08715843,-0.027700245,-0.09739402,0.08632644,-0.077932216,-0.011960689,-0.052943237,-0.0103401365,0.13547613,0.12849833,0.16716067,0.23183183,0.20203498,0.2668464,-0.019866765,-0.18094228,0.12522091,0.19384378,0.13387679,0.19321743,-0.1077185,-0.2110049,0.07878256,-0.041616447,0.005062922,0.23318323,-0.14836885,-0.12731804,-0.13742119,-0.29502895,0.032785706,-0.18101828,0.3489128,-0.15528259,-0.06436777,-0.20938388,-0.049569033,-0.09514088,-0.27407017,0.18249175,-0.06926621,-0.0741249,-0.18894717,0.12796478,-0.026201764,-0.09406941,-0.09916545,-0.06356214,-0.048925612,-0.065356895,0.07389275,0.005266299,0.090973355,0.03250442,0.03643196,0.045058735,-0.04120258,0.11079219,0.15918455,-0.0900024
VIPFVASVAAEMMQHVYCAASKKC,0.028564494,0.16062993,0.16642897,0.122512825,-0.19879897,-0.019274535,-0.16658957,-0.13390078,-0.2786872,0.009713251,-0.15442954,0.19685699,-0.11451987,0.013275292,-0.27517515,-0.0384697,-0.022830317,0.19571018,0.192077,-0.09697738,-0.121858634,0.0053261486,-0.089279905,-0.06463944,-0.012309675,0.27478096,0.0074975523,-0.031942807,-0.0011028075,0.20488502,-0.24388048,-0.22116183,0.0822746,-0.17887777,0.13834499,-0.37774387,0.09671736,-0.006732889,0.38405892,0.14957818,-0.06280843,0.20513818,0.13454978,-0.040795818,0.11350218,0.08378109,-0.7609273,0.19709118,-0.21429451,-0.17333055,0.056263547,0.00223243,0.05178692,-0.0704801,-0.16071218,-0.09241509,0.010664915,0.04066027,0.14281732,-0.03148754,-0.011893905,0.05042453,-5.1627965,-0.118523434,0.07099362,0.07858169,-0.049823366,0.2721365,0.013006458,0.10175845,-0.15234545,0.055888336,0.015579188,0.06672035,-0.06996303,-0.0076452815,-0.08011054,-0.10353352,0.070448615,0.22542876,0.23738019,-0.070488125,0.021560775,0.054191735,-0.28397477,-0.1801107,0.012490431,-0.049797,0.15141965,-0.029226124,-0.19699606,-0.027155485,-0.0038584655,0.02248003,0.05221621,0.1223879,-0.121941514,0.1498506,-0.0056431773,-0.26034176,-0.01371347,0.042287607,-0.009990736,0.03590735,-0.016060986,0.28859589,-0.004710844,0.109188706,-0.08865874,-0.19750306,0.002315598,0.24056827,0.122914866,0.100042656,-0.012499213,0.12821811,0.080814175,-0.032144137,-0.2752167,0.13223845,0.02759067,0.027463356,-0.02802022,0.09571698,0.14811228,-0.08583377,-0.012690033,-0.01864943,-0.02844314,0.04748463,-0.05921614,0.011616085,0.11138749,0.006614419,0.08230554,-0.14650425,-0.0015039673,-0.059466686,-0.15497103,-0.13231741,0.04819695,-0.06262309,-0.12665991,0.03262882,-0.09579869,-0.11378574,0.085491784,0.10954085,-0.24535595,0.09850146,-0.018859293,-0.010506811,-0.0345284,-0.090023205,0.21820903,-0.12732792,-0.009310354,0.04044062,-0.050746482,0.27763763,-0.032141354,-0.031265244,0.01585939,0.0011706627,-0.1444043,-0.078453586,-0.010528963,-0.083484046,0.048346594,0.042985816,0.05790482,0.18178603,-0.0258092,0.065381125,-0.09923559,0.03265218,0.32431778,-0.061364584,-0.124221675,0.019760044,0.055092666,-0.40494776,-0.09043843,0.19522546,-0.050339714,0.0770173,-0.14276293,0.19299544,-0.04721757,-0.0832985,-0.14963663,0.29911497,0.5985471,-0.011693595,0.12463513,0.16090673,-0.130976,0.18379602,0.1005289,0.2550058,0.025067061,0.17953914,0.2419312,0.09775945,0.11144087,0.03615274,-0.16261837,0.0007872146,0.056593362,0.20520283,0.08612558,-0.1754636,0.07612999,0.037126612,-0.057799257,0.07642262,-0.054101605,-0.004613421,0.10240858,-0.18236491,-0.23118983,0.06418121,0.30941913,0.21399686,0.014127692,0.0436585,-0.1411712,0.047559075,-0.07261777,0.09107535,0.083281286,0.093417,0.16289526,-0.20184653,0.24461828,-0.0034363018,0.25895688,-0.031459734,0.14190716,-0.08525132,0.009478486,-0.040665038,-0.00070960703,0.038112756,-0.18585716,-0.061266918,0.1997307,0.21327983,0.2098178,0.019820353,-0.15584564,0.06830699,-0.05480528,-0.057862464,-0.2631666,-0.04882091,-0.15589514,0.050861377,0.06800033,-0.08003582,-0.093245044,-0.021296617,-0.018340714,0.06922406,0.086089686,-0.041147567,0.046681784,-0.083021715,0.2016157,-0.06464057,-0.08515623,0.18476145,0.048659436,0.14723039,0.08427096,-0.041782223,-0.033017606,0.15772265,-0.028673228,-0.05871294,-0.11287427,-0.0924701,0.3177769,-0.018446693,0.13832928,0.38068426,-0.25924328,0.06263839,-0.27335733,-0.13921942,-0.0407998,-0.091107644,0.25280803,0.011890383,-0.067630716,-0.063471295,-0.10840214,-0.054867104,-0.23576504,0.19281772,-0.029379908,-0.19575296,-0.1944676,0.29873145,0.051417187,-0.25151116,-0.037245058,-0.14548875,-0.23669983,0.03909366,0.0005892237,0.03992072,0.059293684,0.04163381,-0.024455676,-0.051011816,-0.0768419,-0.028728463,0.1627066,0.076682635
GLLSGILGAGKHIVCGLSGPCQSLNRKSSDVEYHLAKC,-0.0059661246,-0.097657725,0.11147624,0.10704168,-0.12159605,-0.18447158,-0.20794582,0.02275865,-0.1468779,-0.0054415883,0.036561646,0.29385594,-0.0031770556,0.075186834,0.08288036,0.028253958,0.108914,0.036417883,0.07539721,-0.011966464,-0.19103542,0.044000756,0.016497595,-0.09954969,-0.0722671,0.24609809,0.029732343,-0.041050762,0.11479199,0.030277302,-0.26653296,-0.08912766,0.05316212,-0.097168304,0.021665918,-0.27857143,0.071115986,-0.021660393,0.2853254,0.16149876,-0.22666113,0.29594406,-0.032703172,-0.055360697,-0.012800826,0.016304841,-0.9922614,0.20369916,-0.15802717,-0.09359525,0.076305464,-0.051514626,0.09208457,-0.112990476,-0.095426776,-0.29020846,-0.05179144,0.06843399,0.06210214,-0.05477027,-0.104384676,0.058000933,-5.147689,-0.13888372,-0.018607218,-0.037897617,-0.04017458,0.20052695,-0.06592937,0.09418837,-0.2829427,0.013962093,-0.081278846,0.05354278,-0.0007485673,-0.061838955,-0.08447701,-0.021353327,-0.023930702,0.1528488,0.20963342,0.017101081,0.02934981,0.09804997,-0.23203528,-0.18949144,-0.010269016,-0.009822123,0.039287165,0.016062308,0.015529914,-0.11440341,0.113945976,0.10759659,0.09156835,0.044290863,-0.030822355,0.2228767,0.0666437,-0.33641347,0.0450838,-0.01579706,-0.101327956,0.037556823,-0.047264673,0.30806175,0.06271116,0.09591319,0.0588498,-0.055830795,0.1811976,0.12974869,0.06699933,0.10997739,0.093362786,0.0873194,0.19703488,0.007097088,-0.13783,0.16908088,0.06536899,-0.0006682761,0.13569005,0.19063298,-0.0072421804,-0.041825593,-0.055633355,-0.020431418,-0.027117182,0.19419941,-0.06838622,-0.120357014,0.11718768,-0.045480885,0.014417748,-0.09291536,-0.15514894,0.03402764,-0.16106187,-0.062252354,0.13558748,-0.1593683,-0.06696682,0.027953926,-0.0074134134,-0.0464463,0.05865591,-0.02396376,-0.18687055,3.7495793e-05,-0.009342166,0.056085743,0.060456812,-0.2704565,0.07318099,0.035617266,0.060836244,0.06067689,-0.12232183,0.24051218,-0.017833097,-0.16725923,-0.11112298,-0.024640812,-0.04018368,-0.08250038,-0.041013196,-0.061798304,0.07842289,-0.05900412,0.11634757,0.14958721,0.080425225,-0.062248092,-0.057599902,0.132174,0.14394453,-0.22800605,-0.017642494,-0.18110977,0.1452697,-0.3158325,-0.029184058,0.23707452,-0.04193362,0.11052877,-0.28713435,0.18084984,-0.020036481,-0.20667902,-0.03169359,0.15402856,0.42866793,0.17140436,0.17908163,0.1547011,-0.29377735,0.18212461,0.19962418,0.2510827,-0.07600819,0.19389324,0.22576547,0.1185483,0.039983205,-0.021681525,0.083236896,0.082056895,0.06383443,0.37871042,-0.07981355,-0.010334156,-0.07406324,0.05455947,-0.09202333,-0.039350502,-0.08160017,-0.14725697,0.03898657,-0.13521925,-0.31303477,-0.039482195,0.35569435,0.108994804,0.08918443,-0.09460709,-0.28687292,0.06382104,-0.084300205,0.0075756283,-0.03631578,0.05532811,0.25351268,-0.10336007,0.118590474,0.045604788,0.077704266,-0.032904178,0.20607455,-0.02685726,-0.005396232,-0.1104946,0.120488405,0.054397047,-0.122796394,-0.03565351,0.20594616,0.18494613,0.09213707,0.042544205,-0.14234608,-0.001035121,-0.051110648,-0.21321121,-0.30823255,-0.10983312,-0.31201667,-0.10082593,0.23909321,0.06688559,0.050709307,0.07424656,-0.15743205,-0.008964753,0.05689965,0.07432007,0.02182561,-0.12775238,0.22087546,0.019635815,0.063422695,0.24775429,0.11813573,0.21837564,-0.012453402,-0.11098228,0.049390655,0.21169019,0.10367386,0.061967205,0.0542098,-0.12184427,0.2619001,0.061222244,0.005512306,0.29668343,-0.10477312,0.06051742,-0.1014842,-0.17961355,0.08926279,-0.021716092,0.25684732,0.024337513,-0.07264024,-0.116139315,-0.1992459,-0.177857,-0.18650195,0.19756064,-0.056750227,-0.090890884,-0.11036859,0.19822195,-0.013698408,-0.20896658,0.09622444,-0.032650474,-0.15302661,0.07320125,0.11736046,-0.022421267,0.06874253,0.06672077,-0.06543959,-0.02420808,-0.12971513,0.072757594,0.15646334,0.044736333
TSRCYIGYRRKVVCS,0.009776612,-0.25170875,0.16579749,0.3191977,-0.027670577,-0.28548518,-0.34352413,-0.10610593,-0.24445617,-0.1693196,-0.025877144,0.40756235,-0.040163063,0.018748812,-0.19568175,0.11003908,0.2233621,0.020584745,0.25370517,-0.1427897,-0.13970399,0.054433502,0.037124425,0.045680102,0.13438734,0.36767355,0.019490436,0.061967913,0.12825556,-0.087834984,0.03852591,-0.02842547,0.16038668,-0.46749347,0.13335364,-0.51120436,0.15126854,-0.121841416,0.29482767,0.14277968,-0.16395116,0.21881554,0.14280365,-0.00016609405,-0.14590096,-0.050470464,-1.3445277,0.22458325,-0.15855837,-0.023202376,0.14759861,0.06669596,0.17264661,-0.1390781,-0.18445653,-0.2251813,0.079886205,0.07881911,-0.03598709,-0.16313578,0.041574158,-0.101853006,-4.980992,-0.20112623,0.061105173,0.045470394,-0.062649354,0.25748292,-0.2482559,0.13292058,-0.24683768,0.025157416,-0.22534323,-0.010244771,-0.11549594,-0.102139056,-0.10016785,-0.1833434,-0.09615897,0.26777583,0.27446735,0.010896276,-0.03637397,0.2715244,-0.23966669,-0.20800637,-0.00010159831,0.095850214,0.14056751,0.1104899,0.021893617,0.115496814,0.02712473,0.10818593,-0.17696176,0.056914877,-0.14312713,0.32292858,-0.043910883,-0.36040065,-0.082016595,0.12697086,0.08221108,0.13515034,-0.05142485,0.3230637,-0.0054375045,0.20438617,0.21223193,-0.095612355,-0.054131437,0.15246761,0.15172184,0.15487246,0.062053252,-0.0029023131,0.15612663,-0.14166285,-0.30528316,0.13838841,-0.1257417,-0.07210401,-0.12281898,0.06774503,0.089027554,-0.2190222,0.007333068,-0.039536946,-0.0587023,0.044366933,-0.10027555,-0.06092798,0.31846666,-0.05760774,-0.07488265,0.02362787,-0.059499636,0.05359815,-0.13896911,-0.032292668,0.2729286,-0.121884376,-0.22430961,0.047971077,-0.07934731,-0.056192815,-0.043657158,-0.21103193,-0.12746279,0.013493956,-0.26984435,0.039980583,0.18866844,-0.28508943,0.15912679,-0.107282825,-0.068303525,0.2425924,-0.09755971,0.15673484,-0.12268936,-0.2082341,0.046752524,-0.034378607,-0.10406826,-0.0034757906,-0.059108846,-0.036520503,-0.05295807,0.0060888673,0.13505225,0.18535143,0.09125689,0.05557073,-0.014371796,0.123199604,0.23859431,-0.29847935,-0.04847572,-0.2346984,-0.048698157,-0.3587222,-0.064095676,0.00029857195,0.085910656,0.059088595,-0.5487588,0.33686456,-0.2246029,-0.028815106,-0.23597415,0.19266239,0.52180815,0.31543303,0.34964013,-0.04158206,-0.11348793,0.012216096,0.027920255,0.38647622,-0.11008608,0.158864,0.15126428,0.14189574,0.013202524,-0.07820542,-0.08407928,-0.11125535,0.19840452,0.45069996,0.036021613,0.062613465,-0.20628309,0.17594463,-0.18113188,0.17111215,-0.0046142437,0.058139414,-0.04229652,-0.13623153,-0.4538472,-0.11755637,0.32671174,0.15271023,0.03447342,-0.09302349,-0.1258712,0.12976065,-0.031857837,0.19017494,0.03577331,-0.025009215,0.10346829,0.13437575,0.15121377,0.30565235,0.22318399,-0.26291114,0.16619484,0.17913784,-0.12469868,-0.09419125,-0.021919299,0.045517318,-0.20499966,-0.031689767,0.39997548,0.40934846,0.18330033,0.31348854,-0.22429258,0.11478047,-0.10397655,-0.17258161,-0.22042632,-0.10878674,-0.12675348,-0.23182385,0.3162811,-0.32412896,-0.01697,0.018982645,-0.07776302,0.117545106,0.06809259,0.045581687,-0.08276314,0.021245446,0.19354592,0.1293791,0.056707565,0.16213411,0.2964565,0.109553486,0.03592422,-0.20919439,0.0073189815,0.36474383,0.2035729,0.23093851,0.0015152907,-0.05507985,0.19989763,0.21136908,-0.03240762,0.33999392,-0.2400624,0.1326169,-0.22690968,-0.26940164,0.036962662,-0.17982796,0.35149652,0.14210251,-0.08553792,-0.19065167,-0.18459183,-0.07416492,-0.45996532,0.25389832,0.1458085,-0.06865355,-0.24587196,0.38618422,-0.06550235,-0.258283,-0.16864982,0.10767775,-0.21051233,0.18541144,-0.0049734605,-0.1365512,0.21957569,0.08013915,-0.082197845,0.18055886,0.04015561,-0.017680861,0.3400176,0.0064594094
GLFGKSSVWGRKYYVDLAGCAKA,0.06277574,-0.10452322,0.17669648,0.15978663,0.042736378,-0.12576129,-0.24046722,-0.13050579,-0.21135753,-0.09741537,0.03753271,0.22442874,-0.0017550653,-0.042209078,-0.09528892,0.0140579175,0.045647815,0.05772872,0.14957589,0.032734457,-0.15935755,0.04847925,-0.04467269,-0.080906115,-0.029861858,0.35344425,0.07009348,0.11893522,-0.023350624,0.04203369,-0.22457336,-0.084978886,0.0060440493,-0.18003394,0.064750254,-0.3573976,0.08760828,-0.07253118,0.35252136,0.17018011,-0.08170526,0.25602493,-0.08207952,-0.07378188,0.014619977,0.05896981,-1.220452,0.2419487,-0.26662418,-0.039563432,0.027272113,-0.009980641,0.17387739,-0.012445659,-0.10324083,-0.15520626,0.13377208,0.07546361,0.12842137,-0.070975974,-0.006678271,-0.0940388,-5.232551,-0.15556404,0.019524848,-0.041691247,-0.08251732,0.15811601,0.01761844,0.054892365,-0.18168232,0.07648931,-0.1347802,0.073043175,-0.03579246,-0.006498549,-0.032234803,-0.057922617,-0.03287066,0.23054752,0.24550728,-0.009400628,0.035519168,0.09192287,-0.046540827,-0.20351669,0.0039627147,0.04064465,0.11448904,0.1560863,0.049613923,0.013512008,0.08966862,0.14658807,0.02101609,0.12834582,-0.008356009,0.24047707,-0.02170171,-0.16584088,0.04565202,0.0343634,-0.0807986,0.0880554,-0.06424035,0.346912,0.021848286,0.07386459,-0.019529426,-0.1355308,0.0010084343,0.21653037,0.10817137,0.07769077,0.07342753,0.068008475,0.03377717,-0.043272953,-0.29978055,0.0044724178,-0.06981495,0.0044378936,0.087041646,0.12906823,0.059962243,0.015185249,-0.028529668,0.06264036,-0.024393944,0.079494566,-0.09453464,-0.07060914,0.11106781,0.018356288,0.018353134,0.054281436,-0.10903877,-0.05148804,-0.18794782,-0.07028137,0.13386337,-0.16089652,-0.11614115,-0.01384031,-0.0046539116,-0.07875108,0.053433914,-0.15028974,-0.20616728,0.055023804,0.0020134104,-0.013689377,0.03496235,-0.16078644,0.030380907,-0.13945705,-0.054791346,0.20091002,-0.09470957,0.2285892,-0.051233932,-0.12115795,-0.013615961,0.065046206,-0.06715949,-0.026095552,0.041769918,0.0021252178,0.015402942,-0.0034409738,0.09807369,0.17458405,0.05817406,-0.079439156,0.08400995,0.13055694,0.14258066,-0.09275736,-0.11388405,-0.07309059,0.16962785,-0.20955868,0.07618287,0.11398086,0.023554787,0.12445246,-0.15980816,0.23766452,-0.0887698,-0.2068612,-0.13371667,0.100505024,0.38828698,0.23147577,0.011645795,0.12488458,-0.09964783,0.19082825,0.12998214,0.276945,-0.12832847,0.2622398,0.18695976,0.24232538,-0.002355422,-0.0104257725,-0.030545676,0.031138664,-0.059570342,0.26438636,0.0031842934,-0.0277141,0.0017560339,0.2426342,-0.06524085,0.10295511,-0.14822493,-0.051296286,0.06905766,-0.14333498,-0.2629369,-0.11015692,0.25947025,0.07510672,0.11009281,-0.07380757,-0.16782531,-0.035367332,0.077944495,0.06852148,0.09073645,-0.02500912,0.1938358,0.07278468,0.124209024,0.051765703,0.19352363,-0.1820825,0.16801201,0.017518435,-0.0051843906,-0.13970806,0.008666187,0.041726552,-0.110652514,-0.1295627,0.22147955,0.15898608,0.08341745,0.11577194,-0.064863086,0.08533792,-0.07008786,-0.10364549,-0.24111618,-0.025171597,-0.1561672,-0.052959584,0.22449589,-0.18188775,-0.0057359887,-0.06838643,0.011572684,0.04196541,0.0024948944,0.039827317,-0.05215006,-0.12296566,0.2012204,-0.029889807,0.12308231,0.16050965,0.052718055,0.17272042,0.030951118,-0.023831138,0.092432804,0.21387985,0.11510532,0.13019893,-0.07083318,-0.023141885,0.112379335,0.028985268,0.019619389,0.23149838,-0.15840903,-0.040897883,-0.21936779,-0.2081517,-0.03175218,-0.086832434,0.3384786,0.03573258,0.037615493,-0.09085983,-0.07083289,-0.21041454,-0.36289185,0.17098236,0.024522863,-0.049814377,-0.15879197,0.21503198,-0.06674374,-0.15457886,-0.057100553,-0.2318801,-0.113915846,0.048086748,-0.13119665,-0.03527939,0.023077752,-0.09449972,-0.04641155,-0.080444686,-0.090193704,0.12223234,0.18886986,-0.049749557
GLLSGILGAGKHIVCGLSGLC,-0.09267619,0.33163455,0.07942251,0.14190477,-0.038289856,-0.321466,-0.13122302,0.06572499,0.09619305,0.09596202,0.18246315,0.24953143,0.0037528276,-0.14840059,0.43368116,0.091235824,0.060067292,0.08129795,-0.11349692,0.13443266,-0.30933332,0.04613553,0.11120847,-0.28479195,-0.10788435,0.21659294,0.077828005,-0.12163562,0.2811644,0.23833275,-0.5372505,-0.30844086,0.0062431563,0.17356738,-0.18703079,-0.14675334,-0.17945611,0.015673608,0.13672414,0.19016656,-0.20784177,0.32630178,-0.31053746,-0.09112577,0.4767513,-0.032092806,-0.14264157,0.32640627,-0.051169887,-0.38720837,0.17629458,-0.13118105,0.06089679,0.055364776,0.10858634,-0.17959759,-0.024601506,-0.040216647,0.060689542,0.057230834,-0.22515757,0.06916089,-4.6399813,-0.16395988,0.11293901,-0.064195104,0.033889666,0.5542016,0.11009096,-0.14512196,-0.13826895,0.19419824,-0.064364426,-0.01844673,0.32593247,-0.29744098,-0.14983104,-0.20934752,-0.0663712,0.25597295,0.12785862,0.0157556,0.13760641,-0.023937855,-0.3736514,-0.02007896,-0.05173732,-0.10489328,-0.090902746,0.14423327,-0.052909944,-0.18088368,0.15260229,-0.049644962,0.39367568,-0.1493042,0.003711699,0.04679884,0.15431054,-0.1715865,0.29598776,-0.13461581,-0.36923432,-0.099081695,-0.10340828,0.34269375,0.13107356,0.028475998,-0.112996995,-0.004594377,0.37870282,0.16541088,0.036587447,0.31363225,-0.0893098,-0.09543022,0.42929998,0.094935186,-0.061373487,0.1569512,-0.00039935566,-0.0072671175,-0.03097416,0.36057168,-0.17980725,0.25579253,-0.16620113,0.12723273,0.2763783,0.10432496,0.1659526,-0.18443133,-0.15939693,-0.24182695,0.1388001,-0.085484244,-0.1544677,-0.14264435,-0.14228353,0.028312992,-0.02432924,-0.092946775,-0.16340283,0.032154743,0.040543612,-0.12665996,0.0806058,0.03534801,-0.04911673,-0.10748969,-0.108060315,0.23739435,0.1015779,-0.24283421,0.10546143,0.18507332,0.20382716,0.027728403,-0.19797854,0.2802379,-0.047525525,0.013404674,-0.164463,-0.10716438,-0.060454987,-0.066204526,0.10255835,-0.0033652666,0.09481067,-0.07936365,0.20808129,0.07652882,0.16526711,-0.20027617,-0.17831692,-0.08482406,0.19038345,-0.23333636,0.03514862,-0.15269448,0.06785007,-0.19362217,-0.17117928,0.4145809,-0.11727542,0.06323187,-0.10922813,-0.08781304,0.016393641,-0.37910485,-0.24110128,0.26656094,0.07156736,0.0016213383,0.065090336,0.27217105,-0.45820585,0.28400043,0.19922104,0.20117988,-0.19841655,0.38361028,0.35205477,0.24573927,-0.07393887,0.08397177,0.038897984,0.23853196,-0.12524302,0.3423427,-0.2975107,0.04299345,0.39357167,-0.19855961,-0.08543557,-0.48386884,0.12093181,-0.2617496,0.19538233,-0.20157105,-0.23056829,0.065686844,0.19124165,0.18344688,0.08556585,-0.19525881,-0.74820536,0.13934706,-0.032689404,-0.1801257,-0.22288494,0.12237473,0.41104144,-0.105634786,0.06625204,-0.24975762,-0.055228483,0.04075312,0.34105882,-0.049206585,0.16593415,-0.005340606,0.39760226,0.046160404,-0.19908324,-0.2035746,0.059502453,0.09440782,0.11603405,0.003805125,-0.35056338,-0.18463065,0.0473507,-0.26452103,-0.5307068,-0.084297754,-0.26314935,-0.09225807,0.31199875,0.28217515,-0.1957915,-0.078829326,-0.27372694,-0.11091282,0.20972714,0.017180018,0.12390163,-0.06856251,0.30830652,0.09412966,-0.067856476,0.46046853,-0.20289676,0.07809139,0.033244465,-0.16349116,0.018448172,0.15879135,0.13096991,-0.15493473,0.345209,-0.3094774,0.1717764,-0.1964917,-0.12060142,0.23460172,-0.07896512,0.059474923,-0.19911808,0.07147524,0.19023477,-0.0661325,0.017189343,0.21738,-0.0063090324,-0.1750297,-0.22151624,-0.26711342,0.034016155,0.29197216,-0.20469044,-0.032148357,-0.11369653,0.19454089,0.0048242146,-0.35021052,0.49219617,-0.02966076,-0.28941387,-0.020058593,0.07840956,0.26184487,-0.08039265,0.027600283,-0.10644879,-0.17405668,-0.08756526,0.090614796,-0.038519785,0.112497866
GLLSGVLGVGKKVLCGLSGLC,-0.24237716,0.30458724,0.12286858,0.20835283,-0.03176823,-0.38414264,-0.23995288,0.014784318,-0.050185736,0.1542365,0.201214,0.28316692,-0.0006809649,-0.17387888,0.4800556,0.09798929,0.07135224,0.046913225,-0.38353547,0.20456721,-0.31699947,-0.021595621,0.044979997,-0.27994135,-0.15836896,0.32476148,0.06564905,-0.11055595,0.24204291,0.18763548,-0.43288746,-0.21889326,0.07933754,0.25645366,-0.049300406,-0.18679763,-0.31174344,-0.094230145,0.0571594,0.21378298,-0.24636067,0.3630104,-0.3397211,-0.020371256,0.4630324,0.09010508,-0.06969697,0.2638617,-0.08005788,-0.17104806,0.25082883,-0.24205522,-0.13610162,0.08837578,0.21818818,-0.1155568,-0.005800098,0.0052551627,0.1068306,-0.047761958,-0.1308446,0.06360677,-4.448017,-0.2131329,0.08990182,-0.1323165,-0.19233496,0.48356074,0.041578773,-0.15799552,-0.090227686,0.26656398,-0.009367014,-0.07380739,0.3589875,-0.25066817,-0.1954999,-0.26506892,0.06330323,0.19698603,0.16782738,0.025955848,0.17961034,-0.09393644,-0.34189302,0.076503575,-0.14976616,-0.016206989,-0.25346977,0.1365625,0.09527368,-0.24633192,0.028212573,-0.043391325,0.30631545,-0.1572798,0.08092683,0.055890676,0.32609248,-0.19199611,0.33182377,-0.22098488,-0.4218002,0.019920966,-0.15706567,0.55401623,0.027043076,-0.10269134,-0.00043310743,0.029672794,0.3748263,0.15221144,-0.10021665,0.32245457,0.08880382,-0.13571586,0.53471106,-0.066481926,-0.0011243004,0.1903223,-0.1578508,0.011757871,-0.023227392,0.2942299,-0.27245164,0.26536825,-0.047465403,0.20691918,0.1604565,0.2748129,0.18106307,-0.16574778,-0.18201256,-0.31087676,-0.07748171,-0.09471665,-0.20842871,-0.05159777,-0.17482115,0.058634624,0.008465623,-0.1583628,-0.11400316,0.055308226,0.03162847,-0.23984195,0.15031698,-0.0056161736,-0.115736276,0.047742747,-0.10888698,0.27909,0.25756598,-0.121240035,0.0099161,0.17243227,0.09781165,0.04975247,-0.18444051,0.16107966,-0.038883023,0.04115378,-0.33125868,0.010833771,-0.051206984,-0.093716435,0.069736,0.06902686,0.1772534,-0.1613369,0.49440742,0.10199997,0.34566787,-0.07791182,-0.19210824,-0.09975674,0.15251425,-0.24903272,0.016501019,-0.015495877,0.17415111,-0.24243477,-0.17171429,0.45927855,-0.14534347,0.03857806,-0.3230698,-0.09323462,-0.048133183,-0.46330145,-0.31169316,0.18330736,-0.32841372,0.122966714,-0.0854801,0.28203532,-0.525723,0.43312302,0.24755892,0.44025147,-0.24155183,0.34286237,0.21421295,0.07206337,0.00204191,0.10247218,0.011908214,0.38854632,-0.044049367,0.34338087,-0.1591248,0.15846384,0.3111158,-0.11267068,-0.12883514,-0.2400957,0.020010235,-0.28439,0.25780946,-0.16399606,7.736521e-05,0.016409028,0.22776748,0.10331981,0.09874232,-0.16555537,-0.7934774,0.13972282,-0.021871774,-0.14113028,-0.2793382,0.03166333,0.34542748,-0.06622048,0.01639052,-0.26711515,-0.19669846,-0.024372764,0.32532343,-0.09253838,0.24084452,-0.0305091,0.27504158,0.03374657,-0.21200652,-0.34755307,0.13191618,0.08279452,0.08880793,-0.15506019,-0.3471113,-0.21436854,0.13358249,-0.4341521,-0.6962342,-0.17511901,-0.20819864,0.035587706,0.12266233,0.3611781,-0.12311189,-0.26924747,-0.35979316,-0.16795377,0.33958343,0.063981116,0.14686184,0.12228682,0.2104044,0.05809879,-0.0387986,0.19982019,-0.15962625,0.19878362,-0.011549525,-0.037959315,0.08592802,0.2418366,0.21295355,-0.15213972,0.32688874,-0.16787657,0.15343006,-0.06574189,-0.28998637,0.18457042,-0.19443084,0.16001524,-0.124473564,0.04065745,0.102799974,-0.06718003,0.015242539,0.32165098,-0.021484923,-0.14547406,-0.18956682,-0.31898937,-0.071467176,0.3157482,-0.21844673,-0.10261177,-0.06925964,0.12016056,-0.11210502,-0.2967527,0.48053125,-0.094644174,-0.17299911,0.09334407,0.15558241,0.29295364,-0.11541061,0.0929955,-0.21966472,0.022122588,-0.037999596,0.09792616,0.04770558,0.17026761
GLLSGILGAGKHIVCGLSGLR,-0.13615668,0.24993822,0.07668643,0.13561884,-0.03804028,-0.37528083,-0.099688135,0.0971059,0.09578083,0.115774736,0.16366608,0.16287288,-0.08576091,-0.12852697,0.34864286,0.058829017,0.11090697,-0.019518472,-0.14114657,0.16274638,-0.2761557,0.044679143,0.08366364,-0.22193104,-0.14481078,0.21377838,0.078066394,0.009565161,0.28210068,0.17609505,-0.4839945,-0.24605419,0.014862659,0.084889054,-0.19368269,-0.13472061,-0.08458901,0.09478144,0.12956162,0.14529525,-0.2378577,0.27024955,-0.2452844,-0.1018785,0.40319318,0.012489861,-0.15934277,0.30380037,-0.0077471836,-0.37380633,0.065765835,-0.044619177,0.12657145,0.09643078,0.10806866,-0.17512947,-0.0019203982,-0.057331096,-0.0018343395,0.070888706,-0.20183337,0.049893145,-4.723282,-0.18141422,0.13063054,-0.03982346,0.030483251,0.5112994,0.055452395,-0.05773728,-0.07962176,0.14354421,-0.08338664,0.070923544,0.25449336,-0.2597174,-0.124594584,-0.19232778,-0.14531717,0.32309523,0.079692505,0.04553746,0.14646891,-0.085946575,-0.29218102,-0.09312423,0.025836455,-0.10045001,-0.039764006,0.10462684,-0.04344435,-0.15318207,0.13927603,0.019843997,0.29173106,-0.12848908,0.020736177,0.07769776,0.15432674,-0.15074772,0.29853743,-0.082149036,-0.3337934,-0.07208847,-0.06473678,0.40840083,0.12376914,0.029870227,-0.04059186,0.0047979457,0.35326776,0.1341424,0.0817904,0.25946057,-0.1684973,-0.0578387,0.36093438,0.14874148,-0.08098816,0.16696458,-0.04525118,0.01863408,0.023813937,0.38090983,-0.14017496,0.17758967,-0.2593173,0.055695046,0.19473256,0.0927363,0.1702084,-0.17835659,-0.21397102,-0.19284925,0.15424356,-0.16355081,-0.03231778,-0.15088189,-0.052844487,0.1277767,-0.03277955,-0.10805848,-0.1933305,0.04077552,0.048297044,0.016820366,0.019427132,0.05391399,-0.064862154,-0.08624936,-0.069000535,0.16136523,0.03783821,-0.22926722,0.0560183,0.20969354,0.16461858,-0.003202949,-0.2178068,0.20904785,0.01475463,0.062144827,-0.118046574,-0.17322814,-0.05199333,-0.096776955,0.07113709,-0.0012878478,0.16030098,-0.0628838,0.17687748,0.07864904,0.14457789,-0.20638454,-0.08787373,-0.040506545,0.08820994,-0.1672219,0.028779164,-0.21245489,0.083341554,-0.08248372,-0.11207769,0.33137152,-0.12478947,0.11988513,-0.101199545,-0.13839017,-0.028986529,-0.36366567,-0.22146682,0.21979602,0.060986973,0.039854184,0.031754307,0.26309434,-0.32276198,0.20426618,0.13139224,0.28496513,-0.17286344,0.3800462,0.31463653,0.29484254,-0.11927076,0.04768331,0.020432388,0.23364937,-0.067665085,0.25311413,-0.2195236,0.0671543,0.27852264,-0.19610786,-0.03217562,-0.43169394,0.090166464,-0.31825322,0.18432315,-0.20645612,-0.26322225,0.16268335,0.16021107,0.112378836,0.073166735,-0.148785,-0.6692742,0.12297958,0.023344833,-0.17508835,-0.1663898,0.10242756,0.42988268,0.021974232,0.0727666,-0.1701832,-0.029492307,-0.033448324,0.26579416,-0.06103584,0.0865801,0.03632473,0.25887492,-0.016008617,-0.2116761,-0.24019696,0.11940925,0.05378673,0.13711286,-0.047439855,-0.30191272,-0.2124915,0.032487005,-0.2311218,-0.47341698,-0.060997304,-0.24835578,-0.07863798,0.29599318,0.20793596,-0.102975555,-0.08753442,-0.22962052,-0.14047466,0.2375668,-0.0783698,0.12871905,-0.07041251,0.29142398,0.056740638,-0.06367246,0.42859396,-0.21122456,0.1243021,0.07847564,-0.101484,0.029325765,0.10142083,0.11626281,-0.09410558,0.2583382,-0.33217067,0.09203868,-0.197878,-0.05761817,0.16951494,-0.062050115,0.00852256,-0.22767544,0.05796194,0.113534816,-0.043516077,0.048709895,0.20244263,0.05799294,-0.18248998,-0.21419023,-0.20397912,-0.009520087,0.26962665,-0.18473905,-0.0033006552,-0.10878652,0.1425051,0.08545981,-0.25543708,0.4250791,-0.035153102,-0.25147954,-0.10783776,0.092909575,0.2341807,-0.10825326,0.052385237,-0.06932118,-0.19250816,-0.04999981,0.1813385,-0.004723892,0.058595065
GIGKFLHAAKKFAKAFVAEIMNS,-0.08221365,0.07400791,0.10604719,0.076862395,-0.1322712,-0.025581334,-0.11735841,-0.010928864,-0.10054194,-0.0055904146,-0.056753352,0.0703334,-0.063455455,0.076263554,-0.11310831,-0.014046606,-0.0016684223,0.070462264,0.13746352,-0.03587337,-0.2905421,0.060124606,0.015837168,-0.1218081,-0.07322047,0.22280957,0.115650386,0.13483596,0.05899537,0.15046883,-0.37724307,-0.06940876,0.03284947,0.05700709,0.06842396,-0.26987284,0.0011513853,-0.064348936,0.3425798,0.15382397,0.06595139,0.17677258,-0.14344537,-0.12783045,0.120398864,0.12819776,-0.6746023,0.28878462,-0.14018744,-0.32594925,0.027504487,-0.06458319,0.16611427,0.0488215,-0.122266434,0.035014525,0.08933769,-0.0756349,0.27239272,-0.040699452,-0.028804816,-0.028253442,-5.145467,-0.030458478,0.12579188,0.22663334,0.050967045,0.15691863,0.100611754,0.10479761,-0.010423925,0.063024655,-0.06356469,0.107366525,-0.015173733,-0.06553448,-0.08669135,0.046958927,-0.041351024,0.25253013,0.03321368,0.10003404,0.07298327,-0.12489052,-0.10719765,-0.08242736,0.104358844,-0.16228412,0.09172878,0.09209009,-0.09149773,-0.11302553,0.15312311,0.0014102876,0.10863106,0.12569994,-0.0762575,0.056210265,-0.0901651,-0.0528077,0.17576368,-0.0039605713,-0.17154203,0.017774988,0.057715002,0.2954113,0.11058436,0.04565888,-0.15136397,-0.15351236,0.12367534,0.25847733,0.07164648,-0.02788933,0.010689106,0.11326307,0.07152757,0.18226622,-0.108441345,0.009399028,0.0773796,0.11196141,-0.04857641,-0.04907939,0.13323152,0.13750012,-0.15312678,0.0137931155,0.13191247,0.15714194,-0.015318351,-0.047090184,0.017408293,0.033574957,0.1201598,-0.15038224,0.04201879,-0.17179613,-0.13927144,-0.20802207,0.026725564,-0.09269179,-0.2190694,0.0033575296,0.11238487,0.030417964,0.1277572,0.100182325,-0.23744719,0.0076526934,0.08712851,0.038184512,-0.06658638,-0.07363433,-0.017373001,-0.03278845,0.046166297,0.13022158,-0.066777326,0.21741104,0.14961134,0.026619306,-0.06126134,-0.0064638187,0.008358226,-0.064037465,0.031254217,-0.0879994,0.010010179,0.022105465,0.010477359,0.2522527,0.1659326,-0.2343626,-0.06704041,0.14503667,0.11786177,-0.033995472,-0.12979673,-0.06623313,0.10283194,-0.30049178,0.002168373,0.2134065,-0.13049836,0.17290054,0.02603463,0.1552391,-0.060412332,-0.16773158,-0.18688667,0.17593317,0.23868622,-0.037922267,-0.080846556,0.30448705,-0.050422765,0.15863621,-0.040391218,0.37105003,-0.06603566,0.16878763,0.2522976,0.20610978,-0.026395576,-0.12241599,-0.10812103,-0.32416847,0.005762962,-0.07188227,0.054352738,-0.12722763,0.34866673,0.06978819,-0.0099360375,-0.1354406,-0.075466245,-0.14613926,0.088776015,-0.1566645,-0.30117142,0.17405267,0.17063671,0.085997745,0.18934983,-0.034878947,-0.1333424,0.093987055,0.031125031,-0.063766554,0.0024682248,0.038654663,0.3104401,0.032402124,0.14106701,-0.14173685,0.27030623,-0.11010307,0.15638946,-0.07520147,0.048441086,-0.007603531,0.07149469,0.021198502,-0.045393907,-0.054684572,0.18381459,0.15420313,0.18142918,-0.035321213,-0.10169495,-0.06531837,-0.15065369,-0.08227192,-0.18667823,0.011106427,-0.051863447,0.009456051,0.15504812,-0.16742338,-0.20595793,-0.09169773,0.0107134795,0.026182288,0.15292965,-0.13271047,-0.012985835,-0.063590445,0.21359882,-0.18110543,0.01953504,0.27341375,-0.2053232,0.10756941,0.1453826,0.025639301,0.12512709,-0.03480936,0.04769557,-0.08616528,-0.08063099,-0.18403386,0.0073660403,-0.29014036,0.019169271,0.3007095,-0.1593641,0.0071073864,-0.3146894,-0.13064602,-0.07453417,-0.01895173,0.16030307,-0.05758746,0.10307273,-0.08139335,-0.0783329,-0.16291842,-0.09539385,0.23146766,-0.14549495,-0.065619886,-0.14652252,0.27525,0.0512041,-0.17929016,0.032129966,-0.32550678,-0.180206,-0.14605623,0.17977533,0.17562245,-0.063122615,-0.04951114,0.09856085,-0.1657372,-0.051586524,0.077440575,0.06721529,0.01101098
LGGIVSAVKKIVDFLG,-0.10468111,0.34612542,0.2845275,0.13150062,-0.06262871,-0.24066652,-0.004025584,0.12569982,0.017728545,0.18823987,0.047793135,0.09174338,-0.074536055,0.018994309,0.15662567,0.09095855,-0.088915296,-0.021512687,-0.02050829,0.0024536715,-0.29901078,-0.03155876,0.10983478,-0.31693432,-0.022023307,0.115167275,0.15895158,0.058961697,0.27114934,0.17098397,-0.44608986,-0.054807536,-0.18910542,0.27015767,-0.017912345,-0.18464619,0.007024141,0.08261984,0.043215476,0.16453433,-0.084657855,0.26439235,-0.36704445,-0.10177323,0.45728552,0.056668147,-0.13833205,0.35078228,-0.019495605,-0.3998884,0.14481592,-0.046136744,0.29558367,0.1515051,-0.074982874,-0.06639782,0.017685901,-0.17204866,0.05078523,0.08242181,-0.11969689,-0.07560207,-4.643264,-0.16015935,0.044131722,0.11666674,-0.028117491,0.5122871,0.047066167,-0.09646724,0.12984951,0.1916435,0.022882683,0.13927661,0.25971863,-0.26169538,-0.0802633,-0.23906207,-0.073999815,0.48867214,-0.019111041,0.014282816,0.21322717,-0.22199123,-0.22651301,0.0050669378,0.035695475,-0.3253127,0.10294028,0.14192875,-0.08429468,-0.13166206,0.23888694,-0.09365465,0.3000242,-0.053602558,-0.06972472,-0.020168494,0.07626807,-0.077161536,0.26960933,-0.13751131,-0.24550888,-0.048261866,-0.08703708,0.40245187,0.1256845,0.04384932,-0.17142808,0.0761012,0.1639578,0.15181649,0.08002521,0.26138592,-0.09909949,-0.012970039,0.24344635,0.055015206,0.05821236,0.04621963,-0.013782998,0.02316264,-0.25921923,0.08950223,-0.047131736,0.19639646,-0.21580556,0.26465538,0.2854594,0.12997371,0.047267605,-0.0652034,-0.08864209,-0.13116701,0.1499136,-0.1311356,-0.031233396,-0.15680917,-0.17627622,-0.15839154,-0.16650991,-0.018950872,-0.25087273,0.012029273,0.105157815,-0.026884176,0.15550286,0.009645353,-0.10357604,-0.11224899,-0.056130666,0.044100203,0.1528788,-0.09248177,0.06855987,0.17042458,0.1196356,0.09846434,-0.21361552,0.12291209,0.046096507,0.04838431,-0.029529728,-0.2271737,0.11640019,-0.021985386,0.20929724,-0.052702554,0.011557083,0.113405466,0.015246006,0.25552952,0.109530896,-0.19939387,-0.26585034,0.0456654,0.08336156,-0.19444618,-0.15022174,-0.17807797,0.00479513,-0.16712368,-0.009799813,0.3381651,-0.1599144,0.056886137,0.031847317,-0.07189236,-0.00010262927,-0.32152405,-0.30333364,0.27636692,-0.028566195,-0.09057905,-0.03217735,0.3629308,-0.0815816,0.1673976,-0.04241017,0.3649108,-0.24610329,0.29640776,0.35958016,0.28443205,-0.085709624,-0.06508057,-0.021078415,-0.024497965,-0.1412963,0.03755382,-0.2562952,-0.0038539676,0.4874533,-0.112722926,-0.091839276,-0.40158853,-0.016070588,-0.1806365,0.15324664,-0.14883855,-0.35453433,0.19622092,0.21312958,0.1520021,0.31956735,-0.08605102,-0.45228243,0.16658817,0.024958018,-0.22335714,-0.051601235,-0.026570236,0.41617152,0.0769265,0.017889015,-0.13555269,0.1279247,-0.09314065,0.23004736,-0.12580967,0.17445475,0.10406461,0.16653715,-0.08409911,-0.07086362,-0.20603889,0.047007006,0.12709886,0.16293585,-0.09147917,-0.22173482,-0.0977197,-0.096609674,-0.10188177,-0.35362476,-0.095206246,-0.3051725,0.012493568,0.19177134,-0.041473612,-0.15017556,-0.22838868,-0.10836147,-0.12215025,0.26427263,-0.14357224,-0.034263916,-0.18563157,0.26375124,0.041525636,0.020701569,0.43537065,-0.21236981,0.08613506,0.19445787,0.049755085,0.009581115,0.077743925,0.0799292,-0.14754944,0.24660447,-0.49196646,-0.024298055,-0.28576246,-0.031127684,0.21384524,-0.17603439,-0.02240224,-0.28963158,0.027120136,-0.027472109,-0.09267815,0.05964629,0.1866411,0.021168856,-0.17329341,-0.13502397,-0.2662332,0.049187083,0.23165353,-0.29277372,0.00996894,-0.079606086,0.021600388,0.020583011,-0.26320207,0.37593344,0.032331303,-0.29902023,-0.081196226,0.18594462,0.32274765,-0.15477724,-0.028321382,0.09202291,-0.17230317,0.038150508,0.2458757,-0.006249676,0.15020497
KWKSFLRTLKSPAKTVFHTALKAISS,-0.22681713,-0.021806713,0.0613754,0.14534591,-0.041672494,-0.13265999,-0.050467186,-0.03518375,-0.1643349,-0.04301968,0.036544595,0.17896213,-0.07555995,0.2022762,0.014065854,-0.035288315,0.18618272,0.07305162,-0.093214326,0.037141997,-0.28798547,0.09937893,-0.015907021,-0.106236935,0.04532149,0.3521853,0.09527335,0.14914706,0.15032901,0.08752163,-0.10810616,-0.1485548,0.03183311,0.09227776,0.121232584,-0.16589342,0.14773992,-0.19339299,0.33007696,0.09492707,-0.17589238,0.0341863,0.009454412,-0.068973914,0.047080237,0.11349217,-0.5595168,0.21751581,-0.028979575,-0.18108276,-0.035277143,-0.041302748,0.07217225,0.040445186,0.032941706,-0.1735384,0.047234003,-0.005837064,0.14990367,-0.15548918,-0.027768139,-0.009141634,-5.1510534,-0.076439075,0.037871685,0.21863021,-0.10201867,0.07582881,-0.07135438,0.14383806,-0.036244426,0.13167071,-0.05842782,0.12043884,0.0003878006,-0.040637095,-0.042926926,-0.0973591,-0.018671894,0.23041113,0.06087646,0.19107382,0.1312168,0.077989355,-0.099599496,-0.18531696,0.08967948,-0.13565339,0.032837212,0.17119752,-0.05307191,-0.04878668,0.063448,-0.011369816,-0.12560825,0.068480305,-0.11633321,0.097491145,-0.18235017,-0.03693277,0.18476036,0.02657551,-0.115323365,-0.05663422,0.07528112,0.3508776,0.07784533,0.03325131,0.030549483,-0.24401198,0.11155624,0.14769684,0.013097475,-0.009864746,0.016586034,0.0942368,0.07301072,0.090488195,-0.12161025,-0.06660676,0.092220664,-0.06812942,-0.040238272,-0.1505675,0.12613575,0.13858663,-0.19738412,-0.070492275,0.20341931,0.13730022,-0.009520577,-0.0068516177,0.122013636,0.08691736,0.05330948,-0.14553735,0.031154294,-0.11237491,-0.17618217,-0.1964237,0.14459004,-0.16055639,-0.2575672,0.09104737,0.054337084,0.07300271,0.12679425,-0.042306993,-0.15731122,0.13452768,-0.10067099,0.02415261,-0.059110645,-0.048127778,-0.010516925,0.07465623,0.10705408,0.11138965,-0.11347724,0.16323839,0.10658427,0.13277881,-0.06561428,0.06080178,0.09672929,-0.26492625,-0.04404662,-0.03787098,0.08229648,0.09022636,0.07163494,0.26376846,0.15235557,-0.20009212,-0.04454461,0.14387648,0.108334534,-0.10264249,-0.17453396,-0.16147926,0.23964839,-0.46196762,0.04970387,0.18227966,-0.092356704,0.12939167,-0.2214798,0.13757037,-0.04553763,-0.17981131,-0.2245593,0.090899035,0.29798174,0.12515058,-0.128076,0.1844367,-0.044007666,0.24075767,0.06006872,0.3945803,-0.06480135,0.0662884,0.19801494,0.16158403,0.07686056,-0.1305829,-0.14135078,-0.36355716,0.04473443,0.007803338,0.004942243,-0.11898899,0.16863099,0.019913172,0.042477507,-0.16599287,0.036017004,-0.123032756,0.040288072,-0.22846286,-0.4036861,-0.0068346476,0.12359758,0.037679438,0.1740253,-0.05045546,-0.1430544,0.116029516,0.0001907157,0.16188104,-0.013544449,-0.063784264,0.2573624,0.07014139,0.26327983,0.13624601,0.18174033,-0.11757354,0.14613591,0.020751785,-0.11962231,-0.15112104,0.037471496,0.04895254,-0.15169556,-0.015430974,0.22835508,0.08601953,0.13838413,0.029041788,-0.10640336,0.040755194,-0.18321887,-0.10078166,-0.17403269,-0.047759976,-0.0064608986,0.060668938,0.26996094,-0.15411448,-0.07163603,-0.086500846,-0.07692508,-0.0075331074,0.11924211,-0.14706829,0.031568732,-0.030661868,0.1685132,-0.139498,-0.04305352,0.16413507,-0.13662264,0.15267989,0.020088514,0.04787234,0.11839502,-0.052031934,0.111841455,-0.010841789,-0.047319565,-0.07336184,0.00544078,-0.2230107,0.07780077,0.2737966,-0.19885334,-0.05101477,-0.09465771,-0.0846541,-0.14032336,-0.08835419,0.22474872,-0.0377026,-0.024663955,-0.22081025,0.01633873,-0.053805053,-0.13425362,0.28038985,-0.088102534,-0.06344817,-0.2350141,0.33512947,0.09038685,-0.12552361,-0.12731881,-0.19385144,-0.24361618,-0.027263913,0.23558159,0.118152864,0.096703775,0.07736008,-7.099658e-05,-0.024644567,0.07490061,0.14205761,0.08224473,0.1094945
KILRGVCKKIMRTFLRRISKDILTGKK,-0.1106384,-0.21428743,0.1948361,0.35127538,-0.17591566,-0.33201015,-0.14665121,-0.021079265,-0.08946573,-0.14537393,-0.00437907,0.22840251,-0.25765005,0.17803986,0.027881846,0.12684356,0.2063231,0.041608907,0.038854796,0.05933306,-0.1821431,0.0233565,-0.028503155,0.0018873379,0.1361863,0.3457735,-0.10109618,0.1950913,0.28379542,-0.10325795,0.007303505,0.20533977,0.26282185,-0.13486035,0.13651861,-0.29209962,-0.036022928,-0.047789097,0.33591232,0.19234052,0.008454675,0.14505751,-0.21669282,-0.0413596,-0.043648545,0.18021193,-0.9397495,0.33044493,-0.11629775,-0.14802232,-0.07060755,0.0007135169,0.23658706,-0.037044115,-0.05090153,-0.10049946,0.20232345,0.043150607,0.114797376,-0.11421061,-0.0077290414,-0.07911953,-5.042387,-0.058586944,0.061179258,0.19064932,-0.04465421,0.203728,-0.28390312,0.21390253,-0.019018617,-0.060116902,-0.07072475,0.11779583,-0.104066215,-0.074028686,-0.026747806,1.1016583e-06,-0.22080773,0.3171577,0.07296901,0.22440635,0.06911626,-0.22170746,-0.020938035,-0.16969843,0.124529414,-0.03339999,0.07954032,0.08383474,0.0076644286,-0.06384854,0.15911876,-0.0062176688,-0.11332537,0.17289603,-0.17178725,0.17336477,-0.17537104,-0.15467358,0.19340186,0.016038697,-0.13508528,0.067032866,0.069478214,0.29464632,-0.0074399626,0.10663222,0.06475444,-0.17292808,0.10003913,0.06005477,0.13462406,0.11680953,0.053265326,0.10108678,0.124329336,0.069050014,-0.024341304,0.08000552,-0.06371505,0.012901856,-0.0290139,-0.09238014,0.21189748,0.034403868,-0.16629508,-0.23771228,0.15867963,0.06963547,-0.032682564,0.027928723,0.046864603,0.12964429,0.0069236057,-0.11931674,0.111983284,-0.13347144,-0.118533604,-0.19624832,0.1560191,-0.26453915,-0.30217686,0.09354108,0.12105557,0.150171,-0.009923672,-0.06499857,-0.038203273,0.16039118,0.11557708,0.13654369,0.010341248,-0.089696966,-0.081368074,0.013589764,-0.0063747433,0.14122729,-0.108193666,-0.034610607,0.12158012,-0.111921884,-0.12615499,0.14830895,-0.0031872443,-0.08414088,-0.006977742,0.011497851,-0.013059744,-0.03692628,-0.02439822,0.27106026,0.32137483,-0.24590896,-0.027449723,0.1585743,0.11850913,-0.088900894,-0.2789937,-0.31115434,0.1308902,-0.34849286,0.03457404,0.04039739,-0.11770929,0.09738159,-0.2685639,0.15136196,-0.12013768,-0.12894136,-0.065914646,0.061097745,0.1613539,0.24041758,-0.09072473,0.077687755,-0.04719259,0.13909215,-0.1558366,0.58325523,-0.11270568,0.09758288,0.09016845,0.13962677,-0.1369045,-0.20417543,-0.06889748,-0.5173204,0.22875766,0.11829211,0.07569132,0.028582122,0.06626318,0.044817735,0.02584288,0.039755423,-0.07280378,-0.055606406,0.1148048,-0.11864703,-0.29425496,0.1422614,0.112852305,0.0771196,0.20932674,-0.035915837,-0.110432446,0.15553303,-0.07268144,0.13047284,-0.033237673,-0.050741524,0.29924247,0.17510113,0.14537689,0.1283936,0.16298236,-0.24292326,0.10574387,0.16438125,-0.07254768,-0.12332798,-0.0066192006,-0.040856335,-0.13279685,-0.090489864,0.2912072,0.11598106,0.19181235,-0.018398227,-0.120696016,-0.07296627,-0.055972263,0.0128543135,-0.172715,-0.02686051,-0.006904349,-0.11904097,0.13969651,-0.20805655,0.0024635894,-0.252882,-0.17371085,0.053820465,-0.010709058,-0.118952885,0.015229069,-0.10710495,0.2743267,-0.12023912,0.046979442,0.10479835,-0.010435111,0.032915704,0.13712968,-0.02180821,0.12530135,0.08252271,0.23744684,0.07093512,-0.045436535,-0.07581621,-0.047905423,-0.17906487,-0.1104793,0.24849354,-0.21817625,0.11313143,-0.13565116,-0.20782012,-0.07864109,-0.14637963,0.12620161,0.018985704,-0.015360212,-0.22703144,0.037355457,-0.22596416,-0.2918414,0.30644304,-0.0718576,-0.04446308,-0.16250287,0.26431307,0.04592335,-0.12949751,-0.040704966,0.00082425005,-0.065814875,-0.1766489,0.16806264,0.10793354,-0.016387552,0.03381808,0.058051102,0.083051346,-0.02037772,0.042798944,0.15471056,0.15995578
KILRGVSKKIMRTFLRRISKDILTGKK,-0.12945202,-0.16042715,0.17291546,0.2903058,-0.12490691,-0.29915646,-0.10137739,0.0120984325,-0.08629769,-0.095862195,0.014072992,0.16025206,-0.32484183,0.22540396,0.05709588,0.07930193,0.23035112,0.014403901,-0.008413786,0.11006293,-0.19040234,-0.030833198,-0.03766752,-0.023172982,0.108580805,0.31000736,-0.1184675,0.25698102,0.31471005,-0.06121476,-0.006002221,0.2626186,0.21866709,-0.054055028,0.114096835,-0.25292328,-0.008505667,-0.03342836,0.33475608,0.17013416,0.044913933,0.08782648,-0.24627538,-0.060044926,0.0031759657,0.19891594,-0.8277893,0.35721686,-0.07928731,-0.13073106,-0.08074532,0.0046317414,0.27228397,-0.022493124,0.017770356,-0.108622454,0.23603505,0.005992154,0.09187135,-0.10971334,-0.062177077,-0.04427785,-4.9482536,-0.06747249,0.035911668,0.15096496,-0.053388268,0.2665306,-0.22437152,0.2194286,0.034259386,-0.005324593,-0.022994617,0.10072832,-0.072333984,-0.05216603,-0.04194042,0.00084232667,-0.23372892,0.25535557,0.081049785,0.29392645,0.071609735,-0.27290875,0.043588996,-0.13856286,0.16851649,-0.06757771,0.0753163,0.07824122,0.033908986,-0.124709755,0.17865527,0.02133867,-0.11281488,0.1577107,-0.21110573,0.086871944,-0.15375218,-0.10480557,0.26008528,0.0058067455,-0.1366875,0.041632447,0.10544108,0.29825974,-0.05366243,0.06522526,0.0218985,-0.1899196,0.1074546,0.065086454,0.051557094,0.13003689,0.0064945947,0.07463031,0.09191233,0.12827024,0.058495164,0.022418182,-0.040244438,-0.023936288,-0.029094199,-0.095975146,0.19298537,0.03716051,-0.22093491,-0.24433485,0.19791144,0.09878425,0.006034922,0.06053678,0.029195966,0.12140931,0.051174074,-0.12975109,0.1269621,-0.20431596,-0.10505898,-0.15335064,0.09962335,-0.18897021,-0.34712788,0.13155511,0.17741786,0.17114526,-0.0016031517,0.02227643,-0.057909373,0.19281095,0.18748587,0.16231269,-0.004059411,0.016756495,-0.14947054,0.043963704,0.003472994,0.10361958,-0.12248533,-0.10659527,0.18779702,-0.059040084,-0.11222099,0.09473899,0.014461266,-0.072357886,0.015872693,0.024472032,0.038964715,-0.05290136,-0.025863327,0.19005331,0.3224423,-0.24444316,-0.029842477,0.12974596,0.06212712,0.009005158,-0.31288686,-0.3424897,0.09267911,-0.32344684,0.0020715902,0.058007225,-0.19448242,0.15085953,-0.19657053,0.09337984,-0.12139873,-0.14081156,-0.07341431,0.035922058,0.028846264,0.2217626,-0.1747457,0.09596848,0.03918391,0.18265142,-0.17620128,0.6185162,-0.10735469,0.09040241,0.10137788,0.13654676,-0.1985389,-0.18835586,-0.12583779,-0.5311581,0.18854678,-0.013401369,0.10571369,-0.015242991,0.10807429,0.05009495,0.120367244,-0.019477714,-0.04350238,-0.094536714,0.1493255,-0.10971395,-0.24689315,0.21285547,0.07481406,0.025932634,0.21019399,-0.024673847,-0.13417152,0.17326134,-0.031730756,0.12620316,-0.04737333,-0.05450332,0.3217034,0.19973633,0.114525296,0.084207155,0.16705023,-0.25280666,0.11981805,0.16110533,-0.08604994,-0.1020386,-0.033697095,-0.053334195,-0.11273685,-0.14515288,0.3082755,0.036898587,0.15232947,-0.068445675,-0.054631475,-0.11251504,-0.041527547,0.063671626,-0.15871838,-0.0119083505,-0.045840345,-0.063201666,0.12229366,-0.21918975,0.030609226,-0.28151882,-0.19011898,0.0021558187,-0.010926016,-0.15795287,0.05051789,-0.10334637,0.25186437,-0.14666182,-0.012984721,0.038151026,-0.043552376,-0.0065024844,0.16617963,-0.0037377877,0.12509319,-0.0041578864,0.2315065,0.033032574,-0.020453515,-0.111323886,-0.10855951,-0.20762867,-0.09365677,0.21153788,-0.24414536,0.06969363,-0.12733668,-0.15310037,-0.13680357,-0.13791741,0.04304118,0.0016943176,0.03558301,-0.19950388,0.060805075,-0.1637722,-0.28697422,0.3554869,-0.11620081,-0.052116707,-0.09246724,0.24530147,0.08099214,-0.12658697,-0.023662902,-0.044644274,-0.08130911,-0.21199442,0.19807208,0.122568175,-0.07783485,0.06108526,0.064854786,0.050900295,-0.0053415294,0.13129266,0.10789837,0.13513955
KISKKIMRTFLRRISKDILTGKK,-0.0964556,-0.16238554,0.15119758,0.29689506,-0.08023263,-0.23266663,-0.110956095,-0.030084185,-0.058167268,-0.16102049,0.047984213,0.20907891,-0.31445396,0.2157077,0.008158274,0.038442004,0.2765181,0.012302691,0.06957765,0.117607445,-0.18413483,0.01521472,-0.016607849,-0.103294104,0.10876615,0.34427017,-0.10432559,0.25137177,0.24204685,-0.059987124,-0.012852004,0.25930744,0.18160759,-0.07540712,0.07444904,-0.17988162,0.017798876,-0.09929018,0.32241753,0.21623161,0.019228611,0.11454195,-0.2554877,-0.075870775,0.016713297,0.18445101,-0.86200035,0.2658604,-0.060800232,-0.13945584,-0.0027374208,0.026300253,0.22973052,-0.057875406,-0.016922291,-0.1838027,0.176779,0.013433652,0.10408397,-0.1257511,-0.029178264,-0.09364127,-5.0703306,-0.04419007,0.07326046,0.21329696,0.004038136,0.12892912,-0.20396708,0.16637918,-0.0060044024,0.0017976094,-0.020939114,0.17027535,0.010186658,-0.011691975,-0.023122966,-0.02363472,-0.17540142,0.27922246,-0.005257175,0.25070402,0.05665575,-0.21194477,0.1050557,-0.16605614,0.13084988,-0.048368454,0.17006575,0.114617065,0.10566523,-0.14798126,0.18390262,0.059349038,-0.10283604,0.0900371,-0.14696589,0.100468434,-0.18713582,-0.10482086,0.18880457,-0.012593581,-0.13685924,0.019057203,0.12373827,0.30485007,-0.010952546,0.07530387,-0.016383946,-0.21732868,0.06257581,0.0062774117,0.039797094,0.028596232,0.007220527,0.112299584,0.05106923,0.0440964,-0.017221164,-0.049505606,-0.043103017,-0.063699834,-0.030469326,-0.24780491,0.21612564,0.1136793,-0.14876667,-0.17002101,0.122455426,0.108277634,-0.012090786,0.04837883,0.067286454,0.20716767,0.047942515,-0.07338312,0.117821306,-0.1370121,-0.14521073,-0.21369076,0.16202961,-0.19183676,-0.40559426,0.080381736,0.12138145,0.10781926,-0.024905562,-0.08073793,-0.12651227,0.21587132,0.112487696,0.12327183,-0.039465252,-0.00470722,-0.17717344,-0.026987018,0.048310548,0.18665904,-0.172738,0.037073668,0.20991658,-0.06652033,-0.080888055,0.1483289,0.0603283,-0.13415445,0.020155873,0.011561599,0.0718593,0.039204303,-0.07744235,0.22556561,0.25360763,-0.2827947,-0.03479838,0.15633544,0.12695245,-0.052055813,-0.29425228,-0.3437865,0.113880545,-0.32062486,0.010270906,0.07368947,-0.18469147,0.12549894,-0.23540635,0.100604035,-0.10485342,-0.073215105,-0.029985743,-0.02293075,0.17782877,0.15622276,-0.1581809,0.07200822,0.041382294,0.22492771,-0.05489661,0.5309401,-0.06525015,0.0776642,0.11210608,0.17303228,-0.082799345,-0.20272304,-0.03829282,-0.7248409,0.18282257,-0.005851827,0.14997344,-0.045659885,0.05653581,0.11546271,0.09341511,-0.12725598,0.0038158966,-0.08255451,0.10391825,-0.13365777,-0.34788918,0.122058354,0.07277325,-0.0014137316,0.14469342,-0.083636455,-0.0872442,0.14990684,-0.030946678,0.14126,0.0628104,-0.093372546,0.2937848,0.17091872,0.16823408,0.15328866,0.18396117,-0.27896747,0.12557234,0.14292745,-0.09090273,-0.18441465,-0.052082747,0.014912835,-0.15119344,-0.056436118,0.34542415,0.10546072,0.13007893,-0.03181231,-0.1204272,0.018837215,-0.0709443,0.02097084,-0.11731867,-0.027580766,-0.0725003,-0.11418759,0.25947666,-0.2795327,0.012624417,-0.22700392,-0.13566822,0.008797539,0.0016064444,-0.10753324,0.043982126,-0.1515142,0.22565815,-0.16368422,0.0061769257,0.111520045,-0.10009005,0.07359601,0.122005396,-0.019394392,0.13043351,-0.0075299786,0.20545407,0.04239833,-0.006329882,-0.007905201,-0.031743467,-0.19208747,-0.044305813,0.22161354,-0.1837029,0.047575656,-0.10045778,-0.16644676,-0.1450873,-0.15336332,0.08936312,0.022385359,0.019283805,-0.18192439,0.11592247,-0.18912886,-0.28788447,0.2771871,-0.04526046,0.024127958,-0.14069328,0.3261514,0.036186855,-0.016755538,-0.05358781,-0.061310805,-0.08263952,-0.1843599,0.21229792,0.11700245,-0.012447489,-0.0026348352,0.085811235,0.0007961297,0.027035417,0.022664249,0.100196876,0.12309987
KILRGVSKKIMRRISKDILTGKK,-0.102676705,-0.09405606,0.19764309,0.28824,-0.14356957,-0.27567187,-0.13713941,-0.003660617,-0.1035608,-0.104518205,-0.033183604,0.16057608,-0.4043076,0.2207149,0.01968771,0.08020036,0.21254253,-0.0032865095,0.005375409,0.113077156,-0.2159037,-0.1061966,-0.06801212,-0.08438139,0.094323054,0.32343787,-0.15960787,0.27358904,0.24425693,-0.07940748,-0.052237272,0.326923,0.15971836,-0.07096478,0.11256432,-0.25335807,-0.008711665,-0.044504043,0.34269252,0.18082228,0.103011414,0.14637938,-0.28569436,-0.115124635,0.04102276,0.2231329,-0.84681046,0.32152626,-0.12399145,-0.10427315,-0.015062139,0.030210402,0.2597418,-0.07390115,0.031217609,-0.12497172,0.25078133,-0.005947265,0.14221211,-0.06940926,-0.078676656,-0.06911935,-4.9560237,-0.052636147,0.008458864,0.11720035,-0.035562273,0.3225535,-0.18016726,0.21174839,0.05864252,-0.0014329314,0.019239083,0.10471538,-0.0041267346,-0.03357586,-0.050760996,-0.044144362,-0.20714894,0.26843756,0.09387469,0.2391591,0.057112284,-0.2628858,0.05597805,-0.12120781,0.20859337,-0.05171975,0.11739165,0.047152355,0.035936188,-0.16294935,0.178529,0.04246416,-0.057230927,0.105223104,-0.20614704,0.08071064,-0.13500035,-0.11061281,0.29254925,-0.009988297,-0.1321511,0.051059294,0.12784818,0.2941905,-0.09783058,0.08228126,-0.027453074,-0.20359546,0.09641416,0.09196907,0.0443705,0.165624,0.005670465,0.04867292,0.09166547,0.056187447,0.07156285,-0.00028060912,-0.06579118,-0.069678,-0.024065413,-0.11391642,0.19531965,0.054685213,-0.17982079,-0.18417849,0.1973386,0.1467177,-0.007931642,0.03956635,-0.016175484,0.14929232,0.067402266,-0.09312891,0.15047678,-0.20855114,-0.103985004,-0.15683328,0.041092396,-0.13023278,-0.34026897,0.1167166,0.21119972,0.0789273,-0.004415318,-0.02759117,-0.074469686,0.24523787,0.21509442,0.1074799,-0.003930049,0.05360673,-0.18307923,0.02158703,0.04431389,0.12712862,-0.13641237,-0.065648586,0.20358855,-0.08427542,-0.17283338,0.09477015,0.024284506,-0.041233722,0.019296532,0.012990248,0.062386,-0.037149988,-0.009273911,0.1678402,0.30222782,-0.24150051,-0.055946555,0.0959502,0.101508,0.0057316087,-0.2942272,-0.34677246,0.055721696,-0.29574022,-0.002709136,0.11676229,-0.23375237,0.16629285,-0.15572861,0.08285639,-0.102742404,-0.17901641,-0.04978703,-0.00085143925,0.064523056,0.20873539,-0.14725077,0.11267304,0.043421708,0.24212566,-0.1348449,0.63649106,-0.10740938,0.071543545,0.06995078,0.14279209,-0.18574469,-0.1942952,-0.07965739,-0.49481308,0.12439885,-0.04964115,0.10893385,-0.035214286,0.103532,0.115254305,0.09497529,-0.08021718,-0.05978384,-0.09841473,0.19320835,-0.08911797,-0.24615842,0.23836073,0.077709734,0.01854346,0.18928857,-0.06062135,-0.10287305,0.20998612,0.05770277,0.09997406,-0.00014868975,-0.05775193,0.26579553,0.12533586,0.09223038,0.063164495,0.20759821,-0.25921443,0.12596013,0.14874306,-0.014939241,-0.12414173,-0.04559423,-0.012047106,-0.12300569,-0.1406898,0.25801492,0.01145505,0.10869216,-0.11000721,-0.06255245,-0.009962285,-0.0104979845,0.09492571,-0.19374175,-0.033964086,-0.08082455,-0.08810455,0.16925797,-0.26606387,0.023143379,-0.31627083,-0.18732043,-0.021700563,-0.0010106039,-0.12981948,0.12388007,-0.111146964,0.27025315,-0.13094863,-0.029497758,0.03501156,-0.04745357,-0.022839008,0.15742317,-0.022202171,0.13387774,0.047859818,0.2044466,0.029755022,0.004628036,-0.11767817,-0.06788692,-0.18198004,-0.083442494,0.2158342,-0.21592306,0.07952753,-0.1627503,-0.16794029,-0.15580557,-0.14287555,-0.01581265,0.06779759,0.044524584,-0.1542951,0.12660378,-0.19346991,-0.30975017,0.36577362,-0.1324649,-0.015591684,-0.107650414,0.26894292,0.07233653,-0.093106724,0.01167338,-0.025904458,-0.09157965,-0.17929362,0.12825797,0.12136159,-0.14928429,0.041496266,0.05663105,0.027651804,-0.00060791493,0.10919901,0.08482721,0.15163743
KISKRILTGKK,-0.0015714995,-0.22329004,0.24864954,0.32412058,-0.024194878,-0.22714974,-0.19730045,-0.06136557,-0.09655516,-0.21822071,0.0043334803,0.24801134,-0.19211069,0.0867555,-0.1493223,0.06990157,0.23736742,-0.06743977,0.19495353,-0.0727923,-0.3247213,0.012446027,-0.007779181,-0.011226351,0.111292236,0.43829516,-0.00066832395,0.22721934,0.14182776,-0.09292396,-0.041709717,0.15013199,-0.011564403,-0.21614899,0.08517829,-0.3577735,0.122102864,-0.13646835,0.33582604,0.18045071,-0.028490989,0.20555867,-0.15213321,-0.09261334,-0.006647771,0.19846931,-1.0473269,0.25682127,-0.12185773,-0.09745992,0.13104081,0.094606765,0.35878277,-0.06921224,-0.11920844,-0.12668277,0.154773,0.04214494,0.057508197,-0.10484053,-0.032962885,-0.084067926,-5.050054,-0.025505932,0.044927083,0.14227179,-0.104484595,0.23044373,-0.17666467,0.25206932,-0.0013389254,-0.020841522,-0.17625983,0.13488573,0.12963334,-0.018759247,-0.030465664,-0.14817019,-0.04967099,0.3873262,0.0035329533,0.083720565,0.08613165,-0.009237788,-0.028392352,-0.22727153,0.088930964,0.10217075,0.20239958,0.13999534,0.05886645,-0.02391649,0.060995247,0.049402352,-0.13332742,0.10696625,-0.21877393,0.1945672,-0.11144218,-0.17302427,0.02385662,-0.020450704,-0.17753452,-0.040437322,0.11312472,0.3343848,0.012700668,0.08510939,0.041312143,-0.17736532,0.031608753,0.16771929,0.114586726,0.14267874,0.12274112,0.114796005,0.015559618,-0.05800844,-0.15143324,-0.08488335,-0.14337435,-0.12494894,-0.17012778,-0.181221,0.05900912,0.025518367,-0.06550193,-0.05617318,0.11012869,0.036604457,0.01333802,0.023336641,0.15767923,0.15801193,0.059399404,0.09177598,0.08501892,-0.20204459,-0.071315035,-0.1497999,0.25358808,-0.13249844,-0.34011823,-0.046925385,0.082480006,0.02493559,-0.042594276,-0.22007021,-0.17997178,0.14087723,-0.16042021,0.016273407,0.14762093,-0.14545925,-0.036530927,-0.11319168,0.051152926,0.20365907,-0.074751295,0.21055874,0.12784655,-0.15460874,-0.084452905,-0.03465648,0.10140982,0.026104245,-0.061197784,-0.010307883,0.062217887,0.07555478,-0.036552664,0.1907963,0.123297125,-0.2194763,-0.091158755,0.10476427,0.21749848,-0.034006413,-0.17773196,-0.36901098,-0.04286381,-0.3666969,0.007812708,-0.007190655,-0.08372505,0.11777767,-0.3015772,0.14395274,-0.1910808,-0.12344001,-0.1803326,0.08710416,0.3327995,0.29282734,0.07034216,0.024089832,0.10895732,0.15041818,-0.0060414663,0.52172536,-0.109553784,0.11118086,0.11864192,0.29182157,-0.049696032,-0.25587794,0.048821907,-0.6187773,0.013699914,0.053839963,0.04586533,-0.06560744,-0.00016713429,0.28873423,-0.037103303,-0.09731896,-0.07910372,-0.00039527222,0.03620687,-0.14177272,-0.3859184,0.045798294,0.18307215,0.037321515,0.108049855,-0.1897877,-0.054694958,0.22079489,0.050854094,0.11321224,0.046928465,-0.1524789,0.28318024,0.119881436,0.17393637,0.13757132,0.34829214,-0.41457292,0.18710296,0.113807425,-0.08494718,-0.12268987,-0.14389305,0.0892919,-0.17521176,-0.11583773,0.2963123,0.23295523,0.18211672,0.086636856,-0.12786746,0.1430957,-0.03119149,-0.0579772,-0.20649303,-0.11694526,-0.17919587,-0.200009,0.35300827,-0.42851081,0.035918955,-0.12631248,-0.05526081,0.031010835,0.059161667,-0.13624133,0.013838386,-0.051771402,0.26490423,0.026477559,0.043773577,0.24276178,0.17058271,0.085532434,0.027622534,-0.0760894,0.024765916,0.2643264,0.1831705,0.29193467,0.03692473,-0.17377125,-0.03032009,-0.027355354,-0.054121275,0.17010982,-0.13846451,0.102170974,-0.1342568,-0.25616956,-0.15447363,-0.18937501,0.24196404,0.18154353,-0.030475259,-0.21513698,0.09994821,-0.19030108,-0.4150185,0.33172557,-0.03179168,0.0161209,-0.26997718,0.35759825,-0.054498818,-0.08242411,-0.079648525,0.0039406996,-0.20583335,0.01793049,0.13940457,0.018637616,0.08076019,0.08008373,0.05338282,0.15334783,0.10095598,0.1182507,0.12848452,0.09377273
GLGSVFGRLARILGRVIPKV,-0.15956664,0.0875275,0.17436804,0.21694374,-0.109987475,-0.43097985,-0.16975754,0.052220438,0.17655636,0.1541842,0.16885158,0.0720573,-0.13631748,-0.097359724,0.2986597,-0.0062552406,-0.016239034,0.075766556,-0.040576037,0.06869444,-0.25473022,-0.08487379,0.010680837,-0.14428271,-0.069680564,0.15746096,0.14249319,0.20209646,0.36636293,0.15753704,-0.38505524,-0.28542638,0.07940361,0.020830197,3.3408403e-05,-0.17429897,0.07068301,0.11321776,0.080621265,0.041049525,-0.12567972,0.2143061,-0.28968936,-0.06756689,0.25099936,0.05648278,-0.24205182,0.4280258,0.009323108,-0.33632812,-0.0019419477,-0.10620863,0.22322513,0.12680906,0.011064917,-0.06958665,0.17933159,-0.006724274,0.011010105,0.061764047,-0.12523517,-0.034399386,-4.8114915,-0.19046746,0.058145057,0.098026685,-0.0745897,0.5211987,0.014113452,-0.025257872,0.229533,0.18209945,-0.07069757,0.15701605,0.1395503,-0.31977051,-0.07710292,-0.24753103,-0.15568222,0.47263107,0.006154411,0.13530602,0.13419567,-0.28338712,-0.2968023,-0.022642804,0.08838499,-0.19395922,0.039147332,0.10098069,0.036665544,0.036986087,0.16755849,0.018983714,0.15954886,-0.013356376,-0.014428049,-0.003785436,-0.030100118,-0.037839975,0.3351102,-0.08744739,-0.24165949,-0.025802456,-0.09467489,0.3591786,0.042036735,-0.035662696,0.016442489,0.0113583915,0.28198025,0.16940106,0.16873302,0.16845025,-0.12002697,0.010026449,0.20752573,0.19526178,0.0076553104,0.20969643,-0.08761567,-0.004151978,-0.18373041,0.30939272,-0.078930266,0.21750706,-0.30333534,0.020534055,0.29861453,0.081313424,0.1388414,-0.086549416,-0.15227808,-0.103668734,0.09200156,-0.2104329,0.003656333,-0.13937964,-0.10959888,0.049963403,-0.1825614,-0.154141,-0.24478626,0.007775851,0.19809228,0.10981512,0.0556533,0.046476897,-0.06818895,-0.15702571,-0.07677595,0.25942382,0.103909016,-0.10388045,0.03794327,0.22981223,0.03196402,0.049982145,-0.29754376,0.004031658,-0.0054609533,0.04651219,-0.048722293,-0.21310763,0.07820447,-0.023787428,0.13174704,0.01155707,0.10042687,-0.054980777,0.16738509,0.12389647,0.3003697,-0.24688917,0.09716461,-0.08751002,-0.1423246,-0.093391545,-0.08710079,-0.23893543,0.08667433,0.048272848,-0.071802884,0.24497236,-0.15007685,0.19305287,-0.087983355,-0.011056856,-0.027645297,-0.2997962,-0.2581472,0.25767332,-0.10169191,0.12591767,-0.22456814,0.28314215,-0.12831132,0.14932293,-0.08438379,0.40654677,-0.19596572,0.32406357,0.35888672,0.36309254,-0.27096012,-0.019173084,-0.08599302,0.18747438,-0.035340577,0.18630157,-0.16957726,0.11972953,0.29488748,-0.16496775,-0.11382142,-0.3419845,-0.012068009,-0.12042716,0.16516744,-0.17615338,-0.29479548,0.2391782,0.122945614,0.084445946,0.3424471,0.03612934,-0.5082334,0.10927017,-0.0102555,-0.19111386,-0.17613244,0.07382805,0.43681476,0.26939955,-0.03524725,-0.12624821,0.091327496,-0.07339876,0.12961437,0.030716538,0.013488806,0.046746686,0.14041044,-0.12246036,-0.13267536,-0.19047236,0.20124032,0.13541189,0.12242069,-0.008769027,-0.24533142,-0.28465378,-0.022358408,-0.19625634,-0.34892455,0.019755842,-0.11195543,-0.02296838,0.17071527,0.025029343,-0.16567914,-0.31548867,-0.12219744,-0.10721279,0.16389675,-0.17116898,-0.044177286,-0.046017192,0.24837026,-0.00046652014,0.07530892,0.29301873,-0.25952733,0.19631495,0.26505613,-0.0151816495,0.10389549,-0.0904587,0.22318631,-0.10392466,0.09842098,-0.42767286,-0.076195486,-0.2687991,-0.07096986,0.26515657,-0.23320927,-0.121970825,-0.27283296,0.03625979,0.11258984,-0.04173857,-0.030636214,0.18684512,0.1028804,-0.24320525,-0.17917734,-0.23818621,-0.043380965,0.21300751,-0.2503828,-0.032775544,-0.07264435,0.078515396,0.09737587,-0.29067084,0.16292746,-0.05011888,-0.16824995,-0.084910445,0.11894476,0.21371947,-0.0694459,-0.009457553,0.004176931,-0.114387825,0.15543827,0.19057392,-0.041133832,0.12739664
GLLSKFGRLARKLARVIPKV,-0.24693036,0.04407758,0.20614606,0.3260987,-0.11371324,-0.37481394,-0.18493627,0.06118005,0.077498786,0.08095639,0.031628456,0.0045394627,-0.19420029,0.028883241,0.2735252,-0.015012041,0.022005547,0.07418808,-0.08724022,0.09997955,-0.36176056,-0.04340166,0.011577436,-0.15270945,-0.06077008,0.24724342,0.093011424,0.2709587,0.28782186,0.13880046,-0.2669531,-0.25640848,0.047755167,0.15431684,0.006579158,-0.1458556,0.01923104,0.019665029,0.14439137,0.07718522,-0.17299666,0.20246051,-0.2523668,-0.20619386,0.3103658,0.09618569,-0.16785955,0.4254339,-0.02066473,-0.33121702,0.027262103,-0.195638,0.15961947,0.16165604,0.13244829,-0.060010757,0.118611574,-0.085145995,0.11890686,-0.04771385,-0.109038144,-0.06728225,-4.737406,-0.11678472,0.034270123,0.18538846,-0.1447013,0.3969616,-0.024870623,0.012615826,0.33555377,0.21132708,-0.05224681,0.18187712,0.14298052,-0.2542969,-0.06839811,-0.23974414,-0.12909175,0.496535,-0.036200833,0.2224486,0.23151837,-0.26910245,-0.2331441,-0.106897876,0.03580518,-0.2149732,-0.025292046,0.22681159,0.03498487,0.046573076,0.16002895,7.462332e-05,2.763488e-06,0.06296781,0.0070123714,0.06729439,-0.17050217,0.06363942,0.349847,-0.15110429,-0.25309417,-0.110027984,0.030503573,0.40852782,-0.045260455,-0.015148228,0.03482656,-0.15517914,0.36456716,0.12702243,0.04770453,0.11557007,-0.05501338,-0.06407105,0.15997837,0.2202978,0.050644998,0.08671803,-0.014181811,-0.08077733,-0.269546,0.10473661,0.038334463,0.32333824,-0.25616148,0.027748846,0.4266718,0.17409566,0.082675755,0.005027015,-0.16462791,0.015312829,0.000727178,-0.19318405,-0.0021639953,-0.19954588,-0.10519726,-0.02015941,-0.09466438,-0.17929533,-0.32622668,0.04127348,0.18819533,0.14747109,0.12559885,-0.04509345,-0.111099094,-0.038446832,0.00019185753,0.1392831,0.0025281499,0.0618358,0.050354324,0.2849515,0.024931936,0.10256772,-0.29459974,-0.015193963,0.06529058,0.102426454,-0.11012552,-0.03559549,0.062675394,-0.058644913,0.12038334,-0.0061580734,0.21383953,-0.035835825,0.18804444,0.1598522,0.37964717,-0.3255502,0.05109832,-0.013041932,-0.09873727,-0.10252497,-0.24050106,-0.26443565,0.14358935,-0.07422297,-0.073694095,0.29902714,-0.17485847,0.17559725,0.059004124,0.020645142,-0.06866295,-0.34119356,-0.25715497,0.16048251,-0.046206653,0.14980425,-0.28525412,0.27571055,-0.10278948,0.27797377,-0.0971643,0.57686675,-0.1383214,0.18276262,0.28024894,0.27291402,-0.1892098,-0.19930218,-0.14890681,-0.017249374,-0.0763986,0.05604874,-0.15327516,0.0063196393,0.49093208,-0.14695099,-0.07410864,-0.39408362,0.06572383,-0.14261387,0.23605543,-0.1900064,-0.34986436,0.17072247,0.05318767,0.12898111,0.41217402,0.053219423,-0.345265,0.083370045,0.07538582,-0.04287938,-0.08406336,0.10509806,0.4031764,0.28517482,0.082783215,-0.058994945,0.10240026,-0.16428548,0.14383912,-0.007381152,-0.03551864,-0.019383641,0.114753015,-0.05512428,-0.13543865,-0.2019545,0.10212364,0.1429403,0.10090101,-0.1263955,-0.258666,-0.1650399,-0.040054087,-0.097201824,-0.36456785,-0.052677248,-0.06631865,0.002515824,0.26750383,-0.05128163,-0.18810853,-0.3904506,-0.13583392,-0.15314886,0.19154714,-0.21893258,-0.04055114,-0.046125196,0.3347267,-0.10785415,0.09197295,0.2445609,-0.23533696,0.2187741,0.15020777,-0.009839163,0.10655716,-0.0424129,0.1939083,-0.022790821,0.059202336,-0.37253335,-0.15337004,-0.4385428,-0.028743971,0.27250358,-0.4024978,-0.17910913,-0.19641618,-0.04700259,-0.100023195,-0.07223432,0.069184,0.09038663,0.056635905,-0.23619595,-0.031847842,-0.19738536,-0.058348916,0.29958245,-0.24810483,-0.055804893,-0.17073852,0.18695907,0.17350762,-0.26952383,0.019176165,-0.17043807,-0.17969471,-0.0060489476,0.190903,0.2816375,-0.12644619,0.02386098,-0.016797157,-0.042078253,0.1991371,0.29757977,-0.07085873,0.16918309
KWCFRVCYRGICYRRCR,-0.07980866,-0.12532118,0.09684539,0.586978,-0.06948517,-0.40627348,-0.42740446,-0.17704134,0.023667978,-0.19929773,0.20140512,0.39860895,-0.13037717,-0.21824345,-0.020779988,0.16610506,0.34844127,0.12620959,0.18646637,0.06712521,0.06261301,-0.093736924,0.0055791894,-0.019261302,0.22805086,0.24963343,-0.077714704,0.063550375,0.35009694,-0.14195906,-0.13042654,-0.07982641,0.53460884,-0.65171206,0.16871342,-0.15871891,-0.15390384,-0.16708912,0.3791907,0.25634786,0.029758343,0.17575116,0.064914696,-0.038417898,0.012056295,-0.1816013,-0.9103269,0.33125743,-0.28175032,0.09764211,0.0376074,-0.004034833,-0.09526196,-0.1879852,-0.08718644,-0.11104371,0.12751588,0.2517901,-0.07280062,-0.050429143,0.10673039,0.06839537,-4.6093407,-0.31982398,0.115631066,0.08742231,-0.16466343,0.38901424,-0.19433272,0.12835756,-0.03539177,-0.023245344,-0.21867403,-0.40286523,-0.33465526,-0.41776955,-0.032332886,-0.31410924,-0.3103375,0.2325596,0.4445015,0.06224857,-0.18459092,0.083453044,-0.29346266,0.020182204,-0.092572406,0.18343191,0.053142834,0.26417682,0.2417147,0.088206045,-0.09759527,0.21522823,-0.07336658,-0.082997225,-0.12440711,0.15426996,-0.110177256,-0.35864773,0.045058947,-0.06930262,0.121527106,0.17223454,-0.19020961,0.42943704,-0.13254312,0.2139284,0.22043309,-0.24502523,0.08139161,0.12192407,0.20414793,0.17427836,0.14048365,-0.080762275,0.56706125,-0.18592393,-0.062364805,0.35729718,-0.1780758,0.09871151,0.0035448773,0.35004568,-0.0048090518,-0.110987,0.11889214,-0.19356254,-0.028340641,-0.043130975,0.021069204,-0.18456392,0.19224252,-0.023118986,-0.25878692,-0.122616276,0.07514156,0.1349788,-0.4253576,0.11621173,0.1741614,-0.3363883,-0.12616532,0.1784218,0.10480349,-0.12901233,-0.09350493,-0.36270675,0.017168898,-0.042824533,-0.3485871,0.3732088,0.25985146,-0.20254636,0.18977778,-0.016589265,-0.096051164,0.4200011,-0.1613355,0.05708372,-0.05815496,-0.0853439,-0.022459712,0.4303213,-0.42215005,0.03600681,0.08238188,0.124572165,0.06685935,-0.07500475,0.31985724,0.01666517,0.46513852,-0.037067194,0.12252687,-0.026923565,0.11311019,-0.2081663,0.09312036,-0.31873003,-0.015902335,-0.29351196,-0.074944444,0.15630867,0.09487148,0.00043911918,-0.63544655,0.37264132,-0.20230034,0.069807604,-0.3696617,0.31439796,-0.02497222,0.36176947,0.09350121,-0.082060464,-0.41347113,0.0796078,-0.15509826,0.33133104,-0.014185689,0.33025366,0.054978326,0.10877308,-0.11091793,-0.12019082,-0.10191491,0.09750435,0.31141376,0.5410472,0.11344407,0.060643837,-0.1530951,0.02616021,-0.22465698,0.07571105,0.009213421,0.039975967,0.11581314,-0.32012317,-0.21780165,0.05850319,0.016303286,0.17973739,0.1420406,-0.1944518,-0.4595212,0.0720529,-0.11474351,0.22519475,-0.028082907,0.15046503,-0.020734793,0.10303976,0.04596589,0.19596486,0.13730007,-0.05334391,0.14839733,0.3426532,-0.02462458,-0.012101586,0.40315303,-0.009643193,-0.13770044,-0.049788408,0.35336608,0.5139458,0.14248694,0.123704456,-0.38037592,-0.12167888,0.004817273,-0.32749444,-0.40791553,-0.09496236,0.06277215,-0.37186265,0.2604269,-0.06364571,-0.065169714,-0.19311355,-0.12682611,0.16195124,0.07038436,0.1678814,-0.17119396,0.3095816,0.3322195,-0.07004362,0.11630821,0.14152731,0.026568279,0.09511304,0.05546837,-0.3219779,0.038960565,0.18631919,0.3544735,-0.08540332,-0.076857805,0.0028284534,0.20157167,0.18998986,-0.11502679,0.47965756,-0.5447358,0.11276358,-0.20507951,-0.31175956,0.07246232,-0.42089438,0.036046136,0.041324742,-0.122477256,-0.2681175,-0.18030196,-0.32051733,-0.30686438,0.18153243,0.22115822,-0.14422648,-0.097879626,0.4370688,-0.06638809,-0.4444563,-0.10959225,0.114950955,-0.074108094,0.17917754,-0.1163488,-0.21394749,0.099010654,-0.051052917,-0.15258726,0.0014695353,0.017140979,-0.05066087,0.3329348,-0.024079721
FLPKMSTKLRVPYRRGTKDYH,-0.019087883,-0.2471689,0.19483131,0.3795321,0.04811256,-0.28092256,-0.22371027,-0.08413763,-0.16314651,-0.21246968,-0.09448265,0.23639356,-0.025215207,0.12495953,-0.1562831,0.019982157,0.26281157,-0.06753808,0.14848758,-0.0852834,-0.1703513,0.01913136,0.022793313,0.022722343,0.06790887,0.3094327,-0.08003075,0.1743485,0.10602304,-0.075491995,-0.01331672,0.049891137,0.045354098,-0.33045104,0.11639402,-0.36785415,0.13940112,-0.08198392,0.24637099,0.08450061,-0.084490545,0.19517262,0.011945144,-0.009179288,-0.060939565,0.010746611,-1.4027549,0.21596469,-0.1763046,-0.10917087,0.019094618,0.09616462,0.34289065,0.06668347,-0.07291115,-0.19710092,0.10856411,0.044773456,0.03678766,-0.13543577,0.016764354,-0.07706885,-5.10706,-0.058451243,-7.69781e-05,0.051972974,-0.020972103,0.20006736,-0.21660788,0.25859934,-0.11720888,-0.0349612,-0.22329077,0.18896526,-0.12379588,0.02503982,-0.07966342,-0.22031966,-0.011631357,0.30802205,0.08960514,0.08404797,0.0786073,0.033343066,-0.10308062,-0.23373228,0.017937837,0.039394204,0.10873731,0.08260827,0.0157438,0.11607589,0.031793173,0.14324012,-0.14982815,0.17163515,-0.052413743,0.2981209,-0.031731687,-0.24845111,-0.020526197,0.07308183,0.013271284,-0.040715043,0.109125346,0.26264197,-0.018403621,0.16624384,0.11041491,-0.19640504,0.033665348,0.16248493,0.15024032,0.08905954,0.083808795,0.11994617,-0.008566859,0.03174522,-0.3547041,0.005427687,-0.021718172,0.040114254,-0.060986944,-0.027975293,0.14677635,-0.07245106,-0.06748772,-0.18792331,-0.023102673,-0.01048496,-0.07457771,0.032040812,0.1937888,0.08946583,0.0077238716,-0.020314261,0.0002425624,-0.14994647,-0.101993226,-0.061669704,0.35176733,-0.1509412,-0.17410967,0.06795446,0.03987596,0.05693527,-0.027510416,-0.17812152,-0.16156144,0.09020111,-0.16136104,-0.10448373,0.13240263,-0.20435238,0.119102,-0.08785341,-0.04606227,0.14290538,-0.027957475,0.1164118,0.04368864,-0.20949465,-0.07782154,-0.059073023,0.03133362,-0.043964453,-0.06298826,-0.03747514,0.018234588,0.121812075,0.014573986,0.19634786,0.13350995,-0.088439606,-0.018703718,0.18990691,0.19661412,-0.109091625,-0.16385114,-0.29128438,0.12295669,-0.30036372,0.09514334,-0.0064400895,-0.06739466,0.04997783,-0.30698472,0.17998871,-0.19388166,-0.18155529,-0.22982974,0.0657878,0.575544,0.20621575,0.12261496,-0.020786371,-0.1181943,0.09766107,0.012064978,0.4769726,-0.035613928,0.052594237,0.14655507,0.16901477,0.0034474211,-0.21929869,-0.11964249,-0.2966045,0.07252943,0.24479966,0.030639827,0.007483193,-0.15220678,0.18461433,-0.086169526,0.121709526,-0.034744557,-0.013391488,-0.070971325,-0.14209194,-0.41268414,-0.044335883,0.187563,0.014294842,0.07102855,-0.03919095,0.03443021,0.06989771,-0.058628663,0.15120293,0.008045267,0.04220441,0.23679933,0.17092918,0.16230245,0.20466462,0.36706203,-0.30280977,0.09146851,0.1377357,-0.20974264,-0.1929016,-0.15678462,0.09202872,-0.11216307,-0.013645504,0.29221544,0.26037896,0.13647231,0.15723759,-0.12828062,0.09520449,-0.09233139,-0.025627209,-0.18635346,-0.042649586,-0.102875374,-0.20725542,0.32311547,-0.35561427,0.09871073,-0.10571477,-0.025620678,0.03726041,0.08716175,0.04578538,-0.032356646,-0.02473922,0.2552459,0.096482284,0.105940364,0.15018702,0.22299677,0.120343015,0.030084932,-0.15580015,0.08012386,0.26241225,0.21866629,0.229909,-0.09825503,-0.12134351,0.051263094,-0.011391098,0.15620983,0.19586405,-0.2080601,-7.5422555e-05,-0.0690946,-0.3142382,-0.08756654,-0.17710105,0.36598352,0.08471884,-0.100431606,-0.20463254,-0.031111311,-0.053604547,-0.44462225,0.28335112,-0.0004627834,-0.039158825,-0.21173784,0.26093405,-0.0027193946,-0.045329303,-0.15644933,0.014723191,-0.14786212,0.0026598016,0.13647397,-0.081937894,0.13712057,0.15090577,0.052773528,0.17381309,0.0672202,0.123985484,0.19652574,0.018492864
GILKKFMLHRGTKVYKMRTLSKRSH,0.008902042,-0.19104128,0.19280325,0.3855368,-0.05434249,-0.3837894,-0.21550652,-0.06817608,-0.16037779,-0.17123511,-0.09477605,0.2688196,-0.12667143,0.21098106,-0.08061432,0.06698724,0.29796326,0.029484281,0.02374214,-0.0684907,-0.18937407,0.049165707,-0.029009234,-0.010644151,0.06562718,0.37722877,-0.14605428,0.2051654,0.16591406,-0.05850144,0.030285623,0.097127266,0.17113675,-0.32126614,0.15415601,-0.3432659,0.09633913,-0.15117197,0.21494566,0.14257583,-0.13132526,0.21550061,-0.017189527,-0.033519793,-0.15138453,0.008969776,-1.2648752,0.20054191,-0.16757248,-0.13443144,-0.014994742,0.059329834,0.17266281,0.010779315,-0.081458524,-0.22084123,0.08129702,-0.02768588,-0.046752613,-0.14959586,0.01697469,-0.088214464,-5.080932,0.015346632,0.015972603,0.08910514,0.027620852,0.15570639,-0.22559091,0.2916538,-0.056503743,0.012559682,-0.163395,0.16193876,-0.07542014,-0.010689318,-0.070427686,-0.13373908,-0.06099732,0.29658374,0.112751536,0.16086656,0.049051948,-0.048221998,-0.06513768,-0.3001572,0.013948999,0.019565798,0.10243797,0.12220807,0.0532073,0.04867742,0.08884577,0.0846283,-0.17381698,0.10709613,-0.11578321,0.3305838,-0.09535244,-0.22988889,0.048895337,0.059737887,-0.011582877,-0.016457733,0.1305331,0.31727046,0.00674761,0.17714445,0.093027875,-0.30711636,0.022168495,0.16941391,0.12986633,0.04200065,0.033883516,0.06538321,0.06529575,0.003504679,-0.2845023,0.008758723,-0.0449343,0.02203875,-0.073380955,-0.114351206,0.12955569,-0.026528558,-0.05887954,-0.17846164,0.021856258,0.063557535,-0.06623061,0.1098062,0.13284832,0.11886856,0.029890893,-0.037987743,-0.02121649,-0.11782056,-0.04406715,-0.090187795,0.33291224,-0.20370537,-0.26247573,0.10851693,0.133684,0.030506972,-0.015669478,-0.15575345,-0.19241752,0.15248318,-0.07375688,0.050756123,0.024497734,-0.18587084,0.0906702,-0.028951978,-0.02936372,0.16288577,-0.026104296,0.1350345,0.056771092,-0.17374547,-0.11331186,0.04795346,-0.02145838,-0.12233054,-0.053206373,0.028265819,0.015759856,0.04672255,0.014978791,0.17062207,0.21917206,-0.15139943,-0.024249768,0.20117089,0.20514329,-0.15782335,-0.20801073,-0.30185458,0.10905333,-0.30867887,-0.032376684,0.044666663,-0.09459513,0.12836522,-0.32772171,0.19962205,-0.18785626,-0.11987362,-0.13500765,0.046966646,0.5193807,0.21622592,0.17605887,-0.0016419644,-0.06929772,0.15609747,0.008653747,0.6103677,-0.03529165,0.010787205,0.06777227,0.156901,0.01575716,-0.21042338,-0.07967052,-0.4369899,0.16088836,0.250995,0.1082533,-0.010317551,-0.11425826,0.14037682,-0.041045085,0.09441266,-0.029590638,-0.051441688,0.038563587,-0.12588364,-0.44285938,-0.007393389,0.23009703,0.093029596,0.1471264,-0.10859513,-0.0105286725,0.09294666,-0.045372676,0.19457108,0.038828462,0.002477186,0.2873531,0.14727701,0.22255307,0.25553143,0.36603057,-0.35283464,0.092447855,0.12461442,-0.1686771,-0.23608653,-0.12901728,0.06191456,-0.16130652,-0.06594109,0.35322106,0.19149187,0.14829138,0.10261492,-0.18193653,0.0916423,-0.1001307,-0.059416648,-0.2731338,-0.049786758,-0.16171278,-0.18177727,0.3554638,-0.33285853,0.0030837345,-0.098937325,-0.10125453,0.0049747815,0.0414517,-0.0037183498,0.02665974,-0.0899187,0.30233455,-0.027210535,0.08370336,0.15312788,0.21311967,0.1073954,-0.048299447,-0.12659687,0.11772133,0.23645765,0.27750656,0.18875568,-0.12544681,-0.059458565,0.04288613,-0.03619542,0.13081238,0.20040797,-0.13582475,0.11893625,-0.13936609,-0.31797484,-0.04153279,-0.15801641,0.28412315,0.08397271,-0.05546458,-0.28753754,-0.012877824,-0.10100228,-0.38094994,0.28591493,-0.018446213,-0.036792606,-0.23089921,0.31940418,0.011255271,-0.036783908,-0.104258925,-0.03865226,-0.2169698,0.026768299,0.1594992,-0.06227358,0.064606026,0.153286,0.024238734,0.15362126,0.014438488,0.045985777,0.1983967,0.032816675
FFGKVLKLIRKIF,-0.18275478,-0.02224042,0.23818965,0.3318425,-0.098633975,-0.2807571,-0.15733173,-0.03191886,0.058337092,0.030207364,0.15877126,0.17326157,-0.064106084,-0.010514722,0.08470807,0.031993277,0.12295036,-0.012853603,0.030592117,-0.088594094,-0.3010211,0.031624407,0.06500326,-0.25029862,-0.035846848,0.3259047,-0.026333125,0.1882951,0.4105889,0.066248395,-0.30308956,0.08264025,0.08586813,0.04084689,-0.011532692,-0.20326649,-0.004271388,-0.036718138,0.228716,0.30940548,-0.05339833,0.31385663,-0.337879,-0.15403332,0.27663872,0.11806229,-0.5711777,0.4607906,-0.11042895,-0.35036147,0.21904908,-0.21727253,0.22577888,0.12919761,-0.05890222,0.020354968,0.11504872,-0.04427493,0.14584227,-0.12075259,-0.11182885,0.06419711,-4.8623004,-0.012065504,0.036874305,0.21230297,-0.0702978,0.31891298,-0.23191468,0.01672055,0.14969078,0.058578257,-0.1721842,0.2419845,0.109758936,-0.21326824,0.0036933406,-0.15068763,-0.13067015,0.3904125,-0.08243826,0.19401585,0.20506477,-0.2943543,-0.12837332,-0.029795755,-0.0546806,-0.047739495,0.15196718,0.1524668,0.08221873,-0.07297102,0.11058488,0.030757062,0.053853568,0.00035055875,-0.11633359,0.11559073,-0.048857026,-0.14586547,0.25932175,-0.047138426,-0.34433895,-0.16436215,0.107937336,0.3334757,0.11003961,0.09203532,0.06247245,-0.09547462,0.19577946,0.19945964,0.18248542,0.09409812,-0.02374152,0.078609176,0.09896455,0.054245137,0.044308886,0.054463327,-0.10147093,-0.039735463,-0.20577809,-0.27564064,0.009983751,0.25609404,-0.061308388,0.02247696,0.28683844,-0.018387029,0.075831145,-0.030790891,0.13835022,0.13630684,0.0529178,-0.08392175,0.077167444,-0.20985848,-0.3203289,-0.2979304,0.19691812,-0.23920791,-0.2841721,-0.05955978,0.14115563,0.017330067,0.07921937,-0.28530136,-0.13373275,0.00056103466,-0.21039061,0.22365546,0.034799527,-0.09860025,0.08485342,0.0059277397,0.102297075,0.10431574,-0.19742909,0.2327297,0.15307777,-0.03468949,-0.23069221,0.09440952,-0.0040727933,-0.056291662,0.122806825,-0.057747737,0.06658516,0.12601429,0.0126413945,0.26873317,0.31418326,-0.23219438,-0.02901606,0.07156941,-0.010581493,-0.07273928,-0.17714217,-0.4485666,0.10640201,-0.3202068,-0.008134768,0.207345,-0.13182625,0.09080786,-0.14304152,0.115539275,-0.18263158,-0.15070875,-0.36951405,0.27733594,0.12574944,0.14860865,-0.12818785,0.2167735,-0.18414786,0.15855105,-0.09022497,0.517003,-0.11561742,0.19458333,0.34218082,0.32337224,-0.024991913,-0.097633235,0.017975245,-0.7147608,-0.048967768,0.08602867,-0.12460885,-0.00554608,0.3876561,-0.040772896,-0.13679273,-0.3631412,0.033796914,0.005093457,0.14634243,-0.2623035,-0.4214777,0.12149306,0.159773,-0.07201483,0.27213547,-0.14169833,-0.27998343,0.14521694,-0.036825135,0.02380567,-0.06967111,0.057896547,0.47442535,0.106969185,0.08719518,-0.0013668676,0.21315297,-0.19038266,0.21321991,0.12695184,-0.02753263,-0.058245573,0.05224931,0.029436843,-0.17516343,-0.1567774,0.2346442,0.2621422,0.12171861,0.019160867,-0.24058193,-0.04570772,-0.19517057,-0.26238593,-0.30787972,-0.17119198,-0.114301845,-0.13996777,0.40799302,-0.11029648,-0.10379024,-0.2802609,-0.08642218,-0.0470519,0.1371714,-0.07348672,-0.0286561,-0.11940612,0.34465364,0.037030324,-0.010630181,0.36215106,-0.19150826,0.1037476,0.17386393,-0.09945631,0.078928664,0.033840526,0.25166535,-0.050245285,0.17462659,-0.29735667,-0.059218213,-0.24450538,-0.0021786154,0.06780255,-0.2647795,0.10446036,0.07413571,-0.1343363,-0.049946405,-0.23051381,0.12526472,0.13260682,0.027117703,-0.3600193,0.064645,-0.3995971,-0.056144703,0.3500312,-0.112187,-0.10472992,-0.19202091,0.31550044,0.013268766,-0.11758511,0.05596963,-0.04866151,-0.23463503,-0.07419241,0.27830777,0.16707207,0.059795126,0.03467023,0.044866707,0.022149503,0.13848567,0.13922472,0.076466374,0.28217515
GRFKRFRKKFKKLFKKLSPVIPLLHLG,-0.3423881,-0.4357615,0.18989159,0.56230086,-0.19481544,-0.26196057,0.0109038865,-0.08878111,0.045967564,-0.05904521,0.013475033,0.16779704,-0.11159048,0.13927585,0.15864454,-0.017960114,0.18106222,-0.0849414,-0.15606597,0.17294952,-0.26381755,0.07317646,-0.10929602,-0.07299895,0.062425848,0.433258,-0.12982807,0.23211801,0.39047495,0.103467986,-0.0054572574,-0.07501734,0.23029743,-0.09229325,0.27328673,-0.21705267,-0.051572487,-0.21926153,0.31011122,0.21996652,-0.16342852,0.22134736,-0.16919023,-0.029261317,-0.01183301,0.025021693,-0.6186222,0.3899383,-0.12864992,-0.08808766,0.08265217,-0.20924006,0.0808549,0.0987227,0.026179353,-0.06292863,0.07977144,0.036013074,0.17912532,-0.3140365,-0.016325874,0.050955173,-4.7117963,0.09271994,-0.06597045,0.2372763,-0.026582027,0.23681812,-0.30378887,0.26464614,0.21263665,0.066902004,-0.29368457,0.08868425,-0.07133381,-0.14145075,-0.055076204,-0.051518846,-0.007030857,0.23140688,-0.18699275,0.21392632,0.20164031,-0.12314645,-0.050568663,-0.19173421,-0.038314894,-0.04902323,-0.03631326,0.26190698,0.25173333,0.19345127,0.046375718,-0.11228466,-0.20284607,-0.0016146487,-0.21349442,0.17025602,-0.24748074,0.060972296,0.32388178,-0.20327105,-0.36098716,-0.05647343,0.06644894,0.39267185,0.005823375,0.05368136,0.17002891,-0.28273493,0.2902699,0.14832331,-0.003765544,-0.15689148,0.16093232,0.16317116,0.06473917,0.14105433,0.06873533,0.09002208,0.022292174,0.07546157,-0.23576263,-0.19991477,0.07999213,0.30466878,-0.08681126,-0.11850669,0.28443548,0.051249526,0.084595375,0.033554286,0.07111357,0.13007975,-0.05700302,0.004539381,0.010164672,-0.09860096,-0.14343265,-0.14753522,0.23018256,-0.53606755,-0.23082694,0.040341172,0.23077516,0.18213612,0.040142708,-0.20453939,-0.116335735,0.16598777,-0.24282189,0.28569007,-0.0055270595,-0.12098649,0.0071356245,0.11174183,-0.05496926,0.13893555,-0.2109672,-0.02628643,0.11944432,0.046704374,-0.25336307,0.27944005,0.07724153,-0.09099789,0.008430369,0.02279347,0.11343802,-0.022746023,0.24172953,0.34981322,0.49866632,-0.42193383,0.17204732,0.20384164,-0.14345108,-0.09917138,-0.13245106,-0.32800624,0.34565118,-0.3988049,-0.0071104784,0.07347345,0.012034554,0.06895598,-0.38293555,0.22287284,-0.15581687,-0.16330698,-0.30169776,0.07153146,-0.27197063,0.26463166,-0.16196296,0.035779692,-0.08426673,0.22728448,-0.21008001,0.7504501,-0.22682184,-0.050814793,0.04237056,0.08146758,-0.07742433,-0.22109506,-0.013519836,-0.49917036,0.14755918,0.17622794,0.0873736,0.040355347,0.28815585,0.020338995,-0.030708933,-0.16310325,0.12051214,-0.12199393,0.079167575,-0.08697306,-0.42942345,0.07820458,-0.025207877,-0.16450289,0.41031325,-0.07139046,-0.14802481,0.15804501,-0.10128455,0.15215725,-0.11885961,0.02294788,0.33778054,0.41847768,0.13069709,0.027342234,0.19597103,-0.16015974,0.073040016,0.080392316,-0.21782507,-0.17694283,0.019444514,0.03962808,-0.27018628,-0.020800935,0.32276407,0.3325321,0.110107236,-0.08901846,-0.21381582,-0.14384098,-0.14409882,-0.15017653,-0.30279115,-0.0027336047,0.21167181,-0.19227904,0.32078874,-0.14575623,-0.058110345,-0.39938852,-0.14852265,0.017009778,0.068982966,-0.05261751,-0.06283015,0.030245716,0.3392336,-0.102204375,0.18592213,0.21396858,-0.101293884,0.19894399,0.02600865,-0.03947695,0.1921259,-0.13724543,0.44119197,0.058187723,-0.11566315,-0.17504025,-0.22201042,-0.2881934,-0.04135298,0.08369196,-0.4006405,0.030319817,-0.025783705,-0.2974749,-0.07488419,-0.18475421,0.24997261,-0.05126246,0.11741679,-0.35347536,0.16023281,-0.2565048,-0.13515389,0.28533456,-0.16543105,-0.12423377,-0.29757342,0.41582456,0.07245293,-0.029323302,-0.15638989,-0.13769622,-0.12276359,-0.029437978,0.374344,0.13850477,0.07025005,0.0027523781,-0.076308556,0.13607687,0.14935246,0.13074063,0.075604945,0.17471577
GFGSFLGKALKAALKIGANVLGGAPQQ,-0.108750835,0.15899983,0.123285644,0.17377491,-0.1297102,-0.14255355,-0.07552966,0.09361379,0.16857754,0.14938447,0.042168807,0.13516739,0.06876375,-0.120812744,0.23640448,-0.048193347,-0.09805203,0.03954473,-0.057005253,0.10083256,-0.43462607,0.12719034,0.050702464,-0.14859211,-0.10190757,0.1938475,0.17725411,0.045350354,0.2374985,0.19649006,-0.48641223,-0.35088366,-0.043708242,0.31552675,-0.058453746,-0.22839013,-0.07432671,-0.041974116,0.14081334,0.12568477,-0.11738509,0.18773651,-0.2501042,-0.068754576,0.4584815,0.07302118,-0.2992386,0.34506944,0.009470109,-0.3431164,0.096667044,-0.09168068,0.21426211,0.1050978,0.019445134,-0.0073744194,0.11485057,-0.057530716,0.15145756,-0.013759843,-0.17789271,-0.01579569,-4.835123,-0.10007398,0.12922545,0.102392115,-0.033439003,0.32014883,0.13035502,-0.11852288,0.09172075,0.1765451,-0.08685387,0.1056617,0.18838614,-0.26039866,-0.12422042,-0.061015166,-0.046985537,0.2730557,-0.06733039,0.050368465,0.16019918,-0.17686005,-0.32433397,-0.15181887,0.06391105,-0.20288964,-0.0083178785,0.17733383,-0.11339046,-0.008059611,0.21446836,-0.04738538,0.22496246,0.07390558,-0.009923663,0.08289946,0.02798692,0.04036242,0.32101187,-0.181065,-0.3741545,-0.138397,-0.06382228,0.14693871,0.11720966,-0.039409876,-0.13392134,-0.07139135,0.32586884,0.23694302,0.14237086,0.14761356,0.0039002504,-0.062636554,0.1269795,0.2439144,0.020859407,0.059374925,0.06019201,0.019050287,-0.18764624,0.23057717,-0.07440413,0.24663085,-0.24628334,0.13437584,0.19789647,0.17321323,0.13155809,-0.11498838,-0.14886351,-0.12825565,0.10292038,-0.1216307,-0.13180578,-0.08253635,-0.07744758,-0.0562108,0.03578205,-0.13769901,-0.18044771,-0.018306538,0.16383003,-0.10743031,0.14768912,0.11165645,-0.155144,-0.07801099,-0.04400034,0.13934769,-0.07100439,-0.14378229,0.07003536,0.22273053,0.06907195,0.03821655,-0.17557432,0.20742351,0.022235665,0.09430994,-0.13061067,-0.19148576,0.17174803,0.025598904,0.12227067,-0.079425156,0.14525588,-0.07181516,0.15881634,0.18366915,0.19697215,-0.35966867,-0.0015485287,-0.013600349,0.020794963,-0.120486885,-0.04286402,-0.11054519,0.04654537,-0.10221303,-0.12691022,0.2955356,-0.09635181,0.17586201,0.04278567,0.07672081,-0.031194849,-0.35189685,-0.14943221,0.25033355,-0.03313129,0.055933263,-0.15481961,0.28808555,-0.22058217,0.18889207,0.07049883,0.24867088,-0.21236347,0.29123276,0.3367723,0.32707858,-0.10738686,-0.03317234,-0.049996696,0.0723532,-0.20482287,0.03524728,-0.23795661,0.038124245,0.4206847,-0.034454715,-0.016745543,-0.41418725,0.057525173,-0.23540553,0.19967803,-0.08915234,-0.22817701,0.12687281,0.19130185,0.18679766,0.32782897,-0.15509905,-0.42579296,0.05948492,9.624197e-05,-0.257841,-0.12963285,0.06393774,0.46730003,-0.06842589,0.06854552,-0.23058382,-0.0025387066,-0.014989422,0.2196694,-0.13731709,0.18589205,0.013372567,0.18986528,0.039572664,-0.047128327,-0.19995,0.025260845,0.18504539,0.15705478,-0.02213743,-0.2306363,-0.15604304,-0.016709592,-0.11329688,-0.33252048,0.06637366,-0.0898598,-0.047562674,0.1526595,0.029237188,-0.19655034,-0.15531604,-0.11379752,-0.10952808,0.16397582,-0.12691289,-0.079817444,-0.047904547,0.39701158,-0.035782125,0.08757823,0.44553936,-0.18162009,0.1789622,0.1262243,0.018371232,0.13622274,0.07318821,0.020909684,-0.06466712,0.091630995,-0.40507925,0.04626211,-0.34021133,0.033040956,0.21473342,-0.15147975,-0.12619346,-0.2807501,0.04095576,0.031511113,0.057458844,0.10445909,0.15681978,0.13715072,-0.14153147,-0.25078171,-0.19341512,-0.043031525,0.26359555,-0.3005905,-0.062573954,-0.09855588,0.15910943,-0.0037435233,-0.35199744,0.26058778,-0.30169624,-0.2453679,-0.12135121,0.12696683,0.35131684,-0.14925905,0.01749021,-0.02537849,-0.23622972,-0.04920523,0.20590407,-0.13606314,0.066717334
GVIIDTLKGAAKTVAAELLRKAHCKLTNSC,-0.08014943,-0.020956133,0.09668786,0.10736658,-0.04500972,-0.08434217,-0.15536863,-0.032924764,-0.06470526,-0.011040119,0.0054308567,0.1939228,-0.07861665,0.06615226,0.022558738,0.03098544,-0.0025947765,0.036158547,0.119441904,0.106588736,-0.17314976,0.07167944,0.06953704,-0.057232745,0.07966106,0.18791644,0.18640396,0.037508607,-0.007422967,0.028763406,-0.21519233,-0.08080657,0.003770914,0.010539651,0.04185519,-0.17194384,0.08268555,0.015803505,0.3738578,0.11969659,0.014776847,0.22137426,-0.058988504,-0.053293005,0.09507872,0.1903727,-0.7682759,0.23872538,-0.115142465,-0.21232003,-0.012833296,0.009203799,0.046944704,-0.06300984,-0.0466692,-0.119866885,0.0054129455,0.045620456,0.13454625,-0.045535557,0.021709561,-0.12622245,-5.2254934,-0.15744165,0.03251475,0.16516544,-0.0555732,0.1139675,-0.038372673,0.007932848,-0.16703787,-0.024061268,-0.013953561,0.16298991,-0.06658827,-0.042834263,-0.13024002,0.023993822,-0.11153232,0.23232934,0.11076024,-0.026435576,0.053231426,0.003226038,-0.14987135,-0.2448275,0.03801128,-0.10027711,0.092639245,0.036767926,-0.11354522,-0.1231203,0.13053276,0.033956833,0.08751771,0.14226246,-0.032169864,0.16471824,-0.087946445,-0.16465655,0.105796605,0.034081448,-0.1056204,0.08673115,-0.072246134,0.17392212,0.046945225,0.040251885,-0.08396424,-0.047387466,0.16013287,0.16514573,0.07888801,0.11015853,0.11814701,0.14618959,0.05913969,0.10603331,-0.12516353,0.015468001,0.011951703,0.010854648,0.071502894,0.014842013,0.11327745,-0.02389236,-0.10046464,-0.062353566,0.11877682,0.22138953,-0.037593067,-0.07605778,-0.003395727,0.041621674,0.04053746,-0.112722956,-0.026801694,-0.118898414,-0.071612984,-0.19802506,0.08606225,-0.148209,-0.19934094,0.015871067,-0.03165452,-0.056334786,0.04830277,0.0289382,-0.12962605,0.14657936,0.09612255,-0.047274455,-0.018668849,-0.16388112,-0.12847267,-0.037688576,0.11144261,0.10494807,-0.004756687,0.23661241,0.043689042,-0.020458363,-0.040311962,0.008037079,0.0078098234,-0.1454804,0.038468882,-0.07429441,0.028047198,-0.033225,0.027249064,0.21530418,0.026509043,-0.20060591,-0.1126747,0.1444302,0.28082585,-0.12353599,-0.21280147,-0.0026219003,0.088185556,-0.26299372,-0.026356211,0.17411846,-0.012685941,0.023431838,-0.12673233,0.13200143,-0.020521855,-0.1665329,0.0076709986,0.09983037,0.45554328,0.14319949,0.04085175,0.19880772,-0.06878282,0.12270956,0.07720776,0.22909486,-0.08389893,0.18178149,0.19227716,0.14268258,0.05428729,-0.02455943,-0.08270122,-0.08423668,0.087284,0.06859547,-0.054116827,-0.050900005,0.11101207,0.054297805,-0.017609147,0.026274953,-0.13031974,-0.093336,0.12354826,-0.0741575,-0.22594029,-0.007136833,0.22557062,0.27985564,0.050121058,-0.08521495,-0.2050986,0.079788715,-0.0064306073,-0.008566406,0.064595245,-0.030278232,0.20250213,-0.023420412,0.11665216,-0.022070015,0.01946657,-0.11932173,0.13448533,-0.05494799,0.02523404,-0.09069826,0.104409896,0.0048570875,0.011076067,-0.084097505,0.14057961,0.06134274,0.17175657,-0.038283754,-0.07451069,-0.00018240977,-0.076165855,-0.014643572,-0.16414942,0.07188633,-0.19249426,0.06395486,0.05042296,-0.006208337,-0.055810235,0.08213108,-0.11783287,0.0032242662,0.06938723,-0.13850716,0.0011120196,-0.10392048,0.20390752,-0.12667178,-0.028327256,0.12320629,-0.067010574,0.16184151,0.03355748,0.023951072,0.011363498,0.16051748,0.0027267085,0.022093533,0.036055557,-0.07985252,0.15135211,-0.09574622,-0.04168608,0.39318043,-0.13163105,-0.028408527,-0.23844819,-0.093010545,-0.035347577,0.02234728,0.20221336,-0.008652486,-0.019133128,-0.050363854,-0.13916537,-0.04746657,-0.13784012,0.17622799,-0.031794608,-0.04873451,-0.11076811,0.157899,-0.012516163,-0.19409266,0.045161333,-0.21607618,-0.08143342,-0.094096765,0.017606873,0.21780159,0.015737876,-0.043534826,0.09710038,-0.17242146,-0.13885887,0.07828981,0.06031108,-0.0005182809
GLKEVLHSTKKFAKGFITGLTGQ,-0.14039385,0.17223506,0.16431683,0.13384528,0.011960933,-0.1626533,-0.013076126,0.12650403,0.03506981,-0.010533631,0.042539455,0.05578058,-0.023863547,0.08794948,0.12188295,-0.0058197677,0.07753566,0.021117834,-0.13636288,0.1356571,-0.31416625,0.048416425,0.08064463,-0.15956798,-0.09533975,0.17340904,0.12913501,0.13996112,0.12191707,0.1479396,-0.3523377,-0.06871886,-0.1111912,0.13016085,-0.0100091025,-0.04306157,0.0055768634,-0.07762835,0.10509436,0.072457254,-0.12548876,0.17534687,-0.2572,-0.10284757,0.26930705,0.08381888,-0.3991026,0.2848063,-0.05877629,-0.31558743,0.029416725,0.08865163,0.11945703,0.19924627,0.07200741,-0.12430987,0.067464255,-0.08142794,0.08177162,-0.041244376,-0.11124878,-0.045627818,-4.9476085,-0.10009939,0.04588412,0.19869591,0.041143466,0.25760123,0.011966245,0.11352411,-0.05363316,0.0960339,-0.111028135,0.23605789,0.19660664,-0.08546076,-0.12998366,-0.14755316,-0.11847795,0.24647182,-0.0051522017,0.09696815,0.21023539,-0.12255334,-0.16607699,-0.062595524,0.0755452,-0.13141218,0.0114767365,0.09695795,-0.03960882,-0.17307788,0.17490852,0.04727737,0.13949086,0.026372833,0.031233687,0.021098565,0.004137719,-0.00818857,0.27288944,-0.05396143,-0.22454187,-0.09052215,0.04296076,0.30063203,0.14363407,-0.013869212,-0.16519521,-0.09186786,0.15915021,0.10214236,0.09252044,0.0708645,-0.19587108,0.123509474,0.14118645,0.20585625,-0.14088205,-0.13225074,0.08723852,0.04116087,0.011225891,0.017997645,-0.01577513,0.2579263,-0.30431116,0.035514247,0.20239776,0.15568769,0.054538216,-0.082014464,-0.050253488,0.024551468,0.05415459,-0.20048487,0.01689031,-0.16571733,-0.016900567,-0.116286755,-0.02885653,-0.13745175,-0.18909606,-0.06824968,0.12284027,0.12296151,0.13394937,0.00014646292,-0.13617128,0.04058733,-0.04344513,0.069427,0.028141484,-0.07897914,-0.034398824,0.13997127,0.13978155,0.105463915,-0.06238352,0.08415454,0.11627378,0.017565586,-0.0813491,-0.15983866,0.11886005,-0.17439836,0.07609804,0.08790039,0.018425738,0.07247488,-0.09381977,0.21207352,0.18096282,-0.24270369,-0.2043102,0.12984419,0.113075964,-0.091628596,-0.20514156,-0.21493576,0.13789989,-0.28967193,0.03099376,0.30804902,-0.19558425,0.14669718,-0.024874983,-0.07644558,-0.08151367,-0.25488776,-0.1434219,0.14665243,0.13245721,0.008479319,-0.10065631,0.29929015,-0.0650515,0.18153542,-0.00063488365,0.4785419,-0.18030778,0.2272889,0.23858635,0.23466131,0.05017079,-0.044992723,-0.06029006,-0.26353222,-0.10804575,-0.041588686,-0.11276826,-0.121399276,0.28834572,-0.025031831,0.11476829,-0.2562718,0.0060591716,-0.28012645,0.08606267,-0.1600367,-0.42769715,0.25388417,0.117350504,0.17820972,0.18204407,-0.08494564,-0.33067885,0.10476681,0.026998496,-0.13712229,-0.0067780567,-0.08065554,0.37379357,0.06563865,0.021880865,-0.12411033,0.22219637,-0.15246429,0.2497383,-0.059962437,0.043266956,0.07612794,0.08992527,0.008279167,-0.0023024036,-0.05080801,0.16464035,0.04209008,0.20213482,-0.012348337,-0.17212418,-0.08075965,-0.11306632,-0.09199409,-0.2771401,0.055066362,-0.17577961,0.027107866,0.22043316,-0.0097905835,-0.12249215,-0.050031323,-0.10611649,-0.10305865,0.25393838,-0.08189517,0.038495135,-0.1341224,0.26161388,-0.22686459,0.0042362916,0.3295636,-0.19665726,0.08747222,0.054043937,-0.023947265,0.1352151,0.10952692,0.07287504,-0.037292972,0.09374655,-0.33728528,-0.040140044,-0.22414868,0.05636937,0.14472568,-0.13741659,-0.0191919,-0.15449864,0.03376955,-0.14122146,-0.038975906,0.18172017,0.12179735,0.10385241,-0.15063749,-0.1791687,-0.13294487,-0.05892091,0.24266201,-0.1951536,-0.028284354,-0.15645066,0.12049229,0.090848796,-0.17799294,0.21274446,-0.17335974,-0.23308128,-0.17518508,0.23699398,0.24548824,-0.1027528,0.019786358,0.109745026,-0.20278116,0.01086132,0.14845103,-0.039058384,0.02986197
GMATAAGTTLGKLAKFVIGAV,-0.021197045,0.40965357,0.15635653,0.16068617,0.020850673,-0.1361792,-0.054426525,0.029865496,0.029354816,0.011704776,-0.045546748,0.051870927,-0.028236177,-0.11796458,0.118498944,0.049587384,-0.20846458,0.15338321,-0.11750791,0.16569443,-0.2873199,0.13839158,0.13548008,-0.17261367,0.10603691,0.17275421,0.15229422,0.028522126,0.091597214,0.21169743,-0.43263486,-0.39926445,-0.08867735,0.19441196,-0.020474343,-0.18155189,-0.07260029,-0.018866116,0.21432155,0.051213596,-0.07681421,0.06618719,-0.13966224,-0.113772415,0.40077996,0.11697946,-0.34055436,0.34355587,-0.09910204,-0.3884522,0.013407283,0.06700393,0.15519293,0.09960784,0.050715808,-0.09839972,-0.01597059,0.0027661389,-0.0015984178,0.057776056,-0.0528878,-0.10325101,-4.941445,-0.119080044,0.16149727,0.14454561,0.017519882,0.45391083,0.27288187,-0.030504081,0.07840994,0.12003034,-0.019509796,0.032868013,0.16011854,-0.2001925,-0.2566699,-0.008089125,-0.010663803,0.2808124,0.08327612,-0.084278405,0.14842784,-0.1472988,-0.21400099,-0.22664748,0.082257435,-0.26067704,0.101867385,0.062220853,-0.14361139,-0.033781275,0.19772685,-0.08717446,0.27710637,0.068660766,-0.008278797,0.05343592,-0.08701138,0.02243178,0.13842316,-0.09879189,-0.21148957,-0.06586255,-0.051745974,0.21650907,0.2248168,0.007047216,-0.1822873,-0.13820326,0.17283386,0.18684682,0.06304454,0.20166965,-0.03910245,0.0049374686,0.18926619,0.19859758,-0.13394654,-0.069617994,0.121036366,0.0015468312,-0.1434706,0.22601947,-0.010638934,0.2564344,-0.19526084,0.2247885,0.2626104,0.22045304,0.121134415,-0.002031288,-0.26960778,0.05422351,0.116352245,-0.06319375,-0.24242365,-0.17858347,-0.05732857,-0.035100605,-0.06890453,-0.110304065,-0.3140409,0.049502477,0.06257039,-0.029057777,0.17879762,0.11009063,-0.14901756,0.008607363,-0.035211608,0.04694411,0.009734014,-0.057020586,-0.03617389,0.08915748,0.13349402,0.08720225,-0.09669794,0.28294048,0.03554159,0.030968288,0.039083827,-0.20753506,0.12371595,-0.052174665,0.15321219,0.034424555,0.065397635,-0.033354584,0.027598282,0.19839472,0.1959697,-0.29755569,-0.15277925,0.051161267,0.18324386,-0.16243146,-0.24485552,0.036602575,0.13437696,-0.14848748,-0.113059424,0.25549182,-0.12866914,0.09690632,-0.020580638,0.011933705,0.021426586,-0.24212159,-0.15540127,0.18918502,0.16067663,0.022834076,0.02263129,0.28902173,-0.09858785,0.16053167,0.07518599,0.19516872,-0.30114374,0.2737507,0.3957971,0.23634405,-0.044289906,0.04050274,-0.09431257,0.12699555,-0.1917004,-0.11755824,-0.19458103,-0.053506516,0.37640378,0.004769872,0.0070703393,-0.31097415,0.03667807,-0.16946661,0.17724168,-0.07259297,-0.2731989,0.18736994,0.14691846,0.3517419,0.14998841,-0.17908911,-0.40382785,0.16312455,0.05756623,-0.16751923,0.075735606,-0.12165411,0.28267956,0.07680046,0.17400508,-0.21831572,0.05734001,-0.14184606,0.24103563,-0.21810457,0.15161577,0.06700921,0.13267498,0.02335339,0.06685226,-0.1902469,0.11693853,-0.048952993,0.24759181,-0.034684543,-0.2361251,-0.08433913,-0.03328438,-0.106809795,-0.2814844,0.06475846,-0.23342367,0.053386476,0.14370613,-0.047934026,-0.2742587,-0.06457068,-0.030441867,-0.0642334,0.31874844,-0.19863938,-0.036277596,-0.15636323,0.22174661,-0.24074678,0.046234213,0.18664883,-0.2195872,0.041264653,0.11318729,0.0750076,0.10845367,0.19828235,0.028887963,-0.011204839,-0.06748685,-0.29057473,0.09687346,-0.3170595,0.07917629,0.31299356,-0.078991845,-0.18794279,-0.4768935,0.036575466,-0.019873085,0.08927588,0.04913245,0.20260271,0.01830136,-0.11923094,-0.20972082,-0.13399711,-0.04841416,0.20255868,-0.15974738,-0.042982806,-0.15149373,0.12530747,0.09548757,-0.41806844,0.22745383,-0.252326,-0.27812937,-0.084521845,0.057380747,0.45726582,-0.20798282,-0.01313498,0.045194678,-0.28727645,-0.032592762,0.14917125,-0.12811841,0.05618889
GFWTTAAEGLKKFAKAGLASILNPK,-0.13006738,0.14753214,0.06649193,0.120496064,0.028374037,-0.036346413,-0.003939288,0.053346608,0.04362115,0.035687037,0.050213177,0.04179195,0.050634835,-0.010200203,0.15969509,0.033961967,-0.058651272,0.010923923,-0.027385946,0.08965093,-0.3830209,0.15644382,0.0589651,-0.15860938,-0.09348723,0.17279431,0.21085845,0.0466634,0.06529065,0.14890334,-0.43121445,-0.19762488,-0.032555524,0.24588776,-0.049509898,-0.07688276,-0.080927745,-0.06880134,0.20406473,0.12355444,-0.07776742,0.12404556,-0.17808922,-0.025433078,0.27134708,0.13062419,-0.39624235,0.29597402,-0.0046222033,-0.34691608,0.043637045,0.04495232,0.19424833,0.08661238,0.021336542,-0.034969967,0.14660256,-0.071869224,0.2816608,0.021046046,-0.06114714,-0.06337719,-5.053424,-0.08620664,0.1490499,0.15141462,-0.06386306,0.19644533,0.039362017,0.039840292,0.014096988,0.16225447,-0.08555317,0.12108567,0.10475544,-0.10029105,-0.054934114,-0.07927904,-0.032136846,0.17362691,-0.028856898,0.033594783,0.089609146,-0.13090427,-0.09000143,-0.14224948,0.13382359,-0.23404545,0.09106306,0.20258228,-0.10283109,-0.020578932,0.24409011,-0.0038237395,0.19122496,0.12369218,-0.033786602,0.021725774,-0.076230526,0.019656742,0.2559131,-0.057025626,-0.3313745,-0.028111445,-0.0043640356,0.18907784,0.13437645,-0.03906801,-0.1484277,-0.14406121,0.20543918,0.21336715,0.03865873,0.043454006,0.03789446,-0.051828925,0.079794884,0.16355327,-0.012611441,-0.069123685,0.13175367,0.026521837,-0.031739235,0.09466849,0.04307213,0.28680575,-0.24146062,0.19990253,0.14336926,0.0987354,0.07549883,-0.07873631,-0.043351594,-0.04435167,0.13563259,-0.1274233,-0.025936607,-0.13111462,-0.09056741,-0.15570891,0.081636526,-0.085579626,-0.16734007,-0.03775617,0.10773927,-0.05950844,0.17218773,0.08271907,-0.1810839,0.031029312,-0.03595604,0.00615231,-0.07934157,-0.058952563,-0.0018914894,0.119349055,0.088307776,0.1416409,-0.046053402,0.16758728,0.07943772,0.13336577,-0.0012249419,-0.09110319,0.108197056,-0.0728388,0.12237946,-0.13926499,0.07262119,0.06951301,0.035522472,0.22234799,0.08282827,-0.30491012,-0.09992829,0.121964045,0.07176898,-0.03142798,-0.17144662,-0.0017741146,0.21094495,-0.2893231,0.02936488,0.16558209,-0.11605229,0.13074945,-0.004746171,0.07175824,-0.035143845,-0.31736988,-0.121119834,0.16441508,0.012623974,0.06540002,-0.15566795,0.28462848,-0.09686588,0.21306288,0.046748646,0.22813518,-0.169131,0.23175935,0.3003738,0.34921724,0.048558783,-0.07213774,-0.06734445,-0.07809845,-0.18303214,-0.103160016,-0.17276885,-0.12621185,0.36116797,0.10842496,0.11687851,-0.33677003,-0.08250454,-0.21808335,0.12468495,-0.15804647,-0.23415354,0.07682729,0.109354734,0.1397214,0.22843827,-0.13252093,-0.26987198,0.07299449,0.056777623,-0.18148501,-0.036470238,-0.079374254,0.30803755,-0.06761599,0.13393691,-0.16799796,0.04190394,-0.035493493,0.15885985,-0.07257855,0.05708691,-0.010130781,0.079676814,0.07695584,0.10022848,-0.11673608,0.093212925,0.009428469,0.16897516,-0.07472447,-0.06988753,-0.027426997,-0.12501642,-0.08300924,-0.25075048,0.11837597,-0.04525878,0.044592373,0.15028845,-0.10308245,-0.15805161,-0.10754638,-0.092339694,-0.01680307,0.15315717,-0.11819534,-0.06850079,-0.06278118,0.32635456,-0.18124999,0.012766761,0.26906377,-0.29806837,0.088238135,0.060311586,0.116681874,0.08605475,0.06604888,-0.084261306,-0.09401561,0.08664851,-0.2480074,-0.030917108,-0.35409677,0.0858993,0.19692516,-0.08611948,-0.13270219,-0.22287016,0.022164622,-0.09921379,0.06006585,0.14046341,0.07839981,0.08883766,-0.07074673,-0.1596194,-0.18597129,-0.01018618,0.20160714,-0.2033025,-0.04021509,-0.15004137,0.17482364,-0.003969612,-0.30746895,0.2010706,-0.38139477,-0.18993904,-0.16554621,0.076271236,0.2981224,-0.08748383,-0.004277596,0.11655026,-0.24780072,-0.043307766,0.19073227,-0.11943855,0.043582425
GVWTTILGGLKKFAKGGLEALTNPK,-0.16552766,0.23582944,0.15463737,0.2629359,0.006584949,-0.18457843,0.0032642295,0.023013124,0.11899689,0.06760611,0.04477215,0.05107688,0.04140721,-0.06125772,0.33473518,-0.082486354,-0.07021212,-0.014548498,-0.11948467,0.05707623,-0.2514581,0.058359224,0.1645564,-0.23637186,-0.01232543,0.15569061,0.0990656,0.09014981,0.1357922,0.10305727,-0.40201956,-0.19395746,-0.08665357,0.32007715,-0.09968031,-0.09282463,-0.17805187,-0.07878698,0.0408876,0.1145957,-0.105297126,0.18462442,-0.33602658,0.02766944,0.39806634,0.02605449,-0.26238826,0.42679793,-0.085820146,-0.35764888,0.082735494,0.03109102,0.16091193,0.22315015,0.08353009,-0.07279961,0.15078388,-0.062312644,0.1691264,0.06522802,-0.041279815,-0.06697937,-4.853504,-0.0890992,0.12930386,0.20425482,-0.0019213988,0.32355097,0.07433146,0.020249236,0.10486499,0.14852588,-0.08499208,0.20286214,0.13259088,-0.15107754,-0.12444729,-0.12900068,-0.06347727,0.25432757,0.017321326,0.07078427,0.21170472,-0.15869904,-0.18719196,-0.0031200824,0.030397154,-0.27866304,0.037350137,0.18933679,-0.13494828,0.0024455,0.28956,-0.03653048,0.2618218,0.076560654,-0.024811588,0.0011837295,-0.037176494,0.03267128,0.28710312,-0.10970588,-0.36319536,-0.0905258,-0.017618824,0.25957587,0.121664725,0.02012401,-0.18591732,-0.074159004,0.18424931,0.103393205,0.12788,0.08155316,-0.09132865,-0.074484915,0.14565545,0.09625704,-0.029044041,-0.018056728,0.096267685,0.061448857,-0.0873501,0.21594428,0.07769503,0.37133402,-0.23769392,0.1828414,0.30908522,0.105702914,0.03608513,-0.07439564,-0.16060649,-0.0063055223,0.056376547,-0.19193715,-0.07826244,-0.09108844,-0.03416372,-0.13753459,0.01341942,-0.13124044,-0.09471842,-0.034387205,0.109852985,0.039191313,0.16018711,-0.049516797,-0.1015956,0.051113438,-0.04184987,-0.0025033245,-0.03337616,-0.13163422,0.039581634,0.18959652,0.10925635,0.12163763,-0.1484889,0.09598488,0.03362953,0.08432556,-0.027740596,-0.08227827,0.18969958,-0.014999413,0.21791229,-0.04666164,-0.02306554,0.06559371,-0.06702492,0.20531206,0.20015202,-0.31175777,-0.17905591,0.12435021,0.06148872,-0.12775414,-0.26339966,-0.09058257,0.18236497,-0.2147416,0.07869035,0.27764788,-0.14085814,0.107543916,0.025729557,-0.058130093,0.04840947,-0.34425694,-0.14101914,0.16958843,0.0070443903,-0.032093577,-0.13680932,0.2831142,-0.14285006,0.17826936,0.019844256,0.36823958,-0.2450054,0.26777494,0.30408615,0.28846642,0.03705425,-0.06575526,0.0039833607,-0.066375226,-0.13086449,-0.12187117,-0.28607878,-0.049966175,0.44587848,0.020847125,0.03479649,-0.3642978,0.015848026,-0.2411626,0.13576777,-0.08510618,-0.30625683,0.1011065,0.04728829,0.20711468,0.27669406,-0.1770053,-0.3330831,0.10077658,-0.0042027743,-0.2246151,-0.0709806,-0.050626785,0.34420294,0.013158701,-0.00072318094,-0.20483182,0.02422448,-0.10605412,0.17871584,-0.14747153,0.12446694,0.009594383,0.15893964,0.018013205,0.086497836,-0.13028614,-0.008570087,-0.050119977,0.16969897,-0.10111779,-0.21534052,-0.06401364,-0.102958694,-0.009049539,-0.2402638,0.04848129,-0.09443045,-0.013912338,0.1356627,0.059387878,-0.20041734,-0.11896679,-0.16298683,-0.068667024,0.14058346,-0.046488557,-0.076544106,-0.15405557,0.31042603,-0.18724024,0.06852856,0.33965206,-0.27450252,-0.009002455,0.110999934,0.027853264,0.12945236,0.19055623,0.09887805,-0.098802656,0.13294792,-0.42556363,0.05159174,-0.36671302,0.008842291,0.047356825,-0.102513686,-0.11536769,-0.22991847,0.058269195,-0.0775464,0.0044801855,0.16017419,0.15126182,0.068590455,-0.1696479,-0.23169616,-0.23124172,0.11695018,0.15439275,-0.26963913,-0.045366365,-0.12676513,0.008141792,0.08724145,-0.23882449,0.2574678,-0.13519198,-0.17790312,-0.17108592,0.094032004,0.3083588,-0.20851009,-0.027386604,0.11121659,-0.17037837,0.014726186,0.21531808,-0.12823036,0.12156119
GFRDVLKGAAKAFVKTVAGHIAN,-0.11857094,0.29979622,0.14419226,0.10062746,-0.0013452006,-0.079787746,-0.04374452,0.03459747,-0.0021326982,0.09618388,-0.061066438,0.05365496,-0.057664946,0.01303446,0.128607,-0.047290288,-0.0978824,0.08840599,-0.04879662,0.16187158,-0.33954433,0.042813778,0.13615038,-0.16436127,-0.07205696,0.10975793,0.16386808,0.16865654,0.027761359,0.1596651,-0.40890586,-0.24722435,-0.04204673,0.24518383,0.032839343,-0.13618474,-0.019737858,-0.042770483,0.10321206,0.054311458,0.026242936,0.14970127,-0.16904992,-0.031751733,0.2940581,0.06572826,-0.26899195,0.22764525,-0.054542337,-0.4096917,-0.032143343,0.060183156,0.1764721,0.11047802,-0.07145428,-0.062234163,0.07303234,-0.04429647,0.199442,0.06701143,-0.027376626,-0.09814133,-4.9432225,-0.14425218,0.1834693,0.26273462,0.010476453,0.1811747,0.15364607,-0.0060016345,0.040439826,0.11529302,-0.007999509,0.16491291,0.075157546,-0.13555929,-0.12864031,-0.056347065,-0.09833977,0.2976101,-0.019412864,0.09148159,0.11912417,-0.17980154,-0.23724322,-0.14876266,0.06784054,-0.28094414,0.10305034,0.09802542,-0.1124259,-0.070895016,0.30976596,0.032935295,0.19696537,0.035183143,0.057251647,0.028690482,-0.104135245,0.076204844,0.31026277,-0.05679737,-0.17594914,-0.025652241,-0.04853957,0.23584,0.18602267,-0.02502351,-0.17143126,-0.024867235,0.13938098,0.06898336,0.067702025,0.089930475,-0.09983078,0.022649698,0.08472662,0.2789123,-0.11155226,-0.029784026,0.16322218,0.060664896,-0.12098149,0.13910066,0.10807391,0.22131743,-0.26558083,0.06178586,0.2696986,0.18800642,-0.056131717,-0.08357674,-0.1326562,-0.050742015,0.041986443,-0.21881767,-0.0026889585,-0.12535244,-0.111676425,-0.0897309,-0.12098655,-0.08816374,-0.20991695,-0.009282436,0.023917122,0.080919676,0.19304298,0.11131335,-0.13273473,-0.092833646,0.010778108,0.03020641,-0.026535442,-0.06561587,-0.014825943,0.1717646,0.1255123,0.08733064,-0.15348007,0.17347245,0.14456104,0.021434732,-0.003003558,-0.12213415,0.1405746,-0.13460942,0.09158682,-0.03312428,0.0037344063,0.028201222,0.01112947,0.17580768,0.16953772,-0.2841073,-0.1345967,0.11746135,-0.028961968,-0.12060537,-0.25808257,-0.05275908,0.06410676,-0.12889162,0.011990627,0.31338382,-0.20855759,0.08485044,0.116818294,0.027417446,0.04818319,-0.23624979,-0.19591835,0.17577323,0.21181093,-0.06466582,-0.09752414,0.39118212,-0.023701841,0.19168395,-0.093043454,0.31491002,-0.2110446,0.32099092,0.26967937,0.21421836,0.00402609,-0.018916251,-0.103344806,0.010948492,-0.05497893,-0.10157778,-0.11535076,-0.0042427815,0.4059665,0.020064356,-0.014286625,-0.28518298,-0.050324984,-0.22515163,0.11716914,-0.06287974,-0.3747937,0.12642935,0.14085665,0.2807315,0.25483727,-0.060615562,-0.26472756,0.086075135,0.019670965,-0.25194976,0.021489883,0.034013897,0.33879414,0.042437438,0.03229135,-0.15317477,0.14131987,-0.09977903,0.10813812,-0.17357777,0.11051869,0.03778998,0.116866685,-0.042610463,0.10242451,-0.10325459,0.077521846,0.067628354,0.20559646,-0.0425033,-0.1946323,-0.068150274,-0.17326505,-0.05782796,-0.21001881,0.051802546,-0.11698885,0.11420844,0.0704427,-0.027577272,-0.26092556,0.015503354,-0.033837453,-0.05224458,0.28798175,-0.25294763,-0.043591958,-0.07266361,0.262639,-0.2797798,0.08537895,0.21831559,-0.2901421,0.09363458,0.24633041,0.085053094,0.15067427,0.04056738,-0.022844715,-0.124766134,0.007276265,-0.30693743,0.033538684,-0.2788275,-0.00784658,0.27902505,-0.16289975,-0.14165245,-0.40916023,0.15328823,-0.096013635,0.04647432,0.09057528,-0.0072017205,0.12471178,-0.10574058,-0.22966135,-0.09888302,-0.06586036,0.13504307,-0.14376277,-0.03612375,-0.09913053,0.0742841,0.133778,-0.23262513,0.115948126,-0.30507633,-0.15510951,-0.13953097,0.13869646,0.2922526,-0.16043943,0.011523645,0.063385576,-0.289994,-0.09110021,0.21329743,-0.06281787,0.02593451
FFHHIFRGIVHVGKTIHRLVTG,-0.15617512,0.05270754,0.16995294,0.14843756,-0.2859576,-0.40644798,-0.13769495,-0.08759638,0.0034884214,-0.03164044,-0.005587445,0.079892464,-0.073595025,0.12212685,0.1030558,-0.017237976,0.18308763,0.06473852,-0.11469618,0.06253848,-0.081538185,0.052924633,0.1398596,-0.11531547,-9.112805e-05,0.13884063,-0.1180655,0.10627368,0.32323775,0.2670853,-0.25309035,-0.17803745,0.18426244,-0.2571019,0.17128374,-0.21970586,0.062195778,-0.042102847,0.14932078,0.0976477,-0.08136349,0.15035638,-0.2061289,-0.17668086,-0.0071481667,0.011506016,-0.63946575,0.38528618,-0.2579906,-0.32876995,0.04351574,-0.114772856,-0.0822841,0.13417326,-0.07787039,-0.08460794,0.013371413,0.07536832,0.03457131,-0.067777805,-0.046141613,0.011432753,-4.925314,0.04698235,0.008962906,0.32122636,0.20814897,0.38671374,-0.0029074529,0.27994546,0.023843335,-0.0661616,-0.21392787,0.110969424,-0.14668499,-0.29653376,-0.13591352,-0.07344372,-0.07924613,0.28131884,-0.11133369,0.235328,0.09093931,-0.18637973,-0.34211358,-0.0066525755,-0.0202378,-0.02513888,0.02933921,-0.1548612,-0.0073164995,-0.002327937,0.015031971,0.08994797,0.08203582,0.06882041,-0.07263086,0.123757996,-0.041871563,-0.15391392,0.29089597,0.10607925,-0.14816914,-0.11128899,-0.13310106,0.3228506,0.13506891,0.05141451,0.1913812,-0.044386577,0.08705607,0.16197711,0.08978536,-0.056402966,-0.08789412,0.27828115,0.17249769,0.27045873,-0.2954313,0.16396874,0.046613086,0.07137101,0.054422885,0.072342746,0.07081683,0.06447701,-0.1401691,-0.15120162,0.18146314,-0.013071664,-0.031103924,-0.017267883,0.0014411,0.122022055,0.15952617,-0.17546487,0.021243751,-0.14286573,-0.1688066,-0.064291775,0.10351122,-0.25716004,-0.15902248,0.024534712,0.17097759,0.21906881,-0.0018076698,-0.13300315,-0.19270325,0.050703887,-0.28433582,0.2986,-0.036351424,-0.08371389,0.14364082,0.17095017,0.122235745,0.11998293,0.015983501,0.075779356,0.08959797,-0.0374129,-0.17550485,0.013208049,-0.11214036,-0.32938305,0.06619396,0.20965236,-0.023017278,0.042485137,-0.02528471,0.26990202,0.28307053,-0.22337902,-0.10941244,0.04914722,0.1731594,-0.08869646,-0.12683536,-0.2296598,0.22533385,-0.2860844,-0.023239242,0.3044605,-0.15868764,0.0719214,-0.23256445,0.124340795,-0.11099102,0.028926075,-0.36354473,0.26681083,0.19356613,-0.058378126,0.101193346,0.16106914,-0.06008626,0.0599353,-0.24671726,0.72371155,-0.10516972,0.071209155,0.23713131,0.0040461146,-0.040692102,-0.033019792,-0.037975103,-0.18860953,0.18601795,0.33491573,0.15439503,-0.026021242,0.234315,-0.18641604,-0.17196125,-0.09150658,-0.012322038,-0.043567494,0.0012427717,-0.165459,-0.5538611,0.2360862,0.12046254,0.08111457,0.108178586,0.05269682,-0.25990796,0.17870784,-0.12020268,0.065138854,-0.0125047,0.013925622,0.35216236,0.11874777,0.023212528,0.030617788,0.53073925,-0.22046141,0.14734443,0.080295555,-0.14757554,-0.049746405,0.16570123,-0.03219378,-0.13481425,-0.049039055,0.29764745,0.12570618,0.19721778,0.018635869,-0.20014612,-0.15357745,-0.22149879,-0.22259049,-0.26072958,0.09521528,-0.0754689,0.068054,0.21211433,0.09161221,-0.24099702,-0.1081686,-0.05442968,-0.05339545,0.2230897,-0.040660676,0.16350792,0.10900799,0.3227722,-0.15616769,-0.02916645,0.20529394,0.015391353,0.04529948,0.09591671,-0.15047963,0.14426944,-0.024392314,0.2991705,-0.082456574,-0.09174136,-0.3229364,0.075154565,-0.088125706,0.10584197,0.059219856,-0.32429683,0.1044823,-0.24504276,0.022359664,0.1396512,-0.14609963,0.06687978,0.0031334732,-0.011841989,-0.3383802,-0.16196893,-0.11772976,-0.070277244,0.18445204,-0.18593705,-0.18950467,-0.2658303,0.25394484,0.17101337,0.044829946,-0.021836719,-0.02586236,-0.25604945,-0.054898947,0.30572015,-0.0043688575,0.0471824,-0.07023002,0.034489658,-0.057558883,0.012406892,0.015943315,0.079216294,0.09568729
SMLSVLKNLGKVGLGFVASKINKQS,-0.06620167,0.12143046,0.22877227,0.17661136,-0.07577209,-0.2715837,-0.15510686,-0.008431377,-0.061996125,0.06882558,-0.018042771,0.17128944,-0.11661674,0.11331025,0.022378564,0.0048099966,0.029836444,0.07364336,-0.0030448912,-0.011992572,-0.27195814,0.017702833,0.035294835,-0.21657951,-0.063934855,0.30984193,0.042299945,0.10678092,0.133539,0.12967092,-0.2806413,-0.016264958,-0.020273602,0.22513236,0.08937164,-0.21478756,0.15221338,-0.062288277,0.13854973,0.17226279,-0.27804634,0.1775321,-0.16052106,0.025852945,0.13695976,0.10979878,-0.70081455,0.2822367,-0.1195911,-0.20881656,0.15864718,-0.05102231,0.15170239,0.04534841,-0.08482533,-0.14574352,0.021829918,0.046257097,0.008936088,-0.07255783,-0.109921455,-0.08153655,-5.1111608,-0.11885255,0.006416473,0.07425792,-0.116751015,0.21989729,-0.030118452,-0.0077930205,-0.11282104,0.093818806,0.024561295,0.22565924,0.11335217,0.0011209602,-0.11469122,-0.08456339,0.019858679,0.29321244,-0.042890906,0.16532308,0.18694992,-0.082403995,-0.13926613,-0.17361848,0.05508875,-0.1508034,0.18750198,-0.023027854,0.03536564,-0.19081487,0.15659294,0.02081983,0.065730944,0.08702176,-0.08190653,0.013447084,0.02622216,-0.2061982,0.24901934,0.008401317,-0.2467332,-0.0589834,0.048566077,0.24339567,0.046145014,-0.044340603,-0.06971701,-0.08483377,0.15626125,0.2526983,0.08830246,0.08921145,-0.08133834,0.08171119,0.14676565,-0.018500164,-0.026273511,-0.04892037,-0.042727098,-0.07797879,-0.08125734,-0.12426095,0.05032952,0.18389855,-0.12776531,0.12789617,0.0035248382,0.20203291,0.057333138,0.042967778,0.05454586,0.08747161,0.01641657,-0.10125426,-0.043290112,-0.02143018,-0.22662157,-0.16601147,0.008789525,-0.16656046,-0.24083404,-0.116811,0.06977589,-0.0474073,0.15338877,0.07941096,-0.20679933,0.09986622,-0.030810568,0.072104834,-0.03806777,-0.043954253,0.03405976,0.082441285,0.024765741,0.020449944,-0.10036365,0.18111038,0.028633581,0.055218767,-0.118303426,-0.11532313,0.10269724,-0.14090498,0.09635459,0.040451694,0.1301734,-0.017849494,-0.0044612135,0.205452,0.18596472,-0.13343695,-0.025988095,0.18133743,0.09650358,-0.036113627,-0.1884403,-0.15550229,0.10569671,-0.19318199,-0.115820475,0.24291974,-0.20079924,0.25054336,-0.11849108,0.07788644,-0.06784926,-0.21608426,-0.105101444,0.12712,0.15239955,0.09637241,-0.09185893,0.19898309,-0.0120318895,0.23585881,0.15922377,0.43603727,-0.10113465,0.16178086,0.28887132,0.23431148,0.042024255,-0.018964564,-0.0017882509,-0.29476765,0.012290264,-0.051290862,-0.02115053,-0.061929073,0.12712482,0.11459354,0.036167644,-0.20425726,-0.016505731,-0.14879924,0.047507215,-0.14710517,-0.32646194,0.10746394,0.3016257,0.05564616,0.18000154,-0.017825047,-0.2609465,0.123766355,0.028385552,-0.00300469,0.07988366,-0.11065935,0.4085565,-0.08607474,0.17445825,-0.0022752015,0.14329106,-0.21905841,0.22114311,-0.045314938,-0.017668135,-0.031960066,-0.034241755,0.089661315,-0.16591136,-0.15196556,0.23000254,0.121357694,0.11608211,-0.070397474,-0.06578991,-0.018390259,-0.043243673,-0.14255796,-0.3561497,-0.0935044,-0.27212408,0.048280712,0.2541808,-0.08644897,0.0023476924,-0.13659562,-0.15129231,-0.14282615,0.11911589,-0.12164896,0.10988291,-0.29902127,0.28658196,-0.06185467,-0.060037453,0.22568458,-0.105264395,0.19674549,0.18169965,0.043986756,0.044360735,0.115807116,0.13000233,-0.03347293,0.11753658,-0.18635657,0.017567085,-0.14818642,0.04571314,0.29141492,-0.20909396,-0.04866187,-0.016842918,-0.062909596,-0.12614343,0.001425136,0.1821822,0.14287144,0.06523755,-0.11602232,-0.16705237,-0.21914104,-0.20213304,0.24885178,-0.04357352,-0.07220432,-0.14781342,0.21896578,0.009164073,-0.13626659,0.13424364,-0.105229765,-0.22999746,-0.009542001,0.1331132,0.17543551,0.036066797,0.010936294,0.046472687,-0.03470657,-0.061434675,0.17419885,0.0011817206,0.17586358
SMLAVLKNLGKVGLGFVACKINKQC,0.0024982856,-0.040049642,0.26004145,0.2659985,-0.18499072,-0.24075194,-0.2607972,-0.086253725,-0.10745464,0.0059892754,-0.10276054,0.27889675,-0.05939799,0.015436786,-0.059301894,0.06763134,0.007937676,0.13462846,0.08395281,-0.06342217,-0.25404856,0.011676991,0.0005548718,-0.070154734,-4.7948626e-05,0.40125814,0.01633973,0.005135462,0.095239766,0.0760695,-0.25482404,-0.077002116,0.13844721,-0.05883858,0.13697602,-0.36534393,0.07807355,-0.09681459,0.261811,0.22597532,-0.22543123,0.2550651,-0.08197144,-0.003694043,0.023048375,0.111895435,-0.956784,0.2815483,-0.2187854,-0.18855163,0.1659209,-0.07737465,0.068494424,-0.0167564,-0.16313417,-0.12525025,-0.01892228,0.081018254,0.0966287,-0.1321474,-0.04098274,-0.063006446,-5.1595063,-0.114116415,0.048547126,0.053482406,-0.15319529,0.18999252,-0.107135534,0.0023221096,-0.24035619,0.04399746,-0.0426482,0.1476447,0.002095645,-0.027655605,-0.13776432,-0.03701593,-0.016970119,0.28464046,0.07791666,0.021190198,0.13380636,-0.018401852,-0.23794705,-0.21055749,-0.0011055997,-0.018794706,0.19216911,0.0099101225,-0.04162499,-0.08289927,0.10625566,0.008255161,0.047563978,0.14240317,-0.049815055,0.23471482,-0.011494052,-0.27406612,0.088622764,0.0150698135,-0.19444734,0.00046603105,0.060274497,0.26516584,0.053095896,0.03122486,0.07433434,-0.081103094,0.11603149,0.2609414,0.19863704,0.041182682,0.06430216,0.12213092,0.14226033,-0.066369556,-0.20736569,0.10079325,-0.040938623,-0.06459464,-0.055607352,-0.057136778,0.07631031,0.060164213,-0.018257795,0.058016557,0.001005327,0.13208301,-0.034194298,-0.008724618,0.09903512,0.06130743,-0.049080644,-0.0009494689,-0.07166544,0.019882707,-0.22979605,-0.19036795,0.17266804,-0.2546959,-0.12371658,-0.0859858,-0.057096124,-0.08646268,0.10194143,-0.07242202,-0.1399577,0.07107983,-0.075087845,0.049001858,-0.021683594,-0.17227687,0.13100272,-0.024057517,0.013884337,0.03539832,-0.049611025,0.26181087,-0.060481984,-0.12324823,-0.13128202,0.05208155,-0.04443319,-0.03991163,0.028968576,-0.032046027,0.09953889,-0.061730716,0.061510894,0.29653707,0.1688266,-0.105733745,-0.0084623555,0.18340012,0.2092307,-0.13459985,-0.18363911,-0.072909795,0.08615076,-0.319747,-0.09372912,0.18752211,-0.015183542,0.10641647,-0.24701603,0.22601703,-0.11706955,-0.19469999,-0.1255979,0.15001993,0.40159523,0.13866766,0.10564049,0.13776849,-0.17282847,0.17249167,0.14201401,0.3841066,-0.102320604,0.16467258,0.2718132,0.19354191,0.08289868,0.018471435,0.011982611,-0.2352087,0.040677644,0.16782036,0.0020265863,0.020996973,0.07938439,0.13670184,-0.105603695,0.004017151,-0.09176102,-0.053069856,0.050154094,-0.11334204,-0.3209292,-0.07817044,0.3744494,0.16851175,0.13158411,-0.07553269,-0.1643917,0.08847772,-0.0144350575,0.034822132,0.1026046,-0.042674493,0.31416753,-0.13524656,0.17215921,0.072206944,0.12576991,-0.18182726,0.17606491,-0.022715101,0.035373453,-0.087330446,0.035739858,0.07470975,-0.16765061,-0.14809379,0.22631115,0.22508477,0.1915363,0.049023934,-0.14386979,0.06780745,-0.10138293,-0.19572619,-0.38994318,-0.08187646,-0.21981847,-0.055007476,0.25423253,-0.08594178,-0.012428975,-0.035811163,-0.12891644,-0.025548317,0.040935438,-0.016105697,0.059898034,-0.2081603,0.37212846,-0.065882914,0.022531709,0.23222955,0.04739127,0.16956198,0.09252262,-0.0058859168,0.061629433,0.25256544,0.16009213,0.08949968,0.013959514,-0.11451465,0.13847208,-0.030768692,-0.010097367,0.32908,-0.23098567,0.06712547,-0.056607485,-0.19677083,0.014213502,-0.077943504,0.312902,0.14517699,-0.049630456,-0.14206369,-0.1538668,-0.23564138,-0.2528249,0.18062846,0.0149720125,-0.16643983,-0.19305782,0.31439024,-0.014174487,-0.1812375,0.060882885,-0.07742562,-0.18928128,0.02846324,0.062931344,0.07961507,0.049041703,-0.011140174,-0.044520687,0.029793004,-0.09486027,0.04286642,0.1259955,0.20344412
SMLSVLRNLGKVGLGFVACKINKQC,0.0368551,-0.14424646,0.2696401,0.24415214,-0.2097964,-0.2841095,-0.2747474,-0.067274146,-0.1689202,-0.021815035,-0.08690933,0.34443736,-0.07943109,0.040903885,-0.11598186,0.091331005,0.08210843,0.10072246,0.09318142,-0.121775396,-0.23209426,0.011258499,-0.026880952,-0.04350753,0.027495502,0.41656557,-0.023911469,0.014450561,0.14818083,0.020573417,-0.15335053,-0.06238776,0.16131246,-0.19022122,0.16307381,-0.44237682,0.13294677,-0.06893473,0.23753375,0.20107558,-0.25441977,0.25865552,-0.013261115,0.043229137,-0.075964294,0.07225451,-1.1551797,0.24378622,-0.21619281,-0.13427565,0.12701619,-0.043329865,0.07272578,-0.00023954555,-0.19299737,-0.16121686,0.008830429,0.07640111,0.023527088,-0.17066644,-0.020067744,-0.05744994,-5.15224,-0.13049251,0.018107833,-0.013174529,-0.14291775,0.19640389,-0.16459936,0.044220306,-0.25873837,0.019892681,-0.06502512,0.16206172,-0.014543743,0.01588517,-0.1089963,-0.05525655,-0.016067179,0.2707601,0.126409,0.06392693,0.12650725,0.057425145,-0.22242549,-0.1876796,0.028320262,0.0069534634,0.19416675,-0.03505914,-0.001567228,-0.086676225,0.07779148,0.05949648,-0.032678787,0.1454418,-0.065001264,0.25356823,0.036602702,-0.31314138,0.024366975,0.052367713,-0.12377804,0.03203461,0.08595753,0.27589765,0.03889785,0.012327532,0.14051282,-0.07618051,0.0703167,0.264807,0.1966245,0.04041989,0.06701092,0.12433681,0.10541177,-0.10174633,-0.23669145,0.14301369,-0.06916442,-0.057357904,-0.08340007,-0.019971587,0.07832878,-0.02583063,-0.008514601,0.011013465,-0.07010089,0.0872204,-0.04345948,-0.0012249025,0.17672704,0.047372278,-0.06663915,0.0033879424,-0.061435845,0.047707867,-0.21320452,-0.14672016,0.19189923,-0.22767487,-0.10670415,-0.050374273,-0.07969003,-0.06018016,0.04829134,-0.07503019,-0.12826422,0.072179265,-0.1010033,0.04338065,0.020545825,-0.23784249,0.14870538,-0.022967195,-0.02801441,0.027150385,-0.036306858,0.21209663,-0.10261394,-0.17024174,-0.09878994,0.009896122,-0.056938585,-0.0713309,-0.022430714,-0.05387888,0.06771272,-0.05127918,0.10318051,0.27861482,0.14646444,-0.034639746,0.03591822,0.1820927,0.1851226,-0.16879568,-0.15892296,-0.1275361,0.08731281,-0.30505347,-0.09511601,0.12324176,0.015619918,0.12654746,-0.32607153,0.25429592,-0.1413591,-0.14974804,-0.14145653,0.13346173,0.43328157,0.18692297,0.15503424,0.12647046,-0.13446556,0.12295212,0.15955113,0.42862114,-0.08685352,0.15113598,0.23075913,0.19939211,0.07330836,0.023802593,0.005624899,-0.2215517,0.092261404,0.24840273,-0.0011623657,0.049696896,-0.04492998,0.16217007,-0.110661946,0.08165321,-0.08107595,-0.025565991,-0.021460881,-0.107644215,-0.34570107,-0.11731693,0.39325967,0.11148022,0.080670804,-0.040661983,-0.11694652,0.08278857,-0.05527854,0.050422564,0.09229259,-0.0380647,0.30485064,-0.05415174,0.19305271,0.15666308,0.17111337,-0.21798265,0.1419595,0.009872942,0.013056073,-0.103182696,-0.00508872,0.057026483,-0.21462987,-0.11994032,0.28569654,0.2553456,0.17970215,0.12393108,-0.12480122,0.024125038,-0.09062061,-0.18525057,-0.37226123,-0.0871966,-0.22068281,-0.07180172,0.28619766,-0.13001251,0.035537533,-0.0548732,-0.123199925,-0.0013797741,0.010208143,0.007258157,0.0570716,-0.22480506,0.32422045,-0.00094433624,0.041703586,0.21711043,0.15787026,0.17996213,0.11031677,-0.0743214,0.04565498,0.24912117,0.2040472,0.14999534,0.0018067559,-0.089515775,0.14877948,0.056389116,-0.02999266,0.29797196,-0.21820605,0.10382813,-0.074312024,-0.20923127,0.01407799,-0.09104651,0.3400742,0.16486591,-0.06806142,-0.18609919,-0.14994688,-0.199812,-0.3098547,0.1715024,0.04769306,-0.17651188,-0.18625651,0.3007279,-0.028079001,-0.13853282,4.933609e-05,0.024819091,-0.17662172,0.08123068,0.08584529,-0.023516692,0.10941297,0.05287787,-0.064260304,0.12017006,-0.07645711,0.026167274,0.16894664,0.17872146
SMLSVLKNLGRVGLGFVACKINKQC,0.025286006,-0.10057359,0.26416513,0.2599758,-0.19848366,-0.27564242,-0.27930605,-0.0734785,-0.16235521,-0.0073446673,-0.08686653,0.33110103,-0.08681458,0.027281487,-0.08693976,0.09482203,0.07407945,0.116209015,0.09513666,-0.114753515,-0.23870735,0.005096703,-0.028903285,-0.053349927,0.017328046,0.4040215,-0.016960338,0.013325295,0.15314163,0.03762188,-0.17126039,-0.06943986,0.14590245,-0.14671884,0.14896883,-0.41073772,0.12769094,-0.07276443,0.24048455,0.19994727,-0.2569177,0.2506811,-0.031947672,0.03535013,-0.039816424,0.073192134,-1.1053771,0.2564244,-0.20427822,-0.15714213,0.1412338,-0.056184717,0.069900714,-0.004503707,-0.19140017,-0.17146708,0.0030873225,0.08363045,0.032009665,-0.17307435,-0.020250369,-0.07360638,-5.154591,-0.13502733,0.035985067,-0.0012501191,-0.14107354,0.19338244,-0.15371977,0.034209467,-0.26221183,0.022308122,-0.06215228,0.15742484,-0.010986949,0.007967512,-0.11609655,-0.06408377,-0.011189456,0.27846336,0.11147455,0.051703602,0.12395062,0.044391386,-0.22689752,-0.19161722,0.014318735,-0.005750785,0.19408265,-0.031538047,-0.014055368,-0.09433266,0.081236415,0.055394202,-0.016496493,0.15185289,-0.06776415,0.24630699,0.027215706,-0.3214748,0.04501439,0.050990798,-0.14276877,0.03682063,0.065094195,0.2715738,0.04495985,0.030761203,0.12466993,-0.072540134,0.08295116,0.25050366,0.20708151,0.05124989,0.050654683,0.11117714,0.11558795,-0.1091389,-0.23000629,0.12009697,-0.074128695,-0.06571108,-0.07896109,-0.028783523,0.07678636,-0.005871474,-0.025072178,0.023213355,-0.058928825,0.0974558,-0.0492895,0.0068853665,0.17368676,0.046380922,-0.06087182,-0.010158061,-0.053313453,0.04884198,-0.21774407,-0.14785016,0.17546965,-0.23213924,-0.10547277,-0.05968404,-0.08144575,-0.05896121,0.06180131,-0.0720408,-0.12662391,0.083364114,-0.08893071,0.057655245,0.006827364,-0.22628218,0.14094876,-0.005955533,-0.027743496,0.021093892,-0.041055575,0.21244967,-0.098945804,-0.1541644,-0.08759111,0.0019195654,-0.053167228,-0.07073034,-0.013206881,-0.03133991,0.06326347,-0.044016514,0.08453415,0.28756234,0.13988818,-0.0402186,0.025207853,0.1802106,0.1912012,-0.16341864,-0.16865233,-0.11832615,0.08929033,-0.2924389,-0.09944663,0.14217825,7.979075e-05,0.14061733,-0.3020055,0.23869576,-0.13737513,-0.15104696,-0.13484152,0.15203148,0.43647507,0.17976758,0.13912603,0.11662874,-0.13102847,0.13711482,0.1527463,0.40674517,-0.08588168,0.17065223,0.23924944,0.19050483,0.0793169,0.02951351,0.009222792,-0.21399178,0.085341014,0.22403452,-0.012833293,0.05312713,-0.02374799,0.16491708,-0.11535874,0.051428393,-0.07669118,-0.017191458,-0.004904703,-0.1189714,-0.33831084,-0.110185534,0.3856609,0.12708901,0.10275839,-0.05091764,-0.14065585,0.08590808,-0.04527295,0.053737395,0.09832655,-0.048257202,0.3141442,-0.08712047,0.17706792,0.14093393,0.16274579,-0.21624157,0.15372215,0.016793404,0.013892962,-0.0875032,0.01106577,0.0577708,-0.19472122,-0.13174736,0.27514073,0.24306308,0.19311742,0.09809408,-0.12113043,0.033594176,-0.09869413,-0.18737775,-0.37216055,-0.09330778,-0.22369014,-0.060722582,0.28236777,-0.11751379,0.029900841,-0.046083666,-0.120439194,-0.0023744742,0.012248045,-0.002543551,0.053372525,-0.2381259,0.3326681,-0.00061670993,0.032761563,0.22790843,0.10731787,0.17769492,0.11139001,-0.05736566,0.03889564,0.24994285,0.1909417,0.12924832,0.015679372,-0.09200618,0.1588151,0.036480848,-0.013593282,0.31273192,-0.21934272,0.089892104,-0.051269833,-0.21739763,0.007441407,-0.0874569,0.32405713,0.16067427,-0.054584272,-0.18036248,-0.1546142,-0.21207987,-0.29608956,0.18170145,0.042436123,-0.15702389,-0.19238144,0.29986843,-0.020814402,-0.15440074,0.022850262,0.014798431,-0.18535197,0.07116705,0.06929563,0.0020435022,0.09433374,0.034903374,-0.059400525,0.09788642,-0.086641885,0.016051825,0.16179559,0.1934871
SMLSVLKNLGKVGLGFVAAKIAKQA,-0.047866877,0.35812432,0.2491704,0.2989546,-0.0007223465,-0.15412395,-0.098543994,-0.07215106,-0.012263775,0.08331152,-0.0869381,0.059895393,-0.0735223,-0.031566266,0.06440727,0.0023864198,-0.12603378,0.17089646,0.018948577,0.15609244,-0.29529038,0.0010640674,0.082647696,-0.31103912,-0.02257998,0.31616023,0.09972265,0.098653756,0.099347785,0.24513508,-0.3344859,-0.1620505,-0.06188031,0.3078172,0.042385835,-0.14624482,0.05031003,-0.08648148,0.16676576,0.105134115,-0.1733111,0.11491681,-0.14899613,-0.083251916,0.36784694,0.080021866,-0.31901038,0.24551173,-0.0883879,-0.3270273,0.18230668,-0.04158372,0.14218861,0.08154544,-0.02533529,-0.099822134,0.053115137,-0.009599693,0.034870997,-0.03851354,-0.049244598,-0.18811962,-4.9670625,-0.101389594,0.10184339,0.11627727,-0.079278074,0.27232337,0.10479351,-0.116648406,0.0157664,0.10366883,0.08308291,0.16917221,0.12734564,-0.08495181,-0.18787661,-0.11005116,0.06780416,0.29317206,-0.071826346,0.05760026,0.24995078,-0.1357187,-0.16385452,-0.22214702,0.049789976,-0.32095438,0.114044815,0.06404818,-0.07152471,-0.10858857,0.19600247,0.01437699,0.16206992,0.10939552,-0.0174186,-0.009384192,-0.055779677,-0.076128595,0.25247663,-0.03604661,-0.26616052,-0.06785711,0.032583825,0.17845379,0.08255988,-0.07146471,-0.16979988,-0.1540787,0.2330607,0.11523641,0.067023195,0.15458325,-0.14843847,0.006575262,0.10802169,0.046189997,-0.009157795,-0.07185978,-0.013254881,-0.09253708,-0.19808441,-0.03961087,0.036292166,0.2680015,-0.12694328,0.14146812,0.18154,0.20215961,0.03347853,0.06833457,-0.07399105,0.11251243,0.02563667,-0.16784766,-0.059986137,-0.102693,-0.16631575,-0.13486278,-0.11261978,-0.1522019,-0.30073124,-0.10622204,0.053485252,-0.06736489,0.20897792,0.13056272,-0.15957777,0.08642059,-0.01521106,0.13317104,-0.07635072,-0.07283211,0.06296045,0.14717376,0.09448751,-0.047634106,-0.15710522,0.19516885,-0.04316332,0.10610989,-0.017690467,-0.1302225,0.10227813,-0.09732078,0.20833483,0.08046738,0.12673023,0.0021728917,0.07923749,0.13357706,0.181333,-0.24063188,-0.08019375,0.042675335,0.139237,-0.03312258,-0.25742483,-0.037507653,0.089756064,-0.11539704,-0.13813208,0.34972864,-0.2169711,0.19301946,0.060933117,-0.00037731507,-0.07342747,-0.2155157,-0.11546765,0.1355697,0.2396939,0.0261549,-0.15958758,0.20416543,0.096259385,0.22567071,0.017012667,0.28967166,-0.12632562,0.27558124,0.3702359,0.25506985,0.014034242,0.065063424,-0.06413678,-0.1489687,-0.07561938,-0.12990852,-0.12554108,-0.016322518,0.38177654,0.057413373,-0.019741101,-0.29998752,0.04240245,-0.052540198,0.14380044,-0.12965852,-0.2971864,0.1931038,0.17027448,0.17943135,0.23229954,-0.09416423,-0.35161367,0.04171534,0.05029944,0.0025938596,0.09799041,-0.0689,0.3366396,-0.048089735,0.100271665,-0.110920236,0.05863604,-0.1787328,0.20426017,-0.15734075,0.059346065,-0.012373624,0.07546123,0.09484224,-0.06610339,-0.22161333,0.09963357,0.086981535,0.24344331,-0.14769183,-0.19341592,-0.07890701,-0.01555924,-0.019752912,-0.3332747,0.02276918,-0.17109115,0.11997805,0.13859616,-0.108866215,-0.14138699,-0.069417365,-0.044812944,-0.15792015,0.15468167,-0.2181244,0.034709815,-0.2754313,0.32575816,-0.09475217,-0.016432822,0.17335156,-0.23055124,0.18992603,0.17225683,0.06504613,-0.012021871,0.16676377,0.03311734,-0.0986775,0.04295244,-0.19151571,0.10297407,-0.3495518,0.056967232,0.38287678,-0.295913,-0.18795589,-0.18349168,-0.009735222,-0.16438816,-0.0049276394,0.1971414,0.10828539,0.08422259,-0.06369391,-0.20655653,-0.18412787,-0.20258072,0.28581214,0.0019153908,-0.08550011,-0.08314408,0.16680966,0.09894623,-0.29851684,0.13551335,-0.24159919,-0.20236027,-0.0426958,0.08828954,0.33596912,-0.13213778,-0.041116953,0.040673405,-0.18359397,-0.05925429,0.14024132,-0.042593196,0.18266669
SMLSVLKKLGKVGLGFVACKINKQC,-0.056617197,-0.068645,0.2572297,0.3070322,-0.20318832,-0.25871548,-0.28744447,-0.10124203,-0.11151199,-0.005871309,-0.0746623,0.32399744,-0.09473211,0.034285847,-0.048015114,0.09597426,0.052643843,0.15834811,0.043446507,-0.05207096,-0.26308957,-0.008511227,-0.01887544,-0.10885941,-0.027002564,0.42971224,-0.026948072,0.04234223,0.12286163,0.06908837,-0.24577826,-0.03132907,0.123973124,-0.080256544,0.12526847,-0.35657933,0.050191395,-0.09217569,0.25613046,0.24486202,-0.21142557,0.25118563,-0.106348515,-0.043096565,0.03178496,0.09726849,-0.98010665,0.29289892,-0.20757945,-0.18150078,0.14001535,-0.10998343,0.06754863,-0.032512363,-0.13123764,-0.123472676,-0.04381228,0.066013984,0.10293642,-0.13759397,-0.055742256,-0.0675369,-5.1252556,-0.112352744,0.005133885,0.05771747,-0.1669725,0.22070217,-0.12971233,-0.015377348,-0.16469783,0.06375565,-0.031606525,0.14301816,0.027087692,-0.03817242,-0.11521262,-0.057630662,-0.011027623,0.30040908,0.072366774,0.05397868,0.17846334,-0.046230882,-0.2103863,-0.203797,-0.0019487523,0.015302285,0.1471526,0.053236227,-0.02065949,-0.12756352,0.09169193,0.00033634237,0.0058739055,0.12684414,-0.070459336,0.26559594,-0.008811868,-0.25752947,0.13605997,-0.013096503,-0.22089577,0.0070417854,0.067719966,0.30226055,0.046160705,0.07139247,0.084769785,-0.11575705,0.16282219,0.25795147,0.17043664,0.081830725,0.06530175,0.08686438,0.19101416,-0.08170003,-0.17315702,0.114844695,-0.07728165,-0.04900918,-0.06936838,-0.085955285,0.07915979,0.09640778,-0.01954027,0.027509972,0.006300198,0.2009326,-0.05081747,0.006688353,0.09109798,0.040824413,-0.10971986,0.026139988,-0.07670751,0.018388579,-0.23161495,-0.18974294,0.15633917,-0.2689092,-0.15977287,-0.06982169,0.004478448,-0.10341676,0.07847956,-0.103919804,-0.12336844,0.11714407,-0.017760117,0.1092127,0.017259737,-0.12391163,0.11258722,0.02065914,-0.019829743,0.03954642,-0.11456613,0.22482593,-0.035078604,-0.12428564,-0.16824017,0.093462914,-0.024945784,-0.05807325,0.052594177,0.0024864017,0.11194819,-0.04877575,0.07437113,0.31421202,0.24018577,-0.13941318,-0.024601737,0.16985422,0.19407226,-0.1682822,-0.18856171,-0.13020208,0.09721986,-0.3190352,-0.107272804,0.22760494,-0.041649632,0.1264633,-0.26253122,0.20629689,-0.12609431,-0.20410293,-0.12497865,0.10435276,0.33562025,0.1524648,0.049177002,0.12823372,-0.1983301,0.23567025,0.1473944,0.44268596,-0.11771256,0.13538888,0.21030289,0.18875243,0.059083674,0.004995708,0.010027187,-0.29697418,0.066715196,0.16652372,0.01791315,0.027953817,0.09781987,0.11381212,-0.072995484,-0.01689751,-0.07901406,-0.04914432,0.081027016,-0.12954289,-0.31197163,-0.048548575,0.3359463,0.12070085,0.16635036,-0.09143857,-0.18326338,0.10626498,-0.02494329,0.09228106,0.104897074,-0.04893106,0.31211013,-0.06196513,0.18718605,0.09876905,0.1051519,-0.23338063,0.19425344,0.0025989634,0.03540258,-0.11321739,0.03259276,0.08646017,-0.18414447,-0.15895393,0.21767785,0.2560915,0.14637265,-0.0076166876,-0.1460768,0.06850663,-0.09526382,-0.21421959,-0.3984996,-0.11392111,-0.1971656,-0.062751584,0.26804808,-0.09716579,0.0030564496,-0.1270587,-0.16318801,-0.034910638,0.077919304,-0.021213364,0.046235368,-0.17618723,0.37453577,-0.04893319,0.0454587,0.21573883,0.04859581,0.1832555,0.09042794,-0.015866816,0.07487892,0.24022208,0.19606535,0.088112354,0.029625334,-0.10172527,0.11535075,-0.052596822,-0.043428667,0.3115644,-0.23771974,0.09420481,-0.04220674,-0.22117484,-0.011801995,-0.08549179,0.276161,0.13289525,-0.04137154,-0.1458032,-0.11516551,-0.25212538,-0.27069563,0.23081473,-0.011208534,-0.13374703,-0.19516212,0.34058127,-0.0141046895,-0.18665352,0.07258444,-0.071333945,-0.1915227,0.03964636,0.11600019,0.07350413,0.032009985,-0.001800047,-0.0736874,0.06327785,-0.07673368,0.027835384,0.16248281,0.24884623
SMLSVLKNLGKVGLGFVACKINKKC,-0.060900282,0.08790194,0.23043777,0.31061903,-0.16511334,-0.27835804,-0.24788874,-0.09816868,-0.089129575,0.03868522,-0.058459952,0.26822534,-0.09451094,0.001318843,0.025229212,0.04718909,0.044810057,0.16427974,0.047319822,-0.018432317,-0.25152588,-0.037831526,0.040338993,-0.18720923,-0.033231884,0.37674543,-0.019306507,0.04807418,0.11590154,0.14323944,-0.3105357,0.012247575,0.12416361,0.0631734,0.08611566,-0.24641733,0.003661881,-0.08453636,0.22189428,0.25920615,-0.21255592,0.26044908,-0.18150723,0.01644422,0.12573253,0.113678105,-0.8231006,0.30209717,-0.20200321,-0.2326494,0.2122228,-0.0939414,0.051612377,-0.05147736,-0.10703071,-0.14008282,-0.047931533,0.0814898,0.10919522,-0.106409974,-0.06945949,-0.04090171,-5.082498,-0.13534816,0.039663367,0.098090164,-0.1731297,0.23989907,-0.06511032,-0.04580632,-0.19618776,0.06464612,0.016941985,0.107276864,0.051501848,-0.034205645,-0.14412561,-0.06343264,-0.004705312,0.3014032,0.06801361,0.0702818,0.15547678,-0.07528356,-0.21665126,-0.14493807,-0.017162634,-0.054789837,0.15695296,0.0451381,-0.019163962,-0.17561606,0.1333248,0.012780624,0.11456098,0.079392925,-0.054981906,0.16532342,-0.00082173833,-0.2707561,0.2121699,-0.014423459,-0.24511768,0.014563428,0.048798006,0.3173329,0.042739373,0.032241326,0.019792667,-0.08462715,0.16938575,0.21263939,0.16323951,0.09947969,0.025111394,0.07661854,0.26594806,-0.10906654,-0.11686088,0.06798041,-0.06348573,-0.0613997,-0.04452528,-0.10199404,0.062396828,0.15439516,-0.036407117,0.09238645,0.0039383657,0.2067709,-0.04793275,-0.00019137506,0.04450826,0.063914046,-0.09423583,-0.02506004,-0.072042614,0.011600112,-0.30803668,-0.21003917,0.119403996,-0.25881922,-0.15509672,-0.080585994,-0.017766682,-0.122471035,0.13310672,-0.029551707,-0.13860328,0.097698055,-0.014356942,0.10757694,-0.0027488316,-0.1186285,0.07999092,0.05708005,0.02564101,0.029475927,-0.11402879,0.25302756,-0.016975062,-0.07323264,-0.16564143,0.10684558,-0.038838882,-0.03540992,0.08750531,0.0055498104,0.11166417,-0.061644703,0.03416631,0.24590035,0.2525331,-0.15667333,-0.092486,0.16378795,0.18584044,-0.1527889,-0.20400153,-0.12732337,0.107938774,-0.3163048,-0.12867506,0.29976767,-0.099360935,0.12165305,-0.20380138,0.14125116,-0.087503955,-0.1982379,-0.12873611,0.13851167,0.27694252,0.11417056,0.020476988,0.16720264,-0.18031476,0.24112165,0.14285181,0.3782225,-0.10208734,0.19697094,0.2748159,0.18078762,0.055811338,0.02642995,0.01454916,-0.29263446,0.059959315,0.08367773,-0.016947433,0.019858615,0.13295196,0.100538954,-0.048289355,-0.13801509,-0.059792455,-0.052727558,0.10119313,-0.16011894,-0.3102319,0.004205439,0.31112114,0.13092808,0.14590476,-0.10322417,-0.2703961,0.13414891,0.0044813687,0.042022973,0.0774631,-0.043281656,0.32554817,-0.11175756,0.16071329,0.023924021,0.052187428,-0.19088866,0.22051023,-0.028382638,0.040968485,-0.07947438,0.076542534,0.07097424,-0.14024393,-0.18074594,0.19852579,0.18507093,0.1447847,-0.07230397,-0.16739482,0.054283813,-0.08104727,-0.19907373,-0.44437006,-0.1469402,-0.25050658,-0.03220035,0.24125105,-0.019465027,-0.043090362,-0.087453336,-0.18006925,-0.07157303,0.1073741,-0.020239303,0.05652063,-0.2313337,0.38766724,-0.052265853,0.003587237,0.20514272,-0.06447406,0.15881236,0.11782294,0.013633185,0.05709543,0.22130233,0.15413392,-0.019098163,0.085799515,-0.112028584,0.16653147,-0.10109905,-0.05760239,0.33677003,-0.22855017,0.047418494,-0.019626882,-0.1490095,-0.0440666,-0.08151843,0.20401965,0.16735889,-0.016263291,-0.106361255,-0.14814347,-0.29653764,-0.2049284,0.25214168,0.007700941,-0.09359377,-0.1392542,0.31228206,-0.002418591,-0.2122511,0.13028242,-0.06494422,-0.21445048,0.011506424,0.114062786,0.16030969,0.013052641,-0.012796076,-0.06309252,0.012812108,-0.1046336,0.03396855,0.12588347,0.2712973
GLPALISWIKRKRGG,-0.101315215,-0.07136458,0.16361515,0.19045484,0.0019286976,-0.2093395,-0.181447,-0.045596093,-0.00054486445,-0.020410733,0.15347771,0.10385822,-0.07937034,0.040433306,0.07150148,0.05004631,0.19411218,-0.07383088,0.17193069,-0.039877146,-0.3946046,0.023453344,-0.15369461,-0.029438717,-0.14318587,0.2832769,0.2138135,0.11626023,0.24427557,-0.0065254183,-0.30429864,-0.16590005,0.048442014,-0.08052736,-0.010412059,-0.18920523,0.09487649,0.06735058,0.31747174,0.20974801,-0.059117254,0.23849605,-0.20754613,-0.04776222,0.17011385,0.0784323,-0.56517035,0.28852668,-0.06665973,-0.21426721,0.047005724,0.035408925,0.2658251,0.04527833,-0.0019718986,-0.050207388,0.19323088,0.058364436,0.16159287,-0.02932897,-0.13329886,-0.032293905,-5.059239,-0.09862357,0.10918269,-0.03876214,-0.059842873,0.29789773,-0.05744649,0.1092723,-0.053626932,-0.033819463,-0.14898297,0.19858353,0.07612563,0.019425407,0.028783428,-0.11247012,-0.057945568,0.31460568,0.06675073,0.010614838,-0.012587559,-0.060851574,-0.049166128,-0.12177383,0.12154824,-0.06153322,0.101790644,0.043390792,-0.013332655,-0.0047720564,0.1322998,0.022432998,0.07522333,0.04213031,-0.13316636,0.12549722,0.00171794,-0.102038085,0.19204038,0.016942248,-0.2894508,-0.0112796975,-0.027226929,0.37647387,0.044347577,0.03698266,0.0026370978,-0.057068467,0.2325834,0.29280254,0.22012877,0.12878712,0.05061979,0.024604142,-0.049799085,-0.06378682,-0.10554476,0.094980255,-0.104356214,-0.0111070555,-0.023813596,0.16123116,-0.058005877,0.035468023,-0.19631816,-0.012545116,0.11982724,0.009700485,0.13783376,-0.020487681,0.0055723013,0.005654145,0.1077408,-0.07819452,0.14010465,-0.2696886,-0.098024696,-0.015621038,0.06410455,-0.068347916,-0.2547713,-0.0565741,0.12474189,-0.029797876,0.050482973,-0.03692157,-0.1594013,0.060264777,-0.11571058,0.089591265,0.08682308,-0.18434827,-0.023828987,-0.025974995,0.067986764,0.073734656,-0.027875017,0.15800907,0.08780251,-0.0016545206,-0.0886999,-0.19460373,0.013806492,-0.015735187,0.046889875,-0.071526565,-0.01375165,0.045668595,0.097967684,0.20020495,0.07531766,-0.20384401,0.044886846,0.06051999,0.09169812,-0.026594179,-0.06460135,-0.23240834,0.11028735,-0.1526936,-0.005530757,0.030866574,-0.069899194,0.17997001,-0.2599484,0.06858831,-0.118758634,-0.227573,-0.10113901,0.12943925,0.20410664,0.21237059,-0.054154664,0.12866457,-0.09853994,0.07858816,0.08151223,0.2908836,-0.08850616,0.32869378,0.22591478,0.35237512,-0.059532966,-0.1240874,-0.07221039,-0.040421333,-0.03714882,0.09923861,-0.07335059,-0.1006129,0.14951585,0.044586103,0.013552252,-0.17413059,-0.05521591,-0.13280113,0.08819628,-0.21937266,-0.17433062,0.11107571,0.18138747,0.0035973385,0.25083447,-0.033222172,-0.24471079,0.10839608,0.048625022,0.024477998,-0.15331939,-0.012608176,0.38851044,-0.0027226438,-0.04806413,-0.010004105,0.14920016,-0.15087004,0.056895297,0.04825755,0.01263159,-0.090469584,0.053332698,0.03567833,-0.12439311,-0.117343366,0.23070161,0.085318394,0.19481437,0.052557684,-0.15392625,-0.17625959,-0.0015051585,-0.20029578,-0.26206416,-0.047464658,-0.120181516,-0.18068823,0.15591209,-0.17943335,0.04380034,-0.16963087,-0.021549646,-0.006061883,0.024276815,-0.1222638,-0.013395641,-0.14201316,0.19978724,-0.031980522,0.005775443,0.27182874,-0.11331565,0.2315561,0.10595767,-0.06406301,0.056127384,0.12973197,0.09948327,0.0074245,0.15771782,-0.2707349,-0.018797163,-0.15660386,-0.03341439,0.14692971,-0.079916686,0.03710753,-0.13001283,-0.2624601,-0.019371545,-0.0808539,0.23349869,0.060244672,0.089206815,-0.21966796,-0.019293405,-0.25939652,-0.21548736,0.34634897,-0.095004626,0.032642677,-0.10949932,0.17554694,-0.08174902,-0.20656025,0.12015953,-0.079066604,-0.07385711,-0.09655525,0.019241072,0.07357326,-0.046073947,0.0058942786,0.07576785,0.032228176,0.044665553,0.17209724,-0.025159443,-0.0058927108
GLPALISWIKRKRQ,-0.047745407,-0.097351536,0.18193057,0.24277274,-0.022895187,-0.1912354,-0.19056228,-0.021891385,0.030640006,-0.024066001,0.11039182,0.11180953,-0.08959611,0.091054544,-0.020946585,0.07290413,0.19174565,-0.021874234,0.21496108,-0.10094249,-0.33264637,0.06742608,-0.132722,0.020004366,-0.0559011,0.32968718,0.18088442,0.08769608,0.23691288,-0.007250665,-0.22110134,-0.15077,0.0021568043,-0.05794666,-0.01690451,-0.17531022,0.16264576,0.0066515384,0.30464616,0.16880596,-0.10535074,0.18781628,-0.080624804,-0.08300844,0.16978121,0.06087569,-0.67864865,0.29619014,-0.050828822,-0.267783,0.07280979,0.051109254,0.23686974,0.048951812,-0.06488083,-0.045621656,0.14914104,0.04512943,0.112030074,-0.08283828,-0.13113086,-0.028012473,-5.083984,-0.097143024,0.06797186,0.011899648,-0.08130351,0.27108765,-0.11753446,0.12197227,-0.095084935,-0.014750496,-0.11403256,0.19996813,0.07932084,-0.024869688,0.06037444,-0.097267404,-0.043027103,0.3475363,0.051226664,0.04353638,0.027976625,-0.015414836,-0.07631279,-0.18373615,0.08705485,-0.067598164,0.09535166,0.030966714,-0.0693427,0.025375413,0.07828087,0.012060622,-0.03998841,0.08306484,-0.16238973,0.17242742,-0.048777044,-0.20240512,0.13970584,0.027432038,-0.21504568,-0.09401794,-0.038724687,0.35292244,0.029092122,0.04502073,0.045067824,-0.08083316,0.21233314,0.31103003,0.24082385,0.14209871,0.021155031,0.050400816,-0.028911063,-0.009787795,-0.11640941,0.036796667,-0.100692764,-0.085623026,-0.08749064,0.03008679,0.024547836,-0.04934617,-0.15275843,-0.123989806,0.13246815,-0.01213683,0.1414021,-0.016918693,0.087321475,0.07175418,0.10701266,-0.10359743,0.12606876,-0.23621753,-0.11919481,-0.089444935,0.120150015,-0.10750838,-0.24116315,-0.06728344,0.07050894,-0.04617824,0.049849607,-0.09191778,-0.16977969,0.090073615,-0.16355173,0.045294143,0.030772835,-0.18339126,0.071497135,-0.058718804,0.073064655,0.06184896,-0.015802795,0.17917903,0.093205705,-0.019718325,-0.07973108,-0.13277608,0.022496786,-0.09441472,0.0014435193,-0.052761473,0.031362213,0.12115843,0.100884385,0.20329651,0.067114845,-0.1438018,0.025043571,0.1201836,0.16251275,-0.010902282,-0.06027973,-0.2509286,0.05354656,-0.23065896,0.004688953,0.06593328,-0.05029726,0.11901835,-0.24544254,0.09005809,-0.13559705,-0.15733714,-0.12918723,0.13748777,0.3443376,0.20908165,0.015608557,0.05860287,-0.14420742,0.08791251,0.09615818,0.30856302,-0.07341407,0.24713108,0.24456564,0.3406913,0.03566701,-0.18167299,-0.05985043,-0.23041172,-0.03935186,0.13589494,-0.0871647,-0.12464914,0.13271809,0.011093115,-0.04256686,-0.11877801,-0.015567563,-0.07893359,0.06992689,-0.24772486,-0.26990002,0.06373182,0.19372931,0.048708614,0.23608907,-0.03981091,-0.16925131,0.10606125,0.0075666104,0.09429532,-0.07980856,0.025383256,0.37292245,-0.0747965,0.027738225,0.057475403,0.17216599,-0.15721758,0.09443821,0.07878472,-0.059365667,-0.10307273,0.0103252875,0.10504612,-0.16218144,-0.083776735,0.20416443,0.15439925,0.22201498,0.09408778,-0.16982467,-0.072813645,-0.02972958,-0.16659194,-0.23702614,-0.047136035,-0.106345564,-0.12979284,0.22912332,-0.15932062,0.07157427,-0.110174745,-0.049017437,0.012633737,0.023513777,-0.1230865,0.033830803,-0.17562884,0.21174827,-0.017794926,-0.049036525,0.322982,-0.06055764,0.22510403,0.066987254,-0.09241286,-0.014270787,0.19545367,0.062533185,0.0798361,0.11221541,-0.2752859,-0.017807873,-0.15016687,0.023670709,0.24218874,-0.14262637,0.023026468,-0.037661817,-0.25529742,-0.032467023,-0.09114028,0.28639677,0.05471756,-0.004651845,-0.2462182,-0.04677041,-0.18058278,-0.2305428,0.34397453,-0.036935426,-0.041212596,-0.17511378,0.21531986,-0.030771328,-0.19482622,0.04145265,-0.020426977,-0.14016612,-0.05225026,0.011772613,0.06346707,0.038029283,0.05775002,0.109021425,0.032327168,0.045977753,0.13003822,-0.014688656,0.016676582
GLPALISWIKRKRL,-0.044881634,-0.09615852,0.17618175,0.25175843,0.043433063,-0.26016974,-0.20961769,-0.009503271,-0.0055108257,-0.03938552,0.1469334,0.074728355,-0.09374652,0.035288602,0.028615586,0.082502745,0.19204417,-0.0009270627,0.18442547,-0.05750403,-0.29430428,0.07138427,-0.09445117,-0.006617019,-0.049803406,0.34800792,0.18733314,0.12302773,0.27571478,0.020951316,-0.20068245,-0.13255832,-0.0017542206,-0.06422463,-0.049343072,-0.1733716,0.14141381,0.033020474,0.30370596,0.16771832,-0.10624773,0.20471965,-0.10890411,-0.10227253,0.20273091,0.08518918,-0.66097486,0.31084448,-0.051086783,-0.2604811,0.055841144,0.0049598375,0.19456078,0.0495727,-0.07462104,-0.04513916,0.16873525,0.025591094,0.08018883,-0.077945806,-0.11683773,0.012200466,-5.1107183,-0.1123755,0.05456148,0.020641755,-0.09382231,0.30692938,-0.124244094,0.10922412,-0.04671195,-0.012716763,-0.12934956,0.15758523,0.055956263,-0.040274054,0.02970007,-0.14107983,-0.06999027,0.3888734,0.06786438,0.052964825,0.04879957,-0.002337115,-0.053436726,-0.15301038,0.062672995,-0.105227925,0.079281375,0.054985825,-0.022358155,0.0030375486,0.04601201,0.030766595,-0.01748392,0.089117035,-0.13631774,0.13492939,-0.048520673,-0.19759288,0.15045464,0.04514741,-0.24173507,-0.066847295,-0.013779464,0.41648087,0.027095951,0.009705383,0.037622362,-0.07896873,0.2101426,0.28862572,0.20566839,0.14972025,0.036189508,0.067031056,-0.0058707288,-0.018778145,-0.073864475,0.026516918,-0.13170788,-0.117856026,-0.09290727,-0.004465691,0.019057978,0.0020772927,-0.13140532,-0.10032376,0.12731266,-0.008117213,0.14892523,-0.023346122,0.09208618,0.08428329,0.10340469,-0.091308065,0.100773275,-0.2647677,-0.13992469,-0.09733972,0.103416234,-0.16637917,-0.28438807,-0.054262877,0.08985789,-0.020886064,0.05368305,-0.094700575,-0.15866849,0.0983387,-0.15293795,0.026635053,0.04262287,-0.17348437,0.0611605,-0.07105103,0.060528666,0.0816245,-0.004583355,0.17016329,0.080594555,0.015462201,-0.07659806,-0.08122765,-0.0155457575,-0.11449425,0.045874726,-0.031470463,0.06674252,0.10744882,0.15436716,0.20871946,0.08757188,-0.1620099,0.044293802,0.10537287,0.1783517,-0.009156581,-0.052099872,-0.2544,0.07434045,-0.21408539,0.008836112,0.068727896,-0.07968537,0.1346251,-0.22122678,0.049906153,-0.118407674,-0.17131042,-0.12434392,0.15304641,0.29575256,0.23964526,-0.034150414,0.058935426,-0.1340414,0.08514458,0.05897016,0.2883555,-0.055769272,0.27321738,0.29975536,0.31999516,-0.0034742262,-0.17919311,-0.09389372,-0.21349722,-0.05130627,0.17300189,-0.06484774,-0.10993218,0.15597388,0.007775279,-0.051693402,-0.12977502,-0.00084368186,-0.05281489,0.100958824,-0.281412,-0.23992652,0.068567306,0.15355851,-0.017846676,0.20660645,-0.03465639,-0.2469976,0.09115912,0.018458392,0.08919578,-0.08294235,0.030787332,0.35956573,0.034310397,0.051380944,0.031484995,0.15407312,-0.1489819,0.12407293,0.08457564,-0.05135862,-0.08068699,0.021144558,0.061375834,-0.19220218,-0.10435042,0.24603404,0.10365844,0.18368727,0.10966536,-0.1582065,-0.13639852,0.003389611,-0.1572843,-0.27063975,-0.065002576,-0.13768187,-0.10801481,0.23564175,-0.16665716,0.016874291,-0.15293054,-0.04323458,0.007827925,0.02082409,-0.15346983,0.023757797,-0.18661316,0.1806879,-0.002601876,-0.05911535,0.30558068,-0.05615971,0.21682079,0.07154724,-0.076224506,-0.012055102,0.14685282,0.11916069,0.0711738,0.12088344,-0.2012451,-0.025582477,-0.19339007,0.037239626,0.23126112,-0.17049354,-0.018380357,-0.023145352,-0.26595795,-0.034736775,-0.07103977,0.28835556,0.08699101,-0.018448064,-0.23776452,-0.016152598,-0.19531289,-0.21112767,0.355595,-0.007744571,-0.020419836,-0.17624652,0.23482034,-0.031868227,-0.22892396,-0.004020705,-0.047855888,-0.14386366,-0.02190506,0.022042908,0.11381252,0.020692132,0.028297339,0.123195074,0.024072316,0.0591193,0.14015174,0.002419049,0.019975642
GLPALISWIKRKR,-0.06681679,-0.03230069,0.14963895,0.2449069,0.029221963,-0.23431616,-0.17017955,-0.026535355,0.05282981,0.0066410503,0.16587241,0.06768195,-0.10378929,0.020894768,0.069739476,0.08173777,0.1820333,-0.018466024,0.20863777,-0.07416923,-0.34894574,0.05531519,-0.09456004,-0.039998673,-0.0763446,0.3143627,0.20385808,0.11546226,0.27672896,0.030257545,-0.28417,-0.13762552,-0.010865075,-0.014001994,-0.06811012,-0.09456493,0.120063014,0.059106305,0.3100724,0.18754067,-0.08712609,0.18867134,-0.15842368,-0.08351812,0.2664588,0.07503828,-0.54223144,0.3233147,-0.029583845,-0.29625425,0.061947767,0.028519385,0.25237328,0.027969796,-0.05210335,-0.029216643,0.15495123,0.026084833,0.12963736,-0.03544695,-0.14203326,0.016598837,-5.041021,-0.1169952,0.081501156,0.041447043,-0.091596946,0.34437358,-0.10219809,0.08676289,-0.00527591,-0.0011960387,-0.112323426,0.12769367,0.09047377,-0.06613392,0.04554781,-0.14413108,-0.07165849,0.36217973,0.035705272,0.039618537,0.011605036,-0.050845012,-0.08020084,-0.1309234,0.07456268,-0.12501307,0.085854,0.07996877,-0.036211792,0.013806357,0.088055834,0.017109824,0.05024512,0.009648437,-0.17035447,0.12101623,-0.045141995,-0.19042704,0.21522945,0.02743022,-0.26569724,-0.07475238,-0.058941204,0.39062947,0.036934312,0.042859707,0.020207038,-0.07482859,0.22613765,0.31508985,0.21333614,0.18799596,0.020354727,0.013173779,0.026753135,-0.012617761,-0.063056655,0.04687797,-0.11298967,-0.091612,-0.119974904,0.07288923,-0.023608709,0.008872044,-0.16989107,-0.07805428,0.18586631,-0.0069656773,0.15283994,-0.017916687,0.055776592,0.040746823,0.11054538,-0.105800785,0.11239183,-0.27804077,-0.14191948,-0.07818461,0.09098583,-0.120641984,-0.28461373,-0.056634918,0.09592125,-0.070689075,0.07739917,-0.07799624,-0.15632266,0.062455647,-0.17365621,0.05673226,0.06983757,-0.15853551,0.057848103,-0.037373006,0.07236967,0.09751212,-0.030307015,0.17150831,0.103305615,0.01935967,-0.05134255,-0.089597024,0.0052671013,-0.07624373,0.05808111,-0.06120131,0.041224383,0.1335225,0.113770455,0.18133433,0.06776317,-0.1768613,-0.0057371138,0.07586507,0.13077004,-0.0016670406,-0.046396278,-0.274268,0.07113875,-0.20760097,-0.012040186,0.07194925,-0.08791391,0.1122479,-0.23251061,0.039004333,-0.107494555,-0.18487044,-0.15950249,0.17864908,0.25070822,0.22084822,-0.052769065,0.095189124,-0.14621262,0.09938026,0.07134051,0.23929682,-0.09144732,0.3156888,0.2931327,0.37581643,-0.017718386,-0.15258637,-0.08407044,-0.17941587,-0.078562066,0.14816995,-0.10537812,-0.1149671,0.19361106,-0.015327486,0.0005122741,-0.24258283,-0.010634657,-0.052771624,0.123833306,-0.28510135,-0.23120375,0.093911305,0.14367011,0.0096123675,0.24069564,-0.05170684,-0.27488524,0.12232947,0.03774006,0.07118012,-0.11381744,0.037513994,0.38230652,-0.015440727,0.01880532,-0.0054985266,0.15396982,-0.14427915,0.12147789,0.08500422,-0.039532628,-0.04006415,0.04555199,0.055639647,-0.15708102,-0.1509694,0.18910478,0.1146176,0.17943737,0.07539919,-0.18289866,-0.105601564,-0.004683526,-0.1591073,-0.28362125,-0.07509377,-0.1452824,-0.13616045,0.22713622,-0.1365899,0.009609715,-0.15466972,-0.040972333,-0.00076350075,0.03756936,-0.12570511,0.012691309,-0.15528227,0.21255136,0.024520649,-0.08330844,0.33317953,-0.13730289,0.20498483,0.09902919,-0.0706196,-0.006805162,0.1411133,0.061830003,0.0069333,0.16994134,-0.26842177,-0.01030851,-0.19718184,0.0031122684,0.21596767,-0.12930764,-0.0015693784,-0.029928172,-0.24779579,-0.035658017,-0.11314456,0.21067801,0.08188457,0.019539218,-0.24596061,-0.01616119,-0.25188872,-0.17248614,0.38595465,-0.037531316,-0.006590533,-0.16392097,0.23254506,-0.034014057,-0.26145515,0.09135563,-0.053423364,-0.15429448,-0.05279231,0.00904038,0.13698043,-0.0024941117,0.04718324,0.11696068,-0.006156397,0.051805783,0.15670353,-0.036941137,0.031140344
FFFLSRIF,-0.043895077,-0.319178,0.31890243,0.32022876,-0.0075999023,-0.12019603,-0.19987199,0.015947154,-0.24033532,-0.18600567,-0.022435805,0.40733355,0.029913658,-0.19019663,-0.37758502,0.2113767,0.27889115,-0.10487626,0.21420646,-0.2975249,-0.2418743,0.030020315,0.12602761,0.10061371,0.088782534,0.4330326,-0.10565883,0.12498598,0.37403286,-0.05285728,0.12091931,0.011842196,0.026063984,-0.33392096,0.14402613,-0.6284197,0.12772287,-0.29799446,0.33367115,0.21428886,-0.103088185,0.23567715,0.036816254,0.06774469,-0.12811431,0.003835714,-1.1808232,0.24735987,-0.08234022,-0.13873881,0.1528687,-0.17125879,0.19756743,0.16413966,-0.35734478,-0.046459794,0.10326924,-0.011774868,0.012252623,-0.29100865,-0.030177351,0.07041322,-4.7689238,-0.004128487,-0.11179547,-0.016472073,-0.05852281,0.12499746,-0.33436412,0.24319796,-0.13264686,0.013781214,-0.46537906,0.10273419,-0.056613296,0.010365142,-0.111667015,-0.22310838,0.07507477,0.40353483,0.15238668,0.113738224,-0.052237727,0.25887182,-0.18700126,-0.1418319,-0.13886552,0.03571968,0.17902467,-0.12692036,0.18274729,0.048714574,-0.08621444,-0.02528609,-0.2921488,0.14671543,-0.23874843,0.23978178,0.11145135,-0.34666467,-0.2586061,0.004260571,-0.1748251,-0.18068479,0.11825736,0.34251955,0.14705442,0.011225897,0.31249517,-0.05848075,0.034119476,0.30433854,0.031095887,0.04818909,0.17433469,0.20870297,-0.04819625,0.0013917632,-0.11503464,0.044368487,-0.14387606,-0.09956436,-0.2780695,-0.12218299,-0.038974546,-0.23583277,0.121606626,0.045344673,-0.091250226,-0.22593376,-0.0012617916,-0.03869108,0.54401875,0.0653909,-0.10405116,0.21278067,0.13649745,-0.06305329,-0.26423112,0.013198441,0.43311024,-0.102411725,-0.15795687,-0.07786592,0.0013776303,0.08356703,-0.09390519,-0.2269243,-0.17237918,-0.06363738,-0.44907546,0.056576677,0.12530605,-0.3558516,0.34217393,-0.24671617,-0.080393426,0.08880124,0.0464051,0.16944288,0.18465094,-0.2463471,0.080534406,-0.13517883,-0.094494,-0.061384745,-0.23722462,-0.08314125,-0.060536027,0.15069465,0.2108419,0.34733665,0.056219876,0.07898928,0.12752624,0.043643642,0.22838084,-0.13771161,-0.012192698,-0.37878233,0.051175505,-0.4659357,-0.07900871,-0.06539808,0.031342108,0.008915705,-0.5808784,0.29905316,-0.35517806,0.10025231,-0.38144585,0.3257847,0.49536532,0.22124405,0.27697474,0.028091874,-0.015737984,-0.11942109,-0.1098962,0.50028175,-0.04050967,0.11207807,0.22962137,0.19911914,-0.015858945,-0.09731813,-0.17782742,-0.5369407,0.13802698,0.36506987,0.022732977,0.024830816,0.10753895,0.27382287,-0.21383563,0.025381273,0.1665895,0.12169808,-0.18962204,-0.25230306,-0.41121277,-0.03530038,0.3107558,-0.15844713,0.04148107,-0.09348067,-0.019124307,0.18037386,-0.21833415,0.23546147,-0.16430576,0.008270396,0.34717828,0.260781,0.10753498,0.3276183,0.47229886,-0.32902783,0.2420886,0.026528414,-0.12213061,-0.131496,-0.08696667,0.16963556,-0.2922866,-0.12244169,0.38308984,0.46451727,0.34492534,0.2671699,-0.19002077,-0.09453966,-0.13914596,-0.24594676,-0.26673803,-0.17834857,-0.06454866,-0.23470566,0.45569196,-0.53773636,-0.12600185,-0.12740703,-0.008171463,0.1325136,0.04546339,-0.13430521,-0.10503801,-0.0051446995,0.14032207,0.1816649,0.003826559,0.2846982,0.2871216,0.09793383,0.101265825,-0.31220502,0.0006720781,0.22775185,0.35348362,0.35125345,0.06991366,-0.32339454,-0.07032223,0.12861414,0.051849067,0.035220735,-0.27329314,0.3413446,0.08987282,-0.32227948,-0.12980118,-0.18080282,0.42642593,0.18120787,0.026586074,-0.26541334,0.029724065,-0.0715555,-0.45146257,0.2710402,0.13901317,-0.1397154,-0.17611684,0.4966925,-0.15562873,0.0081355125,-0.2008264,0.058511745,-0.24585478,0.24331367,0.23602512,-0.14586732,0.32430723,0.17016675,-0.040516622,0.40990037,0.19247273,0.09069784,0.38140005,0.116741344
ILPILSLIGGLL,0.13696747,0.10284292,0.18967295,0.14556722,0.088295884,-0.32306552,-0.1985105,-0.0046764635,0.30405766,0.039423335,0.29170674,0.02628552,-0.022609388,-0.11553941,0.3473622,0.10777632,0.0034401652,-0.11412118,0.20080908,-0.030624846,-0.22284092,0.078998804,0.22215398,-0.18129669,0.01283316,0.21614797,0.12470976,-0.07394375,0.5461375,0.11961747,-0.36138868,-0.20828322,-0.110942975,0.31756908,-0.19770454,-0.14255522,0.036635853,0.11355338,0.2432532,0.20326199,-0.24924116,0.24418433,-0.3736578,-0.08744077,0.49724847,0.0970567,-0.21690597,0.4304626,0.012086124,-0.4818789,0.19055387,-0.16100337,0.2920203,0.10469575,0.043129627,-0.04868982,0.07346429,-0.03156527,-0.064823024,0.08417763,-0.30678287,0.15990284,-4.7174735,-0.056192834,-0.026487758,-0.08895127,0.022372862,0.6477789,-0.053476755,-0.032446187,0.10822974,0.06661419,-0.1641722,0.14396305,0.32970956,-0.3094821,-0.10405422,-0.31491074,-0.13256589,0.29479647,-0.052280493,0.019270929,0.03967048,-0.118539326,-0.22308697,-0.055169668,-0.011086322,-0.25753248,0.027519407,0.032567747,-0.030921673,-0.07966251,0.086087845,-0.05115662,0.26313648,-0.13715282,-0.16753162,-0.04837374,0.20147963,-0.1974257,0.17849663,-0.10803812,-0.4199651,-0.30844972,0.014985865,0.30230728,0.19328137,-0.062136374,-0.091231145,0.015286399,0.31699762,0.32039094,0.19174516,0.3156039,0.033694353,-0.070139,0.16751993,0.0826214,0.05394151,0.0960294,-0.11758428,-0.103087164,-0.16878244,0.09758216,-0.24489518,0.27258378,-0.10307176,0.03982814,0.3160788,-0.14668031,0.32448316,-0.17955665,0.039368663,-0.04151369,0.25998122,0.003242743,-0.0867573,-0.3415977,-0.16131537,-0.14600292,0.083767235,-0.107621334,-0.20655549,-0.020376015,0.1470708,-0.2168066,0.12570262,0.00924097,-0.1519684,-0.0414006,-0.2078723,0.14301524,0.06119364,-0.30645877,0.028676156,0.03038244,0.16822524,0.00049400114,-0.05714192,0.28919706,-0.010540045,0.030756125,-0.12370355,-0.23970146,0.055378426,-0.029475192,0.17802215,-0.13446465,0.16202353,0.08059097,0.18228878,0.094433084,0.074917756,-0.16089591,-0.014601946,-0.07705261,0.18432999,0.025102505,0.10219791,-0.29917243,-0.007627849,-0.21902709,-0.032884594,0.13957779,-0.106480956,0.12216479,-0.11018675,-0.0483618,-0.03242136,-0.380356,-0.22537637,0.37222815,-0.17647766,0.12040036,-0.11107362,0.30134818,-0.23647977,0.06784115,0.13682029,0.22187117,-0.105257206,0.25884184,0.6012996,0.45801815,-0.16002783,0.051838093,0.0039226813,-0.12238733,-0.32922918,0.32680085,-0.37746924,-0.15512528,0.42419758,-0.14081745,-0.07049401,-0.47022462,0.12050318,-0.03103534,0.1416599,-0.27984473,-0.2495342,0.21600427,0.111802444,-0.024786651,0.14118882,-0.08857932,-0.6034093,0.16869421,0.002034116,-0.14021717,-0.31766996,0.09330275,0.5364754,-0.14510952,0.027895438,-0.28458196,0.054236334,0.016667338,0.40606707,0.045781292,-0.058734115,0.026294976,0.21221338,0.09008925,-0.20128861,-0.1452759,0.12758303,0.13412318,0.05655058,0.13270056,-0.2574635,-0.32956377,0.17099912,-0.18934663,-0.3080216,-0.077003494,-0.24893658,-0.19463666,0.39363018,0.14618231,-0.06279298,-0.23043288,-0.12615675,-0.12691937,-0.020868275,-0.030519022,0.04102897,-0.18555622,0.22594997,0.23846479,-0.1334131,0.48474053,-0.10067048,0.16170017,0.11175785,-0.09314687,-0.12043398,0.1378427,0.1294589,-0.10039221,0.4329596,-0.47076574,-0.042076338,-0.3062194,0.01722214,0.16638926,-0.21118534,0.007773953,0.10400132,-0.19348148,0.12555231,-0.13448782,0.09203218,0.33311287,0.07759173,-0.3008497,-0.14272615,-0.32673785,0.0747491,0.36094877,-0.2904047,-0.007751864,-0.06571667,0.17573145,-0.11685201,-0.24618867,0.31690058,0.20059335,-0.29339543,-0.034897227,0.06660624,0.29477876,-0.10282679,-0.019433176,0.14137223,-0.050781276,0.22124478,0.25201806,-0.15383561,0.17726861
SAVGRHGRRFGLRKHRKH,-0.103709266,-0.4286695,0.15536334,0.45216098,-0.22052078,-0.47234374,-0.31756455,-0.122340836,-0.17594308,-0.18615013,-0.070109285,0.21344769,-0.099124596,0.18756524,-0.049326498,0.037823968,0.31559518,-0.115111664,0.07778806,0.112580955,-0.3793145,0.02893095,-0.16359286,0.03561622,0.0952467,0.23949783,-0.03824029,0.2819994,0.10326308,0.034953207,-0.10419083,-0.26655143,0.21927194,-0.64123374,0.24755129,-0.3431027,0.11475544,-0.013276836,0.32842734,0.14308923,-0.1725307,0.18237537,0.040689223,-0.19455412,-0.118328966,-0.18374668,-1.0858935,0.26589105,-0.32957363,-0.023982137,0.06903367,-0.01765197,0.10932823,-0.044749606,0.08270445,-0.23361942,0.04182112,0.06911041,0.06549151,-0.1561985,-0.09179333,-0.18827693,-4.7935996,0.07872845,0.04481827,0.0440434,0.056633223,0.25828856,-0.028298724,0.34238306,0.06823417,-0.12288563,-0.43258867,0.17079362,-0.16731015,-0.21648201,-0.1669229,-0.14365976,-0.03462825,0.44759065,-0.13387072,0.086326346,0.053671498,0.09011175,-0.25035647,-0.3092938,-0.056114852,0.055751093,-0.004128024,0.17110096,0.28318298,0.2924654,-0.09218557,0.08194577,-0.2045382,-0.021714395,-0.14351347,0.4089834,-0.15423673,-0.115474984,0.2921862,-0.0053847535,-0.093261555,0.0218615,-0.06695862,0.35504958,-0.10091011,0.12477912,0.26574177,-0.18094677,0.17611341,0.1466419,0.17971492,-0.04573484,0.09369808,0.15111451,-0.02028676,0.24957135,-0.2553059,0.27668363,0.036545318,0.15321879,-0.10781932,0.18333122,-0.05203986,-0.17879936,-0.22215763,-0.15202782,0.16900183,0.078521684,-0.042544287,0.113718465,0.041688744,0.02205516,0.14576347,-0.032095343,0.083833106,-0.289579,0.06164962,0.2270159,0.24202605,-0.22171941,-0.21034232,0.14282832,0.21604499,0.16682197,-0.16823205,-0.30758113,-0.037343137,0.02722537,-0.27976096,0.17812893,0.09885147,-0.15956263,0.118882135,0.14905775,-0.078920744,0.31463134,-0.09591873,0.07434613,0.081031285,-0.019322257,-0.115649365,-0.021156976,0.03369604,-0.1308682,-0.11681707,0.16192159,-0.042556733,-0.023534218,0.2616665,0.1861094,0.33683646,-0.23150893,0.117080115,0.109999396,0.11034737,-0.11824193,-0.020831155,-0.20832911,0.33189672,-0.08954704,-0.16934301,0.10181077,0.029215163,0.16674188,-0.3136245,0.2642259,-0.12875703,-0.07737287,-0.4640649,0.13767526,0.29442063,0.3024582,0.2046241,-0.121426746,-0.083698235,0.1675648,-0.26789352,0.6392065,-0.07275649,0.16039288,-0.03339901,-0.05697475,-0.03851996,-0.28995162,-0.06581465,0.025254663,0.09194251,0.35862824,0.053949,0.112581655,-0.037731983,0.15820293,-0.16278341,-0.023513855,0.06088074,-0.035252858,0.10147852,-0.07651426,-0.53796756,0.033739835,0.11315006,-0.011997314,0.32543987,-0.08088838,-0.1761189,0.19800137,-0.03670972,0.13190472,-0.054730676,-0.098525465,0.33245915,0.3424872,0.019662168,0.22838227,0.4334835,-0.43506113,-0.0055429577,0.10271342,-0.19049154,-0.2859273,0.10109049,0.01817837,-0.29240036,-0.21461263,0.26837522,0.33237445,0.21277566,0.14226606,-0.24090786,-0.09302912,-0.09261382,-0.20612867,-0.28511435,0.112008885,-0.026778162,-0.25269014,0.39359012,-0.25051668,-0.09201918,-0.23073184,-0.16215967,-0.026593566,0.014592665,-0.23345688,0.161558,0.05353291,0.47636622,0.067417726,0.20024602,0.113087416,0.17461047,0.37692595,0.057013012,-0.34235117,0.1102741,0.15734899,0.42225558,0.18931507,-0.29587117,-0.24556553,-0.09764179,-0.020069987,0.059059493,0.124378756,-0.29563475,0.045943312,-0.3233177,-0.36500967,0.08452906,-0.18593323,0.28370133,-0.05316844,0.057122715,-0.35556644,-0.02387217,-0.04742745,-0.41742057,0.4211455,-0.024140168,-0.035128042,-0.28908393,0.43454677,0.07387926,0.082404375,-0.09494082,-0.021788683,-0.20970145,0.16577289,0.1029952,-0.08049145,0.14621246,0.11494477,-0.1816382,0.16847134,0.0743707,0.2191062,0.07437913,-0.19300823
GLNALKKVFQGIHEAIKLINNHVQ,-0.033845834,-0.05434895,0.21864274,0.062963374,-0.25489557,-0.16082184,-0.118357375,0.033714265,0.084283955,-0.058709443,-0.091102056,0.10454883,-0.04702624,0.2143726,-0.053569116,0.0056313816,0.09430119,0.040434264,0.18129864,-0.08892989,-0.12973915,0.0128547065,0.08575508,-0.05610969,0.009427991,0.2500561,0.07678827,-0.004416967,0.11805662,0.042193152,-0.2810119,0.072785996,-0.010824346,0.07519872,0.04400844,-0.28635997,0.06962235,-0.050644234,0.21277598,0.08518492,-0.053330634,0.1955156,-0.10578268,-0.045732096,0.037574477,0.18874015,-0.8940974,0.2987621,-0.21358389,-0.39063975,0.14327787,0.012130706,0.09184123,0.13402745,-0.14092773,0.007422266,0.08963756,-0.031788763,0.11644015,-0.10457493,-0.037388757,-0.043208864,-5.1846566,-0.025454674,0.017148342,0.13251135,-0.017275605,0.22028449,-0.101867676,0.11758448,-0.1309872,0.042562123,-0.0044812765,0.28957605,0.028439572,-0.123085074,-0.012915813,-0.020689534,-0.106330834,0.2527,-0.069228895,0.20354635,0.19332391,-0.0877756,-0.11133346,-0.05452278,0.11422438,-0.11113652,0.09543892,-0.043392636,-0.071432285,-0.1738813,0.11459451,0.059904136,0.05633747,0.1673918,-0.06185822,0.061159372,0.06342565,-0.17766446,0.21983401,0.034646843,-0.12901312,-0.0899208,0.11842174,0.15177588,0.02840348,-0.028671158,-0.026718672,-0.041354004,0.10410145,0.26176816,0.21537723,-0.0060147895,-0.029257016,0.18325938,0.037013512,0.16511528,-0.11088519,-0.01432856,-0.029371189,0.004743471,-0.010097956,-0.20177327,0.13875553,0.032507602,-0.044617873,-0.056949284,0.018773813,0.12447877,0.036243703,-0.12237697,0.12534417,0.13487133,0.1705207,-0.12834379,0.012749845,-0.057478134,-0.09694336,-0.3042254,0.1281897,-0.12752071,-0.11339717,-0.13246292,0.060843084,-0.048974965,0.08095923,0.06491756,-0.20238505,0.102272995,-0.011840465,-0.023541769,-0.068427995,-0.09306486,-0.05853528,-0.006905079,0.078320466,0.07961409,-0.008194039,0.14845361,0.031486508,-0.014973755,-0.15843908,-0.056169108,0.059843503,-0.07943942,0.057517953,-0.050720856,0.033327747,0.070627145,-0.011538217,0.19990271,0.19582169,-0.16268007,-0.06870358,0.16398147,0.15303205,-0.022205926,-0.09743566,-0.1653199,0.04135404,-0.30721372,0.033228837,0.19268973,-0.09644321,0.16173142,-0.06340375,0.20548128,-0.11555763,-0.15360367,-0.08708109,0.13113886,0.27610657,0.021666816,0.0658636,0.22499567,-0.02067303,0.12392716,0.0083723115,0.49301684,-0.03745546,0.027774971,0.27473462,0.21888088,0.069630794,-0.14582011,-0.057360027,-0.41574383,-0.01016354,-0.04686252,-0.035801984,-0.09507214,0.1613241,0.060719136,-0.10009065,-0.06652988,-0.12265508,-0.09073644,-0.08347625,-0.081761524,-0.36381736,0.10702707,0.25792882,0.020849742,0.061375882,0.007384908,-0.0816261,0.09230311,0.022814315,-0.02995316,-0.01974893,-0.03882643,0.28243035,-0.09699522,0.03828881,-0.075977296,0.19666849,-0.13596544,0.13552651,-0.03233134,-0.035118394,-0.11664156,0.024009429,0.053368427,-0.1386474,-0.011185378,0.16922441,0.18487579,0.13228384,0.04437619,-0.047995504,-0.10665509,-0.097319916,-0.033188485,-0.15506543,0.1328165,-0.1167523,0.07485075,0.15726647,-0.059033487,-0.05977163,-0.057107486,-0.11899895,-0.018448649,0.0932079,-0.052574918,0.13314399,-0.13567822,0.22246368,-0.108521685,-0.076462284,0.23937204,-0.0020420367,0.11283258,0.118706696,-0.020335613,0.005523722,0.065946944,0.07947368,0.073836714,0.08025201,-0.25746772,-0.0030854517,-0.17915064,0.043252494,0.3428429,-0.2365043,0.01658996,-0.09127006,-0.021953996,-0.046872046,0.02350678,0.15941143,0.14362074,0.024979554,-0.098689705,-0.17120273,-0.08596897,-0.15480743,0.18010306,-0.12194094,-0.17009786,-0.13225703,0.20989323,0.029318074,-0.02430348,0.053063683,-0.1055137,-0.09619203,-0.10566436,0.22093263,0.11058965,0.028700503,-0.06630974,0.2084544,-0.03693145,-0.08504948,0.08844776,-0.015634743,0.010196533
GIGKHVGKALKGLKGLLKGLGES,-0.30398002,0.21947809,0.06012426,0.2541293,-0.07441735,-0.33689088,-0.052734498,0.18552849,0.09032818,0.14169998,0.052113958,0.11548859,0.006416285,0.03122109,0.5027578,-0.064757474,0.04795806,-0.05167347,-0.30447814,0.15067568,-0.5166628,-0.028976224,-0.024233442,-0.254791,-0.15474316,0.20201811,0.11335907,0.119655,0.1791789,0.16553101,-0.44335976,-0.16214372,-0.03368824,0.40789428,-0.0068191816,-0.22667454,-0.3349559,-0.08431035,0.045414552,0.17060663,-0.12682906,0.32614022,-0.541941,-0.11766424,0.5360675,0.06759961,-0.11129615,0.44849774,-0.14321323,-0.29515994,0.17069526,-0.18387619,0.07371844,0.20063183,0.19723764,-0.068498276,0.06851003,-0.14082424,0.27383924,-0.035189986,-0.17853485,-0.09987846,-4.4934263,0.055745497,0.06863216,0.10309862,0.08896794,0.23146757,0.058463152,-0.024634026,0.18201187,0.11783587,-0.18283987,0.23632729,0.32517448,-0.17482609,-0.22168091,-0.18681875,-0.07836063,0.26520193,-0.11680426,0.1845207,0.25901282,-0.29284582,-0.24677333,0.08361003,-0.019003201,-0.19463281,-0.15040012,0.31516433,-0.06750922,-0.08330635,0.15987825,-0.16018459,0.24859679,0.006999397,-0.053276323,-0.0034157855,0.14682278,0.115370944,0.42299187,-0.17064224,-0.476156,0.036732934,-0.048318144,0.36834326,0.09670485,0.10511644,-0.098281495,-0.026580961,0.45220765,0.09119956,0.022801083,0.13852279,-0.039825812,-0.11982256,0.24811962,0.19463974,0.055248022,0.03460438,0.0175172,0.059978772,-0.13280596,0.24028991,-0.14159806,0.3608477,-0.22337848,0.12921874,0.3988579,0.36519653,0.02296146,-0.01456901,-0.2154759,-0.14358678,0.07709633,-0.22333334,-0.13299213,-0.21087287,0.1377242,0.00044879943,-0.0069552897,-0.14625865,-0.12840329,0.06498483,0.25471792,0.049558505,0.14080083,-0.02948195,-0.07071145,0.052147485,0.029644089,0.1357334,0.030903317,-0.15134118,-0.048146807,0.22667317,0.13078085,0.08162893,-0.1632485,0.060730133,0.11006564,0.059274968,-0.2729728,-0.10643597,0.25864184,-0.0500874,0.12386364,0.059253305,0.007294725,-0.026953822,0.059286702,0.17681904,0.32042477,-0.43326804,-0.18183142,0.01424573,0.07743252,-0.23608965,-0.15079932,-0.10508326,0.13557379,-0.11717184,0.0070268535,0.45946735,-0.17666678,0.22056976,-0.027222099,-0.033682264,0.05526017,-0.3530896,-0.1983643,0.09351774,-0.28421342,0.038107127,-0.17805474,0.33296403,-0.23112242,0.24094835,0.007545401,0.68059295,-0.260717,0.1697763,0.075728185,0.121305116,-0.058956094,-0.20573875,-0.02422536,0.029182551,-0.113328174,0.0070075514,-0.20536321,0.043094385,0.59622204,-0.09963707,-0.006628251,-0.40839905,-0.00565368,-0.29856682,0.22166027,-0.002744949,-0.22221825,0.22280155,0.08327885,0.15613742,0.45704964,-0.14379236,-0.41747952,0.2021015,0.0076240087,-0.2303688,-0.20274529,-0.05338829,0.45854056,0.11566481,-0.09961916,-0.3245666,0.06310065,-0.17113815,0.17718174,-0.11944212,0.20615312,0.07032433,0.22841297,0.01633588,-0.05860135,-0.29473972,0.022540545,-0.0074847173,0.11291825,-0.1982219,-0.28231925,-0.23801613,-0.009069201,-0.18641981,-0.45993134,0.020195771,-0.10160654,-0.080267996,0.1293983,0.08401697,-0.17950727,-0.32125565,-0.2262291,-0.15800038,0.29611197,-0.13594313,0.109751835,-0.02569468,0.2654843,-0.054962203,0.1211451,0.40760148,-0.2877502,0.11211939,0.0815483,-0.05136492,0.2012657,0.12825152,0.17138776,-0.045932908,0.19326596,-0.46285656,-0.10063625,-0.41097817,-0.14539924,-0.05022346,-0.112632796,0.1289971,-0.32931802,-0.04196039,-0.009309776,0.04526287,0.1059191,0.10751837,0.21991967,-0.25811765,-0.2042355,-0.2276501,-0.004556205,0.34306052,-0.46234402,-0.038536582,-0.17026699,0.018363154,0.07997878,-0.10549835,0.38990346,-0.1453069,-0.2019046,-0.09525224,0.2344966,0.35060674,-0.36098742,0.0295787,-0.033532076,-0.08068367,0.006670426,0.24103539,-0.137185,0.070890255
NLWAGILKHIIK,0.028934374,-0.14538108,0.26104712,0.14873579,-0.02481524,-0.26176918,-0.18132715,-0.03993128,-0.0025622654,-0.13125679,-0.014524294,0.15564539,-0.046799567,0.04951794,-0.0782349,0.10913231,0.17298596,0.0742314,0.20711906,-0.10288153,-0.24909471,0.00014538744,0.07249389,-0.03849454,0.01498005,0.38747343,0.045889385,0.05641262,0.25485006,0.03863578,-0.2535325,0.03705246,-0.007402365,-0.09003981,-0.042330068,-0.3253477,0.04813842,-0.09069006,0.2890189,0.19125958,-0.07365574,0.22573444,-0.123928525,-0.035602514,0.15466462,0.1245138,-0.8869912,0.3366641,-0.20710565,-0.31401536,0.16652365,-0.01549028,0.21383624,0.093591094,-0.18580638,-0.00090538495,0.16179633,0.023266315,0.10422107,-0.09792067,-0.10769151,0.049519278,-5.1485486,-0.032307234,0.014863351,0.0600261,-0.07097501,0.26441532,-0.18306811,0.14223625,-0.09204028,0.045328856,-0.095438644,0.19917178,0.09692911,-0.055176634,0.0890827,-0.16400614,-0.08493687,0.31149366,0.029958138,0.11858542,0.12958251,-0.0015410872,-0.08480523,-0.07015916,0.0890779,0.004616004,0.15188397,0.062121015,-0.049260914,-0.08103739,0.07326146,0.050340317,-0.0062626726,0.116556965,-0.12059141,0.13959524,-0.0010088353,-0.23376556,0.05133679,0.0716215,-0.22162591,-0.1525924,0.09226613,0.3400254,0.086759984,-0.047214445,0.017579664,-0.10620093,0.11215234,0.30152434,0.23242895,0.13773623,0.085326076,0.12385257,-0.000110403766,-0.020422285,-0.17491066,-0.060454555,-0.11646833,-0.06671431,-0.07594727,-0.14375827,0.05361363,0.0020430344,-0.013494043,-0.109442554,0.0996316,-0.05709139,0.017196456,-0.12407084,0.23861781,0.13586523,0.17843361,0.0258127,0.07572663,-0.18402341,-0.16051742,-0.15077524,0.2758847,-0.14389423,-0.20503627,-0.16352572,0.045164973,-0.016115254,-0.0024580488,-0.14175218,-0.10064388,0.1138656,-0.16899095,0.004776318,0.03343384,-0.17779306,0.12391187,-0.12294358,0.0534857,0.12729098,0.0056279427,0.22720909,0.11199235,-0.095261015,-0.12807089,0.0076510194,-0.03353956,-0.058806036,0.0097220335,-0.021536669,0.053871036,0.15786944,-0.021723462,0.21995412,0.117768,-0.16291235,-0.06473197,0.11285468,0.20487943,-0.001542151,-0.0696527,-0.28185263,-0.0027884361,-0.40522626,0.055404283,0.056850452,-0.09464871,0.12278793,-0.13479976,0.14738964,-0.14940389,-0.13703172,-0.19616075,0.15437675,0.4358725,0.14412832,0.07372238,0.1199581,-0.05360307,0.10098826,-0.04301929,0.3705588,-0.053728104,0.21802485,0.28364247,0.31917125,0.070119634,-0.17579016,-0.07321739,-0.51602894,-0.10979169,0.1575272,-0.047177654,-0.12606107,0.17438467,0.1222477,-0.14647098,-0.08401942,-0.088420086,-0.012284184,-0.021269891,-0.25789827,-0.35452625,0.05490771,0.18499291,-0.04499626,0.06879774,-0.05700865,-0.12418483,0.09544707,0.028273178,0.0936433,-0.013953455,0.022487888,0.3582566,-0.06952874,0.11278578,0.025008159,0.2824056,-0.21191941,0.17322102,0.0985034,-0.08227579,-0.09845684,-0.009074702,0.12473335,-0.18217094,-0.10706607,0.1935147,0.16218723,0.15427911,0.17468794,-0.11683997,0.012332805,-0.014261941,-0.13355881,-0.25485322,0.0019764516,-0.14753664,-0.07476703,0.33563882,-0.2602923,-0.046523523,-0.09604299,0.012517293,-0.01419624,0.0130295465,-0.08018736,0.11148139,-0.103455804,0.24168251,-0.012167786,-0.07620951,0.31017599,0.03790048,0.056446593,0.05212805,-0.095199235,0.006597836,0.16619992,0.16130276,0.15928225,0.11743842,-0.25841883,-0.044214673,-0.13123932,0.04588578,0.1937867,-0.21029213,0.1355017,0.011318812,-0.1914951,-0.06326281,-0.11582806,0.25363472,0.18091337,-0.014493165,-0.19725844,-0.022248302,-0.2318307,-0.2381624,0.32641813,0.022983203,-0.17001748,-0.2361252,0.2997391,0.0035412887,-0.09152885,-0.010501996,-0.068331376,-0.18894185,-0.023850594,0.07284309,0.016852602,0.030617693,0.00047008693,0.12637682,0.087104574,-0.009196848,0.14262517,-0.023220118,0.07379055
KNWGAILKHIIK,-0.02086277,-0.16373256,0.2758775,0.16886608,-0.057060182,-0.19987953,-0.16380943,-0.06774818,-0.002306241,-0.15832244,-0.053785596,0.15990874,-0.114309736,0.10691464,-0.08307738,0.07592446,0.20170152,0.06002271,0.20776558,-0.096546374,-0.2713438,-0.035023686,0.053875756,-0.08789148,0.049197804,0.40766975,0.005197871,0.09632819,0.14899394,0.025524277,-0.23069084,0.091417745,0.019315168,-0.08742541,-0.021701535,-0.286547,0.015738215,-0.15754542,0.33254784,0.20013224,0.010458203,0.22711727,-0.1441624,-0.05237221,0.10041661,0.15815496,-0.9093791,0.30650705,-0.22348383,-0.25616714,0.15602943,-0.000949238,0.20183079,0.015665354,-0.14975384,-0.036598723,0.19903532,0.0082727205,0.17685881,-0.086338624,-0.042311937,-0.011788006,-5.1154737,-0.01544238,0.028987886,0.09865044,-0.05292021,0.22032844,-0.1324807,0.14884612,-0.07295657,0.06636872,-0.04162263,0.19967581,0.09409142,-0.034923803,0.09334664,-0.1507449,-0.06161631,0.28945908,0.03141939,0.14029852,0.088099584,-0.020878961,-0.04217336,-0.11398169,0.119570024,0.015450031,0.16978575,0.122847095,-0.037262302,-0.09869627,0.078727655,0.08817136,0.0026816237,0.107214555,-0.09437766,0.12893815,-0.08318145,-0.1485051,0.09050409,0.047500696,-0.20811401,-0.091593884,0.07709795,0.32917097,0.02231575,-0.027873095,-0.022199439,-0.14230196,0.10168352,0.2502746,0.17363133,0.12490417,0.11187123,0.11841623,-0.01597872,-0.04429024,-0.16012035,-0.1057804,-0.1159271,-0.07600472,-0.06878225,-0.20083007,0.063359804,0.07407616,-0.027228935,-0.09150132,0.09973818,0.02639372,-0.04036951,-0.08790166,0.16911077,0.1982489,0.124277055,0.045239806,0.08128162,-0.14591216,-0.16932657,-0.17499205,0.2585785,-0.14460489,-0.2326604,-0.13117994,0.09567259,-0.047904376,0.01622479,-0.18625055,-0.13698778,0.15571661,-0.11319486,-0.010670387,0.026036376,-0.105337374,0.030579444,-0.106864825,0.047977243,0.21574855,-0.044574972,0.20598772,0.1543484,-0.1050066,-0.19302763,0.058275573,0.0067786747,-0.014271627,0.008436633,-0.006479093,0.04179797,0.11403338,-0.047190078,0.20853435,0.17389879,-0.21817572,-0.07188255,0.09749593,0.19455735,-0.010285305,-0.1147163,-0.27092358,0.0095575405,-0.41902617,0.05547137,0.080784865,-0.12104965,0.14232172,-0.13212733,0.17232026,-0.1246403,-0.14588572,-0.16958235,0.057005405,0.44050357,0.14838481,0.047821213,0.13232593,0.004314862,0.16149554,-0.015857695,0.43967715,-0.0730905,0.14488725,0.21500881,0.26407284,0.088507585,-0.21505542,-0.04709283,-0.5424861,-0.0908007,0.057182927,-0.0133808255,-0.14741318,0.15456511,0.18870784,-0.11012507,-0.090063155,-0.11027952,-0.04612056,-0.015909936,-0.22924113,-0.36415306,0.047208983,0.15293232,-0.0113126105,0.053506307,-0.09627621,-0.061472986,0.11213826,0.06306318,0.13179648,0.025829196,-0.02936025,0.28696623,-0.03366385,0.107652046,0.027621577,0.31651145,-0.25551564,0.14409773,0.09483181,-0.07022754,-0.14482354,-0.0047204117,0.14609745,-0.1440843,-0.08609744,0.17358339,0.162995,0.12018246,0.08444989,-0.12008846,0.13035087,-0.02658591,-0.074063145,-0.22915958,0.017261537,-0.112126045,-0.09759994,0.32541767,-0.304761,-0.054608334,-0.11526496,0.010287027,-0.00014896903,0.037237555,-0.0528804,0.11500759,-0.06253122,0.28045338,-0.057983227,-0.037304156,0.25487834,0.020855526,0.052537415,0.050500255,-0.08640295,0.061733924,0.12439937,0.16223611,0.15051162,0.0668131,-0.21599486,-0.056480814,-0.15569684,-2.48413e-05,0.23306422,-0.2124544,0.10700405,-0.042181473,-0.19330752,-0.104610614,-0.13699163,0.20326833,0.16198824,0.017559543,-0.14956369,0.04883951,-0.2338161,-0.2815772,0.28461257,-0.010443139,-0.10444814,-0.22667563,0.28690952,0.021735076,-0.039197054,-0.041148666,-0.10788455,-0.13560767,-0.06976395,0.061855555,0.01919252,0.0118007865,-0.005412649,0.12747657,0.05932882,-0.0033829957,0.12552042,-0.0042530233,0.04574595
LNWKAILKHIIK,-0.01790399,-0.20711558,0.27297118,0.17702456,-0.029038621,-0.21862945,-0.18436499,-0.053404067,-0.07440024,-0.20212741,-0.09851284,0.1871347,-0.07767195,0.095853575,-0.14806168,0.09191624,0.23685011,0.043113258,0.18849082,-0.11978375,-0.22376099,-0.008863563,0.06943055,0.0066599078,0.08449156,0.42932695,-0.011848132,0.07181825,0.1839553,-0.010905088,-0.10143696,0.09072886,0.05032578,-0.10442505,0.020638075,-0.3671007,0.03527271,-0.2016075,0.32827288,0.18332191,-0.043992065,0.25140724,-0.042508423,-0.029960554,0.07464945,0.17618391,-1.0344446,0.26570287,-0.19698347,-0.23733051,0.1640734,-0.047247235,0.20189129,0.052690275,-0.21044502,-0.04239688,0.19122411,0.028376203,0.11176087,-0.17546417,-0.019628454,-0.03246069,-5.0964007,0.035458893,0.004939648,0.07099914,-0.06935728,0.10932112,-0.2190412,0.17774849,-0.095778875,0.012527307,-0.08696101,0.23080178,0.093028344,0.012281756,0.06264552,-0.13489375,-0.02483612,0.3139433,0.036558907,0.15607667,0.09950062,0.055190615,-0.051654782,-0.12891796,0.05860004,0.020817311,0.13022576,0.107599996,-0.05627484,-0.030549383,0.06936758,0.038735576,-0.10962914,0.12066092,-0.12845764,0.16676795,-0.050311476,-0.21424413,-0.025916586,0.045800585,-0.17559505,-0.14899133,0.13993065,0.3375205,0.035409603,-0.03601366,0.091681525,-0.16705684,0.03245285,0.25053284,0.17217007,0.064588405,0.13274236,0.17493333,-0.037313912,-0.039692517,-0.15069985,-0.11669196,-0.13047375,-0.10840941,-0.09423142,-0.25097042,0.091460526,0.0123472335,0.021176836,-0.11663084,0.0765847,0.00022714373,-0.025442818,-0.09977762,0.24181437,0.20288555,0.12034785,0.047893483,0.065621406,-0.11522583,-0.1283513,-0.20409708,0.3348341,-0.15646419,-0.19013575,-0.13590322,0.045674283,-0.032389816,0.001585475,-0.22877683,-0.13165103,0.17147127,-0.1720474,-0.028658172,0.021015422,-0.17596675,0.10046274,-0.20239823,0.045693625,0.14599021,-0.011777417,0.22667141,0.1736838,-0.11237991,-0.1507581,0.089555815,0.026013,-0.048625145,-0.07319232,-0.0162939,0.018809648,0.15966238,0.03710579,0.21865848,0.13810253,-0.16851304,-0.005760789,0.1554337,0.23408596,-0.019652976,-0.13408934,-0.29269642,0.020154838,-0.4685684,0.062570706,0.02328697,-0.10642245,0.0970658,-0.24054131,0.17287722,-0.17582253,-0.08679618,-0.19304939,0.08331515,0.54104674,0.13630168,0.07604788,0.08920304,0.023935603,0.11880193,-0.015837353,0.46747965,-0.043459196,0.10405885,0.20833156,0.22152932,0.12894353,-0.22393891,-0.035774864,-0.65936506,-0.059497084,0.1082621,0.039279573,-0.11460185,0.09991712,0.2264427,-0.14569385,0.0043551815,-0.059696652,-0.04372524,-0.07653589,-0.19876926,-0.3884506,-0.03323736,0.20394473,-0.052829463,0.043194465,-0.07743442,0.008778618,0.107033126,-0.0069083497,0.2109624,0.003017532,-0.013536503,0.27494937,0.004017881,0.12511803,0.12661657,0.29814836,-0.27396524,0.13856132,0.09504728,-0.09681696,-0.21216105,-0.06383346,0.1505995,-0.19965498,-0.07118298,0.23392221,0.19988067,0.13440186,0.14715315,-0.13237919,0.08459511,-0.049495574,-0.07755738,-0.2272644,0.0045658285,-0.09148634,-0.104690135,0.38822433,-0.36493048,-0.04119411,-0.07649136,-0.0070811063,0.0085569825,0.028100593,-0.05562598,0.13697569,-0.075997695,0.22559531,-0.065012015,-0.04190783,0.27541128,0.12998687,0.07254555,-0.015306943,-0.11590765,0.051647816,0.17800184,0.18659127,0.25754878,0.05515278,-0.18669377,-0.08637567,-0.102850355,0.023716778,0.21453919,-0.23775746,0.11360262,0.028511468,-0.22455604,-0.09833983,-0.1556205,0.29462272,0.12877247,-0.024316953,-0.19331715,0.07969541,-0.1427696,-0.3042142,0.26661915,0.052739073,-0.1556662,-0.2415779,0.29474849,0.010044535,0.040686112,-0.124835,-0.054079566,-0.13951465,0.030002905,0.08457367,-0.0024176596,0.064387344,0.0625448,0.108066194,0.1351714,-0.0062186397,0.12831512,0.059574626,0.04745684
LNWGKILKHIIK,-0.022868112,-0.16663584,0.2937129,0.22267568,-0.04779247,-0.2948611,-0.18770646,-0.062353637,-0.0030494747,-0.18178304,-0.032609135,0.16631071,-0.0751526,0.09368887,-0.062460013,0.081141785,0.25940013,0.07078914,0.18679152,-0.10737855,-0.21699497,-0.026266009,0.06299063,-0.09535068,0.060594983,0.43759865,-0.050687168,0.082927346,0.25299862,0.031590898,-0.1902071,0.13259795,0.0266656,-0.103319086,-0.05430896,-0.29478016,-0.0052657872,-0.14274651,0.27598876,0.2180186,-0.053614013,0.25264865,-0.1885582,-0.012679719,0.122242965,0.15257351,-0.9850516,0.32529926,-0.24352784,-0.28320575,0.1715637,-0.020575901,0.19168134,0.05307797,-0.13277283,-0.01959354,0.16620715,0.018664083,0.09847429,-0.110532515,-0.07260965,0.019115137,-5.059663,0.0256685,-0.031862956,0.10468464,-0.04311972,0.23203671,-0.22888151,0.14163853,-0.046151858,0.028211925,-0.050147045,0.23520868,0.120846815,-0.046268106,0.09988703,-0.13884185,-0.08255533,0.30925846,-0.0074671092,0.19326076,0.14282103,-0.023093844,-0.051714707,-0.07757526,0.063621394,0.044435553,0.13775052,0.086932845,-0.006288423,-0.11158953,0.045026544,0.078209385,-0.042322244,0.08864336,-0.13831143,0.123780005,-0.03374817,-0.21768984,0.088106945,0.044673927,-0.24648562,-0.14326595,0.10192018,0.3415125,0.03611797,-0.015428246,0.034674775,-0.13701957,0.12969522,0.25079033,0.202217,0.11551212,0.08161725,0.12276529,0.03027707,-0.05868918,-0.12715326,-0.104609035,-0.19172308,-0.101093344,-0.10065134,-0.26559883,0.08060861,0.092477016,0.029031089,-0.09829335,0.09225958,0.029535761,-0.0005017285,-0.085758545,0.22118734,0.24428642,0.14301535,0.025906708,0.05886652,-0.17266579,-0.18882887,-0.22553909,0.2895357,-0.20306742,-0.2364669,-0.14493191,0.1296235,-0.040590875,0.005669184,-0.25819558,-0.112459786,0.19179235,-0.16010737,0.05140265,0.040658943,-0.16782048,0.088616624,-0.12179459,0.04489725,0.18367775,-0.02557593,0.22308132,0.16456671,-0.08100174,-0.19079866,0.07499828,0.0014922193,-0.072725646,0.028390953,0.032450844,0.033768307,0.16840418,-0.023734877,0.20963813,0.23848285,-0.21455549,-0.040723924,0.16751562,0.17858835,-0.020754823,-0.11871993,-0.35144073,0.0364385,-0.40623674,0.042210817,0.09800869,-0.16726065,0.15867622,-0.16695294,0.14349616,-0.17122129,-0.14815596,-0.20949452,0.09044041,0.39535874,0.17453477,0.02462776,0.07672582,-0.02602392,0.12998421,-0.04106168,0.4936575,-0.06482054,0.12807362,0.22986157,0.2573988,0.10473873,-0.24773851,-0.0197906,-0.6575454,-0.07666404,0.12176893,0.022458354,-0.1246257,0.15847905,0.15210843,-0.12266694,-0.11555741,-0.049720634,-0.025621772,-0.017359532,-0.25553006,-0.37127018,0.06919622,0.14836134,-0.09709876,0.076109074,-0.0976122,-0.093117036,0.11431229,0.036947142,0.17849056,0.014337574,-0.030812493,0.34317964,0.0019536722,0.10235309,0.06457632,0.3062725,-0.29610953,0.17717613,0.13449791,-0.08957978,-0.17996216,-0.0445326,0.1347717,-0.19418202,-0.08692693,0.22134748,0.18420942,0.10748873,0.10598503,-0.14283298,0.05565253,-0.013308622,-0.12751555,-0.25206333,-0.0024590332,-0.13447894,-0.113474354,0.387752,-0.30064932,-0.020686043,-0.17990972,-0.038433246,-0.027044432,0.02332145,-0.035595234,0.13553397,-0.121817365,0.23147808,-0.030118389,-0.048054468,0.30335683,0.08406671,0.03419282,0.019719008,-0.103835925,0.059580248,0.15713754,0.22479811,0.17877744,0.10774517,-0.24025117,-0.08243394,-0.15114388,0.010473326,0.16616331,-0.23054706,0.13697259,0.0630582,-0.20823117,-0.087444,-0.15039189,0.22205445,0.18720527,0.01051494,-0.21455815,0.04469827,-0.26327395,-0.24368262,0.32371953,0.034502525,-0.125886,-0.20505367,0.2863589,0.02579434,-0.0051673204,-0.0346973,-0.03382766,-0.15563855,-0.030571312,0.11989581,0.024266023,0.017285174,0.000260302,0.15817602,0.13567552,0.021197382,0.07991686,0.025999542,0.06357051
LNWGAILKKIIK,-0.023795415,-0.09615774,0.2589898,0.17271231,-0.030685974,-0.24499771,-0.16650204,-0.036008537,0.09630628,-0.10189433,0.04905186,0.13717957,-0.0889373,0.053097956,0.00022635928,0.133121,0.1732337,0.016375178,0.18718228,-0.06608191,-0.32202673,-0.011762698,0.03563405,-0.1289738,-0.006151571,0.4064904,0.07756652,0.09897284,0.24638654,0.018869642,-0.3010631,0.10604375,0.049816232,0.011696136,-0.14444952,-0.28331104,-0.0066353464,-0.042014986,0.29400182,0.2578491,-0.02047685,0.24466296,-0.24121177,-0.047872458,0.21452041,0.18012573,-0.74039847,0.3449354,-0.18114612,-0.28639224,0.18165812,-0.042727165,0.24935906,0.023170913,-0.084846474,0.05706301,0.21972202,-0.015260367,0.17230193,-0.06805329,-0.10616766,-0.020382186,-5.0221605,-0.06019846,0.037773408,0.05398759,-0.11399491,0.29463068,-0.17408288,0.07190178,0.0039896197,0.07424259,-0.041874122,0.23322646,0.13591446,-0.052302007,0.112600245,-0.15895328,-0.107031725,0.326026,0.012333369,0.15130623,0.08442744,-0.1275137,-0.020548139,-0.09663987,0.15240249,-0.02150968,0.1998539,0.16198976,-0.04634277,-0.10949641,0.095798,0.059666216,0.030885683,0.06868359,-0.11519209,0.09244361,-0.03158049,-0.13901047,0.16677222,-0.0027893386,-0.3017784,-0.10841785,0.062390912,0.35229063,-0.023150904,-0.043781836,-0.02979866,-0.122848734,0.17655721,0.30426696,0.21044065,0.15442574,0.1489702,0.043652672,0.018106991,-0.07146976,-0.05749878,-0.058809735,-0.18274553,-0.089252576,-0.0960982,-0.17562166,0.046452973,0.06628706,-0.022267269,-0.019374374,0.11074215,0.017548911,0.0696169,-0.11026265,0.09810255,0.19655326,0.16147864,0.029775243,0.08078991,-0.17984906,-0.21281603,-0.23271568,0.26174638,-0.14222279,-0.2677899,-0.12491834,0.13821281,-0.10683018,0.035793394,-0.21677208,-0.12128957,0.16126566,-0.123925425,0.023024013,0.034031343,-0.09074787,0.01985445,-0.09818147,0.058326032,0.20093973,-0.032613553,0.22758959,0.16339572,-0.047085963,-0.16157104,0.057591923,-0.020332502,-0.00066827453,0.05844343,-0.044229846,0.080063805,0.098465085,-0.010313102,0.22345328,0.15484163,-0.24615237,-0.061634533,0.108300745,0.11888794,0.02836652,-0.13745159,-0.30647784,0.031850718,-0.36274382,0.029508615,0.06339497,-0.14792238,0.13102758,-0.11493678,0.09261261,-0.1299622,-0.20255974,-0.20113976,0.11782319,0.24955416,0.21895598,-0.081065856,0.14932649,-0.029313313,0.14135483,-0.020969847,0.3830957,-0.06983483,0.19260737,0.27668008,0.3817849,0.03938928,-0.20956567,-0.062708065,-0.57790357,-0.149134,0.027867187,-0.064023174,-0.1491966,0.25305185,0.1548262,-0.058076013,-0.2105402,-0.09968038,-0.07134497,0.064194165,-0.24587767,-0.26360264,0.09924931,0.12232949,-0.057110332,0.13774489,-0.13762371,-0.16791816,0.12457013,0.11887331,0.088403806,0.0038373363,-0.033115003,0.34961987,-0.09951486,0.119493864,-0.0041308976,0.18420264,-0.22882678,0.17045031,0.10509547,-0.020458592,-0.10012945,-0.015650775,0.09207808,-0.083395414,-0.15324683,0.17561726,0.13746488,0.07921172,0.05813367,-0.12666152,0.0650803,-0.010565624,-0.11122966,-0.2904435,-0.0004943705,-0.101393744,-0.09304316,0.33900577,-0.28048804,-0.07928224,-0.2161663,-0.050556395,-0.042603474,0.06342085,-0.06962842,0.064241074,-0.09288589,0.27886853,-0.027081965,-0.07092648,0.29102752,-0.06974666,0.052879713,0.06021068,-0.015038731,0.06679643,0.15098773,0.12871577,0.10905349,0.17711326,-0.26955014,-0.09074723,-0.24466212,0.0025133123,0.20993479,-0.1974083,0.063755475,0.0065913773,-0.16585596,-0.14313291,-0.13926668,0.1758987,0.22863355,0.028599786,-0.16405337,0.043986943,-0.35843593,-0.21894051,0.3800287,-0.0037084552,-0.08786954,-0.16814978,0.28341836,-0.035643037,-0.13561986,0.026785476,-0.0999141,-0.15369533,-0.07262627,0.047583096,0.13020213,-0.033268932,-0.0039339834,0.15764585,0.0447977,0.008456046,0.15691136,-0.038029186,0.10652433
LNWGAILKHIKK,0.015001438,-0.15260233,0.2435706,0.15897818,-0.005023838,-0.22724223,-0.18003292,-0.068586536,-0.028529767,-0.17696883,-0.040101,0.13194041,-0.08140647,0.06911943,-0.09707066,0.0647551,0.21371345,0.032207824,0.23136322,-0.106860995,-0.2639389,-0.02500405,0.010696157,-0.0390049,0.022608768,0.3927653,0.023606269,0.101890065,0.16531646,0.022957444,-0.23400262,0.070915595,0.0002952931,-0.11791528,-0.023488982,-0.30313298,0.03386431,-0.123807274,0.31813407,0.17952333,0.010106878,0.2367084,-0.14359985,-0.03916859,0.0974561,0.14672482,-0.987565,0.29037717,-0.24158815,-0.23137991,0.1352972,0.0062904987,0.19169378,0.07455808,-0.13321877,-0.018901506,0.18968762,0.021115694,0.16874325,-0.10264846,-0.066000275,-0.003804669,-5.1271844,-0.014075374,0.02412088,0.021657633,-0.05368609,0.23034656,-0.11321293,0.18434608,-0.10473841,0.037553582,-0.07865826,0.1722857,0.08250461,0.017479807,0.081194386,-0.1104644,-0.06723066,0.27333468,0.07668428,0.09447085,0.068365745,-0.000997123,-0.021116132,-0.11556502,0.12875688,0.03615547,0.13909112,0.13201174,-0.015664935,-0.094623946,0.080624744,0.10761754,-0.0008696871,0.108497426,-0.08192045,0.12572707,-0.009963004,-0.18812266,0.057087142,0.052008707,-0.20051001,-0.108695924,0.06952045,0.35930756,-0.014320166,-0.027966281,-0.014380546,-0.1397275,0.09298804,0.2737296,0.18443806,0.10902088,0.12502874,0.13623522,0.00036837798,-0.031047646,-0.17074575,-0.123563185,-0.14070058,-0.07879753,-0.0403836,-0.15017547,0.06544249,0.020539625,-0.034838684,-0.072996795,0.057630934,0.00927472,-0.011106857,-0.093634434,0.14207363,0.18755688,0.12307592,0.02724773,0.06290101,-0.17984626,-0.1368418,-0.1733952,0.28536457,-0.15024535,-0.2074547,-0.10259325,0.09748935,-0.07418748,0.022081604,-0.19268182,-0.16910158,0.165028,-0.10240291,-0.056481924,0.02601299,-0.1232612,0.040070917,-0.18945782,0.048378766,0.19488358,0.014312555,0.22090428,0.15580188,-0.104900755,-0.15861483,0.06507958,-0.031550195,-0.044553254,0.001209175,-0.019957492,0.045226175,0.109599836,-0.018615296,0.19549038,0.13790455,-0.17940296,-0.040967155,0.11642844,0.22429547,0.022106472,-0.115867086,-0.23764813,0.029256882,-0.39113635,0.08109616,0.07383412,-0.10821332,0.13910453,-0.13301413,0.121568374,-0.13755198,-0.12895988,-0.17032667,0.08982851,0.4420686,0.15630673,0.06038741,0.11211308,-0.016619487,0.15506734,-0.008603673,0.42220736,-0.0539576,0.15809432,0.20067461,0.2788578,0.06446955,-0.21071638,-0.053752374,-0.4557364,-0.10922486,0.09581816,-0.015338386,-0.16514465,0.1280195,0.21985766,-0.10976634,-0.038351323,-0.09731128,-0.06290383,0.01521789,-0.22460535,-0.28708765,0.041874595,0.13836671,-0.014276545,0.054487083,-0.08696636,-0.060450178,0.07885993,0.07098392,0.14615503,0.020583386,-0.009185639,0.28140074,-0.038128514,0.10548503,0.025346173,0.27803013,-0.27540448,0.1566547,0.09476848,-0.048967145,-0.14935632,-0.029013513,0.12080901,-0.1481609,-0.12229415,0.17024662,0.12703006,0.121249355,0.08565638,-0.104250446,0.054832004,0.0009197428,-0.0814363,-0.26430586,0.0011946538,-0.14778997,-0.089910254,0.35770196,-0.3005547,-0.013727511,-0.09293597,0.025444558,-0.00029403396,0.023455163,-0.03851462,0.116412826,-0.109715946,0.2560651,-0.06394512,-0.024069458,0.2717796,0.078970075,0.057739757,0.0050866413,-0.09085716,0.054867905,0.18490104,0.1424209,0.18215953,0.06992183,-0.16284755,-0.047249474,-0.13971643,0.043049257,0.18844369,-0.19143306,0.09301303,-0.034678407,-0.2011664,-0.106370494,-0.15627448,0.25575322,0.14643495,0.0006215051,-0.1379281,0.041349504,-0.23683497,-0.30524063,0.2888736,0.031624157,-0.09213669,-0.18502839,0.28862062,-0.006783754,-0.054034054,-0.04368586,-0.112168066,-0.14651723,-0.021613339,0.0043691183,0.017048625,0.01308882,0.02820195,0.12026568,0.051993787,-0.021258589,0.1574386,0.012780999,0.007637904
KNWGKILKHIIK,-0.07275401,-0.16055582,0.3106609,0.26468346,-0.09377903,-0.2521169,-0.15857865,-0.07577147,0.031924378,-0.17961995,-0.038152788,0.17384015,-0.11401974,0.1369934,-0.02614024,0.058177404,0.24169363,0.095476456,0.16979034,-0.07264902,-0.25446576,-0.045429137,0.059947968,-0.15543914,0.07422726,0.44445342,-0.07312388,0.11011668,0.17632309,0.036103938,-0.23272209,0.1776555,0.011777514,-0.058364503,-0.030266626,-0.2174443,-0.04557676,-0.18121262,0.31721878,0.22709395,-0.0025855633,0.23346688,-0.25019112,-0.008538624,0.13642791,0.16887413,-0.85836905,0.3196408,-0.24372058,-0.2780985,0.19561493,0.0042450437,0.1995168,-0.009257101,-0.0725624,-0.023872826,0.17543285,-0.008501129,0.17675124,-0.06871661,-0.053442214,-0.0026161878,-5.0312095,0.022380805,-0.008562113,0.17027913,-0.039550208,0.2310408,-0.2010762,0.13793305,0.019223556,0.056292232,-0.010481578,0.22760478,0.13892436,-0.07999177,0.1139823,-0.14662401,-0.07985405,0.29126295,-0.05306041,0.2040961,0.13052501,-0.06602143,-0.04162431,-0.06455285,0.095497094,0.03168661,0.15629496,0.14819387,-0.012079449,-0.10575156,0.06316541,0.057832267,-0.01373863,0.07287045,-0.1266373,0.10636611,-0.10998415,-0.12233097,0.18800993,0.029972762,-0.25048456,-0.11184081,0.11087454,0.3148683,0.031908832,0.0033176893,-0.020791361,-0.16522598,0.13461302,0.21219514,0.1719853,0.1188399,0.08470961,0.080729835,0.041746773,-0.075760104,-0.10280283,-0.121579185,-0.13898951,-0.093693055,-0.11205543,-0.30327114,0.08346061,0.17881063,0.0125024,-0.07989354,0.16176818,0.070469074,-0.03689843,-0.06517683,0.17500816,0.23952326,0.13466801,0.03458702,0.09085459,-0.14863905,-0.19842866,-0.2414144,0.2529699,-0.19871484,-0.28476802,-0.15446474,0.16770752,-0.034491237,0.027470574,-0.24878499,-0.099726774,0.2130953,-0.1160311,0.085834794,0.032467153,-0.106026694,0.03927503,-0.06463523,0.058112465,0.24037363,-0.08961332,0.20549552,0.19639258,-0.06925543,-0.2389584,0.0970396,0.044973366,-0.023262918,0.051200725,0.03497451,0.03242448,0.15921247,-0.082404196,0.19775037,0.28372544,-0.28560236,-0.08562062,0.1365407,0.13162121,-0.017990215,-0.13941506,-0.3425693,0.031174479,-0.42883006,0.01777786,0.14318609,-0.17683749,0.15562214,-0.12912084,0.17029838,-0.14489767,-0.16097693,-0.19257602,0.05460619,0.32348028,0.16821197,-0.016630633,0.105638266,0.010889111,0.18072578,-0.04883988,0.53445244,-0.12541787,0.08678109,0.18598244,0.23412015,0.108446375,-0.28948542,-0.0043422147,-0.7111947,-0.08307653,0.017521376,-0.0013688122,-0.13234286,0.1944575,0.1612384,-0.075206034,-0.20417598,-0.08259664,-0.027014162,0.0046297493,-0.23235676,-0.392991,0.092017934,0.12507585,-0.07013973,0.08889536,-0.12689485,-0.064861186,0.13410212,0.059345413,0.17388238,0.024046088,-0.058550444,0.32491097,0.0063599115,0.09151779,0.016670387,0.31969574,-0.30737773,0.1615173,0.12636901,-0.10436939,-0.17587747,-0.015934609,0.15029673,-0.17393441,-0.06741395,0.16057156,0.19064157,0.10241212,0.03498927,-0.17501166,0.1604241,-0.035353925,-0.10395385,-0.21042441,-0.009950575,-0.1021118,-0.12820958,0.34711054,-0.28789452,-0.05199183,-0.21062139,-0.035618786,-0.031401806,0.037767626,-0.05112664,0.1216504,-0.08524085,0.28438348,-0.06633233,-0.051424813,0.27064607,-0.008389504,0.014740753,0.04674827,-0.09433297,0.07029275,0.10884244,0.2182929,0.11735336,0.09733379,-0.2597694,-0.10248373,-0.191813,-0.05218852,0.18528228,-0.22397752,0.13631561,0.019440953,-0.18117568,-0.09498203,-0.15728569,0.14165263,0.17487206,0.040548097,-0.19922929,0.06450514,-0.29766423,-0.22368838,0.33731613,-0.028384773,-0.09327698,-0.2284332,0.2802028,0.0679677,-0.0066508735,-0.0170615,-0.06396892,-0.14999084,-0.09337025,0.1527133,0.05164842,-0.0262062,-0.022912005,0.1512272,0.111911654,0.042596128,0.09086222,-0.004619586,0.089816675
KNWKAILKHIIK,-0.07649834,-0.20507368,0.28605315,0.20587285,-0.068656325,-0.17751575,-0.15168098,-0.07564347,-0.030832274,-0.18280907,-0.09557016,0.18033062,-0.11924811,0.13520035,-0.12292814,0.06352764,0.22954372,0.07149785,0.18914951,-0.08220703,-0.24686015,-0.031375606,0.06362623,-0.049041636,0.07909229,0.4523527,-0.020146744,0.11050869,0.116098285,-0.004597996,-0.14554262,0.12362503,0.042800426,-0.06547294,0.032446492,-0.29978582,0.008522077,-0.22605182,0.37264535,0.20247076,0.011100421,0.22524999,-0.10367329,-0.039319843,0.093010105,0.2012817,-0.9084574,0.2555286,-0.19901395,-0.23498394,0.18431075,-0.027081441,0.20015801,0.0024001428,-0.1597108,-0.028993713,0.21076654,-0.0018617256,0.19511206,-0.13538243,-0.0006764084,-0.039264176,-5.0820045,0.034585167,0.032477938,0.13166068,-0.07180946,0.095281504,-0.18314302,0.16279896,-0.048483245,0.04658342,-0.04206125,0.22833811,0.109036155,-0.0213096,0.089703195,-0.14331715,-0.029148553,0.30198497,-0.010875873,0.17206368,0.08940511,0.0071821786,-0.02975491,-0.12383624,0.09309739,0.0049624857,0.14648546,0.1703068,-0.046717882,-0.035145063,0.07884206,0.04700402,-0.06771801,0.099014655,-0.111874446,0.14917032,-0.11578482,-0.12951483,0.0832991,0.032780804,-0.1767867,-0.12609354,0.1428901,0.31917456,0.012678926,-0.03318289,0.019118,-0.19093633,0.04367117,0.22032656,0.14779034,0.07540504,0.13102868,0.14875075,-0.028962692,-0.057312798,-0.1317095,-0.14704068,-0.09327935,-0.106882885,-0.09724804,-0.30546135,0.100260414,0.10556414,0.00089655817,-0.108280286,0.13423721,0.03885574,-0.058390476,-0.08502948,0.18169205,0.21041413,0.12169115,0.053991463,0.0889859,-0.10662162,-0.13928978,-0.22848816,0.30226582,-0.15803869,-0.2341049,-0.13440047,0.080343656,-0.040083986,0.02615519,-0.22406502,-0.12584798,0.19839737,-0.12459413,-0.002804151,0.0051546553,-0.094889365,0.03356155,-0.15040423,0.058885388,0.1987766,-0.06494762,0.22314785,0.2078654,-0.084754184,-0.19891743,0.12616971,0.06060088,-0.009554654,-0.053642478,-0.020613065,0.031531278,0.15389726,-0.012340397,0.2067382,0.17070451,-0.22653389,-0.04360828,0.12389105,0.19501185,-0.009005138,-0.14833474,-0.2837982,0.012544909,-0.48350284,0.055494785,0.06342949,-0.12190633,0.103074774,-0.19523379,0.18624218,-0.15971546,-0.11338155,-0.18078184,0.03668918,0.4795877,0.14130981,0.014474356,0.107599325,0.0528453,0.17365132,-0.015970321,0.48605973,-0.09342073,0.077873535,0.17310686,0.21888755,0.12478308,-0.25053298,-0.020131985,-0.71056885,-0.07886523,0.0019838917,0.019814773,-0.12808725,0.1419879,0.23104702,-0.10751738,-0.07062584,-0.08276912,-0.054027133,-0.04492281,-0.19357647,-0.40577435,-0.011411852,0.15716305,-0.036662873,0.06035871,-0.10831106,0.025097292,0.11485092,0.028496047,0.20944701,0.019395808,-0.042696696,0.259888,0.010227072,0.12161828,0.081711605,0.29359728,-0.28342062,0.11296648,0.08971135,-0.10551803,-0.21625064,-0.027030159,0.17003253,-0.18241346,-0.05578861,0.17397189,0.18963765,0.11367361,0.083727375,-0.15397398,0.17482485,-0.069227494,-0.06676285,-0.19885452,-0.0019673747,-0.062106196,-0.11610185,0.35841653,-0.34720248,-0.06271202,-0.10682668,-0.0041090804,0.0046453113,0.04287661,-0.07502763,0.11947372,-0.063215844,0.2689325,-0.10408141,-0.044141565,0.25072843,0.04031534,0.07182681,0.018201014,-0.090372,0.06412572,0.12188597,0.18998313,0.20220004,0.05155476,-0.18775903,-0.09609824,-0.14359619,-0.034286175,0.22785674,-0.2479812,0.104647644,-0.018926723,-0.18895517,-0.10798038,-0.16372196,0.21927951,0.120275624,-0.001020935,-0.16939926,0.11532425,-0.18797548,-0.28627738,0.27816752,0.0061546965,-0.118768565,-0.25342065,0.2982874,0.038895514,0.051898774,-0.12054341,-0.101981916,-0.11656481,-0.028176578,0.11028673,0.030314723,0.029597763,0.02871725,0.098170795,0.09689878,0.023005487,0.14408913,0.02655834,0.04788614
LNWGALLKHLLK,-0.0481708,-0.14780574,0.29177877,0.13457784,-0.013193092,-0.299833,-0.20181462,-0.020541053,-0.03622178,-0.18428901,0.039719272,0.013318671,0.01332757,0.037349258,-0.027452264,0.1233912,0.245744,-0.018807907,0.085427105,-0.06433175,-0.3791113,0.025151994,0.016824799,0.018850714,-0.072285354,0.4324089,0.09241227,0.10407309,0.25385112,0.058691066,-0.23779874,-0.14415297,-0.012234048,-0.057512496,-0.0037037667,-0.35669756,0.05565255,-0.08602367,0.24690759,0.22128786,-0.18857995,0.24506609,-0.09626001,-0.076827176,0.23289368,0.103250675,-0.7115084,0.2995727,-0.22153015,-0.23933773,0.10053752,-0.13591547,0.09541202,0.20483093,-0.045264486,0.013383989,0.14402683,-0.010554782,0.08175473,-0.15006241,-0.14482972,0.065920465,-5.030366,-0.022108896,-0.030604133,-0.048128255,-0.101336464,0.23205996,-0.19119671,0.08294467,-0.07484998,0.070999436,-0.1460167,0.21255226,0.08785576,-0.016561223,0.028813032,-0.17920494,-0.055202596,0.34412804,0.004178407,0.10944281,0.14839964,0.035197124,-0.09449531,-0.1332536,0.023312788,0.0007343537,0.029605234,0.11099286,0.00473713,-0.05365803,-0.007066775,0.07993754,-0.049711086,0.08584477,-0.03383318,0.15713397,0.063421644,-0.18264617,0.027517635,0.02579206,-0.25744644,-0.23281573,0.12364084,0.4528502,0.054543734,-0.14723253,0.06352793,-0.123118915,0.25744233,0.3467539,0.253818,0.083796024,0.113718286,0.118577585,-0.0032312179,0.00088302686,-0.11696204,-0.09488436,-0.15869734,-0.11066355,-0.08072244,-0.10092886,-0.064413,0.075511135,-0.07929428,-0.11029518,0.11049966,0.02733119,0.07731258,-0.10765279,0.13482773,0.13371454,0.06518289,-0.024887612,0.0382917,-0.25224334,-0.09716721,-0.07209296,0.24948767,-0.1609164,-0.1789036,-0.11359727,0.112543754,-0.035556126,0.067950524,-0.22711253,-0.12278204,0.13785245,-0.18336542,-0.1211759,-0.06876577,-0.16719404,0.14272664,-0.10592012,0.00850107,0.1793689,0.027400646,0.22949675,0.13483763,0.009096005,-0.24320102,0.016782822,-0.034305632,-0.15540436,0.049063206,-0.021682072,0.11531503,0.13177481,0.17847583,0.2985981,0.18622306,-0.12833229,0.051156104,0.1624056,0.18588376,0.035410132,0.008577753,-0.24886441,0.14944467,-0.37745807,0.093818195,0.14143266,-0.091318324,0.15728246,-0.115518846,0.048270904,-0.14517236,-0.30526677,-0.23707518,0.15796237,0.36645156,0.19652657,-0.020236552,0.13567618,-0.18420148,0.13341966,0.042507894,0.4425525,-0.02576383,0.14484201,0.30664444,0.27524504,0.08473955,-0.169874,-0.116742365,-0.3181913,-0.17241684,0.16759452,-0.14615856,-0.10793512,0.22838686,0.08191036,-0.17080662,-0.06969775,-0.008342693,-0.11597727,0.045489945,-0.30136672,-0.22599225,0.020309528,0.094968624,-0.061965007,0.13396429,-0.052380472,-0.18840441,0.035473336,0.052668966,0.13247575,-0.056075506,0.019470364,0.37622976,-0.08996433,0.07782767,-0.045933995,0.20191213,-0.23123915,0.21912988,0.062650226,0.0015245889,-0.11956406,0.020896582,0.17210582,-0.1392788,-0.19300891,0.12549849,0.11236013,0.15577348,0.14846322,-0.1626214,-0.09544021,-0.017688666,-0.1882416,-0.3736623,-0.017657395,-0.14074434,-0.06846233,0.39410424,-0.16044876,-0.009222235,-0.10214509,-0.041318603,-0.09430947,0.024688995,-0.11124805,0.15097666,-0.12729211,0.24562469,-0.060897555,-0.057305217,0.30638143,0.11923616,0.2026663,0.02137798,-0.09014166,0.03396549,0.2128065,0.16275468,0.17240706,0.12192625,-0.18694821,-0.124206506,-0.24439016,0.14312819,0.21367748,-0.29766554,0.083857104,0.09948618,-0.27432826,-0.030162336,-0.10837903,0.41430107,0.181468,-0.05528427,-0.18980792,-0.025364341,-0.19721138,-0.234027,0.3601636,0.055393923,-0.19579129,-0.1961204,0.32373935,0.018990695,-0.05504232,9.900545e-05,-0.114625156,-0.15584016,0.0910684,0.017358955,0.068623304,0.02652034,0.05742538,0.111784615,0.062572196,0.018409815,0.27094206,-0.033212855,0.025188211
GFGMALKLLKKVL,0.017471839,0.12814237,0.2631009,0.29641724,-0.04596033,-0.2723005,-0.18445657,-0.06882289,-0.058525346,-0.045711342,0.08871085,0.04032829,-0.12512654,-0.027274055,-0.024786353,0.035484247,0.0758036,0.015629409,0.050421555,-0.01376509,-0.46076596,-0.044881005,-0.104051575,-0.15170124,-0.16387728,0.4012296,0.04791921,0.1664423,0.24381499,0.17387488,-0.32577294,-0.08722715,-0.0064980476,-0.0020136079,-0.016063979,-0.29184645,0.004662072,-0.060261264,0.25177443,0.27687117,-0.06484159,0.285584,-0.3107734,-0.18108389,0.30475962,0.17123325,-0.53048116,0.2860398,-0.238633,-0.27416134,0.120054804,-0.16359496,0.19015816,0.20132323,-0.0056429068,0.050587524,0.028667334,-0.06689794,0.13551566,-0.13199839,-0.16666906,-0.008908213,-4.8961716,-0.03734125,-0.004087774,0.025155675,-0.09141299,0.3328908,-0.08095392,0.011228675,0.021629985,0.14718066,-0.069837995,0.2005093,0.15260069,-0.07775101,-0.11145289,-0.2384026,-0.026773373,0.38570872,0.0031845102,0.024158504,0.17576616,-0.21997762,-0.050854962,-0.16889744,0.023977857,-0.07183354,0.09047678,0.06916348,-0.011821361,-0.112676,0.043933462,0.005858056,0.08200473,0.109994784,-0.011150817,0.09061704,0.104693785,-0.06460378,0.1674849,-0.07022048,-0.3025003,-0.15777786,0.19573775,0.5232685,0.0042868196,-0.08082561,-0.10285185,-0.1199143,0.1963572,0.29041854,0.20868312,0.111553036,0.0055290814,0.08671428,0.12817039,-0.004114612,-0.124254994,0.010526705,-0.20866923,-0.06579914,-0.09401074,-0.08703809,-0.07841823,0.20037587,-0.10793725,0.021391476,0.08690722,0.10150088,0.066944376,0.059800472,-0.011800009,0.13835105,0.027979195,-0.048144214,0.08348615,-0.28569347,-0.13664176,-0.101592764,0.12417598,-0.19860433,-0.29518712,-0.07792251,0.12653221,-0.08263183,0.12796243,-0.12173662,-0.23783384,0.09039966,-0.036368355,0.009043588,-0.0509057,-0.01864746,0.07890768,-0.089020215,0.019955922,0.05411987,-0.0038466593,0.25997788,0.09404556,-0.02401716,-0.21595773,-0.038586874,-0.045087267,-0.018223308,0.18448432,0.05442686,0.1414028,0.027173929,0.12835176,0.3117133,0.21649699,-0.1380658,-0.03316574,0.11824986,0.1745101,0.013873239,-0.22197673,-0.22008891,0.12406404,-0.26235637,-0.037246443,0.24839504,-0.13666147,0.14568861,-0.10016974,0.040999845,-0.16136198,-0.2902312,-0.20665118,0.16550134,0.24267238,0.20330532,-0.17826344,0.24677597,-0.12039463,0.23672594,0.047736704,0.48594084,-0.07503736,0.19823071,0.3289234,0.30757266,-0.045864772,-0.03925913,-0.117393605,-0.3293397,-0.13562675,0.11337996,-0.07412095,-0.15609908,0.28564638,0.05055191,-0.053464368,-0.22604638,-0.013672154,-0.062179886,0.20680113,-0.24489658,-0.19430186,0.19874078,0.23060061,-0.0019915025,0.18506336,-0.057562638,-0.26099247,0.072687596,0.060450193,0.05387994,0.018185202,-0.012837569,0.51575017,0.029657472,0.12802953,-0.1251855,0.21426786,-0.29032955,0.21088657,-0.047232453,0.13292278,-0.040746085,-0.03659962,0.06591834,-0.17574903,-0.27869403,0.176443,0.017763013,0.27194387,-0.017567316,-0.25747356,-0.1143478,-0.01798784,-0.22176142,-0.45832625,-0.099741735,-0.24810165,-0.035427142,0.2817281,-0.16914292,-0.055046577,-0.20769913,-0.0816855,-0.12024795,0.05774423,-0.17882133,0.095344916,-0.19677043,0.2992986,-0.089372724,0.005263314,0.26102054,-0.0796133,0.1868351,0.1787408,-0.038218115,0.113503456,0.22078691,0.11871438,0.03261799,0.145762,-0.21429777,-0.010854056,-0.27103904,0.06297323,0.16550356,-0.28399605,0.14248969,-0.012393134,-0.2128086,-0.086085916,-0.12683614,0.2747025,0.23751558,0.06892478,-0.2021984,-0.030955395,-0.32091734,-0.22426556,0.43971518,-0.05376397,-0.09201772,-0.15255573,0.313069,0.006275752,-0.15592334,0.18291768,-0.24725965,-0.2520132,0.0087035755,0.1253779,0.23154587,-0.11909959,0.050910275,-0.0058290143,0.0023822666,0.07784628,0.18273869,0.058319695,0.19118592
AFGMALKLLKKVL,0.009797447,0.19873892,0.26619732,0.27413177,-0.011310597,-0.20244671,-0.18418308,-0.024587605,-0.06478396,-0.042731542,0.031989828,0.015887566,-0.14793165,-0.01955589,-0.04076631,0.00580615,-0.0030849853,0.038203422,0.07392621,-0.015329047,-0.43912792,-0.016118865,-0.055880997,-0.11819769,-0.09297817,0.37732774,0.07958668,0.14897655,0.1986724,0.17666216,-0.33387953,-0.1506107,-0.04968157,0.09465082,-0.049101487,-0.23179029,-0.001559343,-0.020045526,0.2749563,0.21802367,-0.06952414,0.23581189,-0.24228497,-0.20710972,0.38070118,0.18570189,-0.37787515,0.3008243,-0.17345878,-0.3202128,0.07930774,-0.14616233,0.16576089,0.17806149,-0.02976143,0.06132946,0.010432175,-0.09147811,0.1427393,-0.112339415,-0.1225172,-0.029807283,-4.9242487,-0.031744894,0.040951975,0.07742657,-0.10957623,0.31725734,-0.037377775,-0.006430819,0.07200935,0.1636528,-0.07261085,0.18478368,0.15533282,-0.10149822,-0.10395952,-0.24158378,-0.00885608,0.40090802,0.0053052977,0.01559935,0.17297147,-0.19092451,-0.033899736,-0.17516756,0.036434017,-0.14729007,0.052464522,0.11288532,-0.05845608,-0.08557589,0.053723533,-0.020213347,0.08668335,0.1208842,-0.028762966,0.03733433,0.053646546,-0.036048327,0.15540263,-0.07840143,-0.25532028,-0.17570856,0.1951589,0.4805998,0.035774104,-0.12747112,-0.14665279,-0.16121945,0.21635579,0.24791063,0.19240433,0.095078446,-0.006932546,0.062422235,0.12373532,0.06302983,-0.08068559,-0.02372464,-0.12939692,-0.10183852,-0.115196936,-0.097169556,-0.03546888,0.20818299,-0.0923115,0.028441913,0.16118102,0.104906,0.087752424,0.025248349,0.0017768453,0.14568068,0.07421486,-0.10560031,0.09119312,-0.3325637,-0.15222004,-0.14214024,0.07899009,-0.16629921,-0.34009045,-0.042603113,0.100781694,-0.10284723,0.15294479,-0.070842505,-0.25586894,0.06812308,-0.011105501,-0.03066693,-0.08253924,0.010016935,0.092709646,-0.121979505,0.039303705,0.063896395,-0.02958892,0.2737722,0.097705446,0.040308293,-0.16229126,-0.04489734,-0.042382155,-0.05502959,0.20523585,0.0067695635,0.18233888,0.06772648,0.14483738,0.28795657,0.19887526,-0.14918143,-0.061455477,0.10256974,0.19590202,0.026019247,-0.23338704,-0.16299902,0.11851249,-0.2796677,-0.045401786,0.23236077,-0.14112227,0.10961473,-0.011650373,0.040252246,-0.1033669,-0.2905454,-0.24763583,0.19313428,0.2760264,0.14388749,-0.19284602,0.3057893,-0.12060095,0.28190663,0.02859322,0.40921015,-0.0670221,0.20374867,0.36455038,0.29452458,-0.021157533,-0.07529278,-0.17097624,-0.33793372,-0.17660014,0.05654316,-0.11072119,-0.19831462,0.35532954,0.021917492,-0.066483416,-0.24788707,0.025298717,-0.051312212,0.22873709,-0.21869707,-0.15598355,0.18273807,0.20759824,0.06968754,0.19884294,-0.035987556,-0.2486114,0.055756528,0.07861144,0.06704811,0.029124698,0.022055991,0.44937074,0.017015988,0.1820612,-0.1411876,0.16983922,-0.23712963,0.21744148,-0.11375366,0.10046753,-0.01503851,-0.015377368,0.068472244,-0.17266074,-0.2488432,0.09181411,-0.003840695,0.2672517,0.0010386765,-0.25532073,-0.11211348,-0.004927251,-0.13353616,-0.39521006,-0.06740814,-0.21784666,0.023480449,0.24152175,-0.14842485,-0.09511237,-0.17074178,-0.04033262,-0.10894024,0.06537403,-0.23072092,0.09356594,-0.18474573,0.28039122,-0.1316507,-0.03588377,0.24387674,-0.13643755,0.1861987,0.18734153,-0.023099367,0.073689334,0.19765247,0.047764055,-0.012805134,0.116164796,-0.20583917,-0.030495504,-0.35478333,0.10639603,0.26964575,-0.31939724,0.05149059,-0.04750615,-0.15749833,-0.10181694,-0.10531707,0.26710945,0.18102387,0.03600233,-0.16361421,-0.034183092,-0.25200492,-0.1806726,0.4008289,-0.030974617,-0.10196255,-0.1475674,0.31224775,0.03794273,-0.20150623,0.12413285,-0.28690425,-0.2618418,0.031919207,0.122806735,0.28395838,-0.13565256,0.047816984,0.027917063,-0.07639412,0.07316978,0.2476228,0.017418277,0.17951335
LFGMALKLLKKVL,-0.028665382,0.09251654,0.28074968,0.3063354,-0.020504285,-0.31297222,-0.25315237,-0.046379857,-0.048325453,-0.07081771,0.04842205,-0.00039320588,-0.08916144,0.003316599,-0.017509,0.0054614902,0.06883582,-0.0060653607,-0.014275531,-0.028241526,-0.41140917,-0.0007597824,-0.02113581,-0.099410124,-0.13698368,0.4412076,0.027748585,0.13341436,0.29199204,0.14848857,-0.25375545,-0.13417426,0.03328971,0.10946821,-0.0027332047,-0.331622,-0.0026515126,-0.07357482,0.24308904,0.25687423,-0.13725376,0.2874013,-0.24796917,-0.16977218,0.34996128,0.15779495,-0.4442061,0.34081355,-0.20746067,-0.31114152,0.10095663,-0.24534433,0.1662747,0.2228629,0.0036668282,0.0351437,0.030507399,-0.09085108,0.10537909,-0.16699556,-0.18868743,0.039944552,-4.8743086,0.031280555,-0.017568441,0.067515366,-0.115293965,0.33043155,-0.14097776,-0.0074938373,0.118489005,0.1385769,-0.11377981,0.21928859,0.15322572,-0.15029126,-0.09354091,-0.26626176,-0.021898419,0.4276863,-0.029525077,0.07991964,0.24172646,-0.20714897,-0.08038111,-0.10027637,-0.050523035,-0.08888865,-0.0008461115,0.1459303,0.00041962563,-0.071324095,-0.0044543236,-0.030471992,0.023131251,0.091945074,-0.060986485,0.11392866,0.12338344,-0.10523952,0.12582444,-0.12335933,-0.33192766,-0.22928812,0.26820502,0.50263184,0.0617189,-0.0967226,-0.028283356,-0.13176599,0.2633909,0.2937516,0.22256233,0.091038354,0.040587243,0.035114624,0.13474607,0.01352402,-0.07999528,0.04464757,-0.2087913,-0.081397615,-0.13203637,-0.1555474,-0.036154367,0.2360163,-0.0581593,-0.0001181225,0.16832407,0.078672275,0.117498055,0.029465647,0.049783457,0.11091694,0.024257354,-0.075926915,0.038046043,-0.30494255,-0.15463334,-0.15619722,0.15917182,-0.20088515,-0.28461295,-0.0830299,0.15078788,-0.08666653,0.14270444,-0.15975155,-0.21078847,0.08044362,-0.07049434,-0.03912547,-0.071915954,-0.019347481,0.1496368,-0.05270253,0.024684453,0.053472772,-0.009078596,0.279587,0.08333204,0.03680173,-0.19107823,0.008142976,-0.019398335,-0.102353305,0.19153012,-0.00012194961,0.17599449,0.09499334,0.16398591,0.31092754,0.2496637,-0.11642681,0.0029217522,0.13324907,0.1674718,0.002467354,-0.21044125,-0.2408994,0.13303107,-0.32146874,-0.013972579,0.26376182,-0.13510647,0.11357079,-0.093094856,-0.0110327145,-0.14477877,-0.35469073,-0.30215767,0.19237523,0.2239335,0.17400911,-0.19257994,0.26619732,-0.21272923,0.23450975,0.053313375,0.5280068,-0.06521271,0.13998419,0.3642619,0.26729625,0.005383468,-0.07993276,-0.10845446,-0.40446034,-0.14545912,0.11675663,-0.122251384,-0.12614769,0.366029,-0.007896594,-0.13212359,-0.21990108,0.061480757,-0.034483723,0.21456721,-0.2834223,-0.21498995,0.15036345,0.1513637,-0.023864685,0.18398519,-0.030276312,-0.27811092,0.0497062,0.07694998,0.091866046,0.0054779174,0.06972645,0.49710634,-0.007428392,0.18026845,-0.116231315,0.17511126,-0.2904782,0.23665045,-0.058599297,0.1086104,-0.04566518,-0.018416917,0.09748939,-0.21124281,-0.2639701,0.15147799,0.056024328,0.21294986,0.01729267,-0.27839714,-0.14704081,-0.02635012,-0.21779807,-0.46036947,-0.1366354,-0.20808153,-0.017683558,0.30832234,-0.13067536,-0.059520546,-0.2469416,-0.101719,-0.16125701,0.069400415,-0.15536965,0.0922504,-0.17495288,0.24345948,-0.07387278,-0.013447632,0.29128486,-0.04951502,0.19462724,0.15086858,-0.0319925,0.06903939,0.2167352,0.14376967,0.051094,0.14211802,-0.23414238,-0.054375302,-0.33985522,0.10774245,0.17123842,-0.38649124,0.117381655,0.08211691,-0.22553362,-0.06713054,-0.13589716,0.30580744,0.22300778,-0.02367249,-0.25767252,-0.0086791655,-0.29252326,-0.15467688,0.4246976,-0.036649305,-0.15741104,-0.18778372,0.347277,0.029895224,-0.12680449,0.11839102,-0.15705664,-0.25626627,0.10954164,0.15661526,0.2347858,-0.08035306,0.089934684,-0.0074084383,0.03471194,0.17422695,0.23918079,0.07326405,0.24158534
GFKMALKLLKKVL,-0.074438885,0.04941817,0.2795224,0.36132059,-0.104472905,-0.27268013,-0.20537917,-0.052021258,-0.09400615,-0.1003741,0.008741098,0.03768076,-0.14084426,0.083343945,-0.058253217,0.011253979,0.0781037,0.018951138,-0.00730619,-0.01526088,-0.45984632,-0.044150066,-0.09533913,-0.1509329,-0.12265522,0.48553023,0.014936333,0.18400158,0.21055765,0.12437108,-0.23047218,-0.032680746,0.048680313,0.012125399,0.06998527,-0.29933771,-0.026427248,-0.14450522,0.27173424,0.28315553,-0.054067492,0.28851163,-0.24202365,-0.16609758,0.21480945,0.18191735,-0.46491215,0.29072398,-0.2329922,-0.24321364,0.11421793,-0.20333807,0.13587955,0.20053972,0.037920143,0.042597856,0.046931252,-0.11780935,0.1654397,-0.16196746,-0.09976303,-0.008985465,-4.86271,0.022622485,-0.045786045,0.08501797,-0.1407348,0.29092246,-0.13905862,0.08201597,0.12802292,0.1340986,-0.053095214,0.24609041,0.119627744,-0.07405655,-0.09717059,-0.29276913,-0.02121141,0.4207018,-0.020286206,0.07553927,0.21210566,-0.18924756,-0.02635275,-0.15595302,0.014694586,-0.10444146,0.0767818,0.11855545,0.015711904,-0.096919455,0.01936654,-0.07400959,-0.016010836,0.14416453,-0.026495347,0.10249021,0.010840072,-0.032298062,0.16534932,-0.08748807,-0.28108647,-0.15069653,0.2710072,0.54185706,-0.020165708,-0.048309013,-0.04400348,-0.17522722,0.15679593,0.25750268,0.17171834,0.069778904,0.053173475,0.0662052,0.07082561,-0.032489613,-0.0692311,0.0051861126,-0.18554515,-0.10504986,-0.14505234,-0.20691535,-0.068225004,0.2307848,-0.094534226,0.018812478,0.17258145,0.11256497,0.044330183,0.0930074,0.0356928,0.18662682,-0.047901616,-0.04778908,0.11435363,-0.26420242,-0.13822712,-0.19266467,0.14520188,-0.1921772,-0.3521867,-0.06073868,0.15561314,-0.06627896,0.13240059,-0.16955477,-0.22464637,0.14726608,-0.045961186,-4.1742125e-05,-0.05025456,0.03391947,0.10705955,-0.055203956,0.044888675,0.075197764,0.0066625136,0.23715547,0.13864031,-0.014439886,-0.23053105,0.07459058,-0.01856379,-0.0495605,0.16202477,0.02633818,0.15466323,0.042642493,0.15942447,0.29955998,0.29352608,-0.18236095,-0.016015805,0.16103989,0.21260922,-0.020063901,-0.270545,-0.2246994,0.15049951,-0.374424,0.005529205,0.25697696,-0.15020667,0.12964405,-0.14125557,0.05091934,-0.1835363,-0.32229722,-0.25285378,0.08533671,0.25093248,0.18556276,-0.16703597,0.20866895,-0.06876895,0.24557368,-0.0018717964,0.60366684,-0.089716315,0.06383015,0.2711889,0.24632177,0.049096003,-0.12577993,-0.117490806,-0.45818475,-0.07512143,0.026644373,-0.027691407,-0.1727536,0.34710598,0.061399948,-0.05793774,-0.18566678,0.035630804,-0.031358328,0.18341357,-0.21889442,-0.26319158,0.15807475,0.19081277,-0.015278572,0.20718552,-0.060762312,-0.16449685,0.089061484,0.08314518,0.12048003,0.03184836,-0.0022158297,0.44698066,0.04239997,0.19841735,-0.052366477,0.26245973,-0.30751035,0.16864166,-0.06914495,0.096455246,-0.10819958,-0.06721197,0.08939663,-0.17932554,-0.22441505,0.18910637,0.019629816,0.24394843,-0.011470567,-0.30494753,-0.06852169,-0.09628715,-0.21643242,-0.45316038,-0.122518115,-0.18009645,-0.0009750585,0.3072981,-0.24693553,-0.07496166,-0.26943138,-0.12016226,-0.13638125,0.09122787,-0.14542249,0.07702209,-0.14103816,0.28788927,-0.16464305,0.005886191,0.20508546,-0.029590212,0.17312233,0.10738524,-0.041687228,0.112758584,0.1978249,0.21466538,0.07277237,0.07437403,-0.19104886,-0.081458576,-0.32885507,0.03596248,0.16326001,-0.32475016,0.15313885,0.008437534,-0.23092265,-0.13788797,-0.15465,0.2993713,0.21291463,0.0005501757,-0.23142058,0.08379212,-0.2956764,-0.22380939,0.43085596,-0.043572806,-0.14128825,-0.20416525,0.34941372,0.058317784,-0.08205867,0.06386953,-0.22812644,-0.2521816,0.06802024,0.1873181,0.21070026,-0.11811398,0.079978086,0.016848048,0.04765676,0.18574719,0.1712527,0.065362975,0.24892491
VNWKKILGKIIKVVK,-0.124736644,-0.05563486,0.39329538,0.24888293,-0.088483796,-0.29129362,-0.18622054,-0.10458325,0.06844336,-0.044768922,0.020376598,0.22413301,-0.14212674,0.16084866,0.015476577,0.054711085,0.06324232,0.07164429,0.10661377,-0.03142262,-0.1504361,-0.0987528,0.08414044,-0.25961557,0.07288814,0.4749246,0.032187153,0.12543356,0.14011614,-0.003024451,-0.24285294,0.21251678,0.094051525,0.02018942,0.025542513,-0.25852764,-0.031780254,-0.11376178,0.21855657,0.21267755,0.072986566,0.31329718,-0.2899628,0.06893107,0.13914278,0.26631653,-0.7243791,0.32745224,-0.23553517,-0.25616023,0.19656104,-0.0070385844,0.2238502,-0.01924088,-0.06339199,0.007731804,0.16461143,-0.019424805,0.13053522,-0.041036107,0.0041770674,-0.14605121,-5.035366,-0.06115365,0.002440975,0.17453806,-0.154787,0.32642487,-0.2049534,0.052469403,0.12701023,0.11353849,0.08906695,0.22840346,0.1544852,-0.12729208,0.062940195,-0.16110861,-0.090054095,0.30468956,-0.03442802,0.19947796,0.1065306,-0.20450237,0.032660875,-0.0017533425,0.08717825,-0.0875121,0.23066746,0.14210175,-0.0015312784,-0.056945402,0.115912385,0.011850206,0.05199293,0.068640344,-0.11090728,0.0993071,-0.07766408,-0.12823252,0.2645298,0.041036144,-0.2260307,0.031378027,0.06599639,0.28002524,-0.006863341,-0.0077622165,-0.020122541,-0.079319015,0.03884676,0.26013526,0.11159253,0.0863451,0.15538675,-0.0014355463,0.06206015,-0.15235507,-0.09242089,-0.05089954,-0.19946468,-0.11044812,-0.09300044,-0.31047568,0.14367779,0.14437494,0.051504284,0.093480386,0.16546203,0.160396,-0.0025267312,-0.057664488,0.10535722,0.1777498,0.13039368,0.03824673,-0.01822492,-0.0044482946,-0.2647791,-0.3618773,0.09697717,-0.14057751,-0.34123865,-0.15425478,0.18448445,-0.1326929,0.100407995,-0.22129634,-0.16109413,0.27627194,-0.09621226,0.095920324,0.12274105,-0.026921058,-0.074328505,-0.098726526,-0.016917879,0.18736716,-0.11783145,0.17642055,0.08712128,-0.03898197,-0.13158903,0.09416064,0.08001742,-0.020452825,0.13206041,-0.06984979,-0.004105894,0.09720179,-0.028037,0.19878097,0.26507995,-0.2805198,-0.073086865,0.14937063,-0.0018033981,-0.0033359772,-0.26347288,-0.19524443,0.044682972,-0.29805145,0.00030953568,0.13258068,-0.22725122,0.116696656,-0.19975865,0.17641239,-0.13385482,-0.2256848,-0.21574713,0.071203105,0.09586685,0.17181809,-0.0915295,0.17707743,0.117918424,0.17746451,-0.02043074,0.57004786,-0.20530765,0.07963607,0.23761517,0.2571758,0.049709313,-0.12013003,0.01818369,-0.5893732,-0.06282968,-0.053513225,0.03650281,-0.07520372,0.2539953,0.1993132,-0.07310579,-0.15815563,-0.15960562,0.0017614347,0.08809616,-0.11515887,-0.30250168,0.07235579,0.21322812,-0.039584,0.11247691,-0.066467926,-0.08434568,0.17611362,0.102182195,0.14365876,0.09714961,-0.110372305,0.22948015,0.015858881,0.114878215,0.018453455,0.16267487,-0.34528896,0.11473706,0.048143074,-0.043043923,-0.1813646,-0.0484948,0.038855284,-0.1499089,-0.0923312,0.22196612,0.15445885,0.006025776,-0.055282973,-0.18371414,0.22085668,-0.05813202,-0.09686708,-0.18515003,0.016404988,-0.08254452,-0.04971289,0.19615151,-0.23133302,-0.06620769,-0.306163,-0.06567999,-0.09572607,0.10250379,-0.040532134,-0.017574286,-0.13956791,0.23528923,-0.11855988,-0.034550756,0.1864287,-0.09576875,0.016010892,0.093301475,0.11770658,0.064228065,0.060509667,0.21464844,0.033032004,0.106482014,-0.2537606,-0.06498276,-0.13271382,-0.14418487,0.19775309,-0.33450946,0.08181133,-0.06893655,-0.05472108,-0.10163402,-0.13645448,0.057988748,0.22577025,0.031370077,-0.20247452,0.05547792,-0.32832855,-0.2185535,0.25958383,-0.053516306,-0.10362208,-0.19023333,0.20438915,0.025776496,-0.02038966,-0.019922547,-0.09192,-0.089339904,-0.042173393,0.09190676,0.12023373,-0.03462963,-0.056795865,0.12558022,0.042683434,0.058411464,0.053617746,0.047341377,0.17385516
KIKIPWGKVKDFLVGGMKAV,-0.053490687,0.09065624,0.26498273,0.31104353,-0.016085796,-0.1833091,-0.088604756,-0.073979974,-0.04455571,0.03305867,0.0077325986,0.15051043,-0.124549694,0.06911096,0.08327344,0.07874638,0.0205856,0.04371649,0.06295629,0.057679404,-0.2300232,-0.112953514,0.023186553,-0.28141308,-0.05124776,0.3185975,0.08102947,0.16329812,0.1480086,0.101819396,-0.368946,0.08564038,0.021705465,0.024609024,-0.0054586125,-0.18773884,-0.009762182,-0.062989354,0.21596427,0.1858914,0.066729955,0.24373044,-0.32156727,0.06033046,0.16529198,0.16824518,-0.7098341,0.3020956,-0.20280766,-0.22013043,0.10318157,0.059347596,0.24627294,0.054541364,0.036601655,-0.0035449008,0.13497765,0.003549316,0.1450796,-0.021258866,-0.07657455,-0.08992781,-5.1039386,-0.11953083,0.032800645,0.11074077,-0.077288456,0.343001,-0.057283033,0.046694983,0.04277184,0.19878608,0.07424648,0.2288548,0.10619586,-0.07890072,-0.02446671,-0.14439645,-0.068565935,0.16304779,0.035730936,0.06895325,0.04797639,-0.22387145,-0.018131759,-0.120225064,0.08886847,-0.14417325,0.18673229,0.11153228,-0.09267107,-0.071212254,0.14403948,0.042829014,0.12808508,0.065166116,-0.023452146,0.07942629,-0.06465376,-0.035096273,0.24301057,-0.0212139,-0.24164066,0.051081702,0.007213002,0.32750997,0.065948956,0.095150776,-0.11194623,-0.18034405,0.073670596,0.2527793,0.056678984,0.10513282,0.13753438,-0.028358864,0.053237762,-0.0036765446,-0.16292664,-0.06606126,-0.04417624,0.016584076,-0.039630964,-0.06803188,0.075984865,0.20869125,-0.114091605,0.12808307,0.14266413,0.17741373,-0.074444816,-0.018816859,0.0386198,0.119726874,0.067765646,0.003440074,-0.06436152,-0.10198725,-0.27890798,-0.24215971,0.03078974,-0.18099824,-0.2948014,-0.10667897,0.2178112,-0.059013113,0.13919534,-0.10870032,-0.17938954,0.23033004,0.0220706,0.09121244,0.103274494,-0.0025090168,-0.046624172,-0.057599474,0.025534242,0.14175798,-0.075548984,0.1573682,0.0799798,-0.015093129,-0.1481588,0.043347355,0.015589916,-0.04978359,0.08675995,-0.014144976,0.019852467,0.05362079,-0.047181986,0.29183784,0.18366319,-0.3032137,-0.113750346,0.10311597,0.12201808,-0.025798194,-0.29830962,-0.072520375,0.086461365,-0.1981227,-0.012500051,0.21270819,-0.20272537,0.15563704,-0.034504656,0.07798064,-0.07859211,-0.25615263,-0.09662858,0.089126326,0.06846347,0.15023151,-0.16195469,0.2175972,0.018199014,0.2351511,-0.011062285,0.4606527,-0.25127915,0.111424804,0.24428591,0.24844839,-0.017055335,-0.104447514,-0.017626224,-0.18740815,-0.09374065,0.035184056,0.01562768,-0.12706661,0.27573293,0.15035814,0.13276775,-0.20205046,-0.16140847,-0.08439673,0.16824421,-0.12639536,-0.23677117,0.17288002,0.15748608,-0.013457238,0.18444777,-0.08807909,-0.12742256,0.08690789,0.08875217,-0.04759821,0.107429475,-0.13286471,0.23984942,0.0106996475,0.0784565,-0.12421684,0.18268952,-0.24514963,0.1475516,0.02042863,-0.003754597,-0.10687823,0.023751901,0.0067823636,-0.06324119,-0.1473224,0.10796347,0.014927188,0.08599575,-0.09204366,-0.16804692,0.15768924,-0.0785676,-0.11359637,-0.187853,0.058059927,-0.05560292,-0.056701746,0.09834737,-0.19467627,-0.022710055,-0.28434068,-0.03394675,-0.12911369,0.19475168,-0.041193258,-0.025767015,-0.10406068,0.25484854,-0.1687539,0.054279532,0.17894942,-0.18764867,0.025512611,0.1367485,0.12824789,0.1861682,0.094894126,0.16035323,-0.025320733,0.051821183,-0.23098283,-0.042679023,-0.19258457,-0.13303696,0.16808112,-0.2217154,0.018898847,-0.11226559,-0.046906892,-0.15568987,-0.11047678,0.15617104,0.14193268,0.12200718,-0.1694168,-0.017814506,-0.33326292,-0.24474643,0.20229052,-0.16957405,0.0008679805,-0.089276165,0.13878484,0.026893364,-0.12299371,0.099550396,-0.23297606,-0.17205934,-0.133139,0.07344715,0.1934297,-0.137026,-0.0827582,0.15262485,-0.055598892,0.07585474,0.055382982,0.024013074,0.14665371
GIIKKIIKKIIKKI,-0.23135842,-0.17849241,0.3445423,0.52342045,-0.30316123,-0.3299701,-0.16473666,0.15582207,0.2665787,-0.1285654,-0.09410639,0.2561061,-0.37810165,0.32098976,0.13660619,0.06709358,-0.01821179,0.018096915,-0.069931574,-0.12027491,-0.18640004,-0.023957111,0.14678983,-0.21967444,0.31155857,0.38428232,-0.18832758,0.13037981,0.43449315,-0.018129688,-0.2509399,0.32813814,0.102294326,0.24253663,0.06066633,-0.23567507,-0.33827627,-0.35546827,0.47794193,0.3129457,0.16994303,0.24522664,-0.50488347,-0.09628715,0.1582731,0.17488953,-0.3719589,0.623024,-0.010512451,-0.3187064,0.31658453,-0.14734033,0.34081835,-0.34455055,0.0034758449,0.07720668,0.33124992,-0.024229964,0.29183823,0.0045333905,-0.12167389,-0.04430183,-4.36221,0.12966006,-0.1201113,0.46216115,0.05267895,0.36303043,-0.3772152,0.21148412,0.34148404,-0.1675094,-0.039744016,0.070659906,0.099855095,-0.15437599,-0.04800034,-0.08315934,-0.079453774,0.22276713,-0.1268544,0.41472185,0.09874673,-0.30816785,-0.12889545,0.11804763,0.21230276,-0.018147575,0.13620755,0.18441582,-0.11553965,0.022714531,0.14597748,-0.3512658,-0.02025027,0.020297946,-0.47522953,0.07529555,-0.3517965,-0.04612658,0.27052185,-0.22069214,-0.49009046,0.120152295,-0.046143956,0.13862784,-0.038554527,0.36392325,-0.011397993,-0.11790767,0.22229423,0.14252229,0.0946427,0.17559305,0.14429006,-0.1593208,0.2094166,0.046777852,0.22244313,-0.010890786,-0.1622797,-0.11882761,-0.26331192,-0.175201,0.20232216,0.33886695,0.051885277,-0.12866387,0.5082657,0.21198568,-0.004520084,0.040651474,0.07513382,0.13641997,0.11247772,-0.04101193,0.124209344,-0.11137079,-0.11844443,-0.30549145,0.13668248,-0.3403381,-0.43420768,-0.03275874,0.3484699,0.021568611,-0.029236982,-0.08396225,0.14915533,0.22294407,0.0012145136,0.38700056,0.02867968,-0.10925236,-0.084373556,0.088003516,0.016106497,0.22815639,-0.048583496,-0.017591719,0.17915627,0.023630377,-0.27341723,0.2505617,0.20336539,0.13225137,-0.066060744,0.08786158,-0.17045233,0.08045554,-0.2653618,0.088393435,0.36898896,-0.5415297,-0.20732097,0.1300506,-0.04648002,-0.08545434,-0.27467534,-0.5109308,-0.107350774,-0.44218695,-0.054318115,0.09574061,-0.1928439,0.013956156,-0.1842477,0.23412015,-0.09025505,-0.00245291,-0.19860628,0.116362534,-0.40189457,0.096709244,-0.09747977,0.1464682,0.21496797,-0.0069156364,-0.46788096,0.812223,-0.257967,-0.13545291,0.16838688,-0.02223188,-0.14319743,-0.38433152,0.2152965,-1.0206842,0.12570095,-0.28763574,-0.02652729,0.046866357,0.43747014,0.0029474269,0.0175288,-0.32221672,-0.11682519,-0.07238103,-0.09157517,0.08237713,-0.38682583,0.59278595,0.071208954,0.16258389,0.3506987,-0.16564536,-0.2664822,0.54424334,-0.1111417,0.039808873,-0.16835727,-0.07118692,0.38552964,0.16710475,0.061931938,-0.029495781,0.26941603,-0.07382715,0.2529313,0.15973741,0.02063477,-0.09436616,0.044689372,0.108815774,-0.16162488,0.0034547162,0.27087456,0.16337389,0.02532797,-0.22008649,-0.19068283,0.1763793,-0.055329096,0.06737051,-0.0014108997,-0.108804524,0.08058602,-0.20961867,-0.075135306,-0.25193664,-0.09772971,-0.5996449,-0.22928607,0.21145003,0.103366725,-0.0439582,0.16718186,0.18328659,0.23280972,0.014175505,-0.07037011,0.20331337,-0.22003949,-0.2929147,0.00021667778,-0.06134302,0.096965715,0.17205101,0.29934677,0.029495958,0.119505435,-0.55547863,-0.25116986,-0.3980056,-0.29611313,0.090340875,-0.16443354,0.28293326,-0.23823313,-0.27852586,-0.098137125,-0.07139221,-0.12202598,0.018227933,0.062079646,-0.27905184,-0.081627905,-0.42398694,0.01901541,0.4243551,-0.3009281,-0.08240581,-0.23774943,0.25551957,0.23714484,-0.15708542,0.12869687,0.29691222,-0.11856285,-0.17973779,0.29370242,0.25227138,-0.15810436,-0.07358047,0.113853276,0.13716424,0.06492922,-0.12381222,0.14712897,0.3891394
RIKRFWPVVIRTVVAGYNLYRAIKKK,-0.1335406,0.22451118,0.27565056,0.42765406,0.02764015,-0.22185625,0.008612077,-0.014066226,0.05559013,0.028379036,-0.0044247233,0.034000255,-0.06364068,0.06026068,0.18849787,-0.07996399,0.02837797,0.16098234,0.059267156,0.08810503,-0.016423156,0.02160758,0.15747336,-0.13819869,0.08809475,0.17672898,0.007928176,0.20645918,0.16248515,0.061797928,-0.21716268,-0.0805734,0.07542133,0.123655505,0.024920639,0.013923173,0.016567335,-0.041265577,0.09864291,0.11011071,-0.01193987,0.10859267,-0.13817282,-0.043947138,0.31935054,-0.104287855,-0.3408225,0.3296307,0.002899273,-0.24689372,0.099094614,0.092829876,0.21437882,0.009644695,-0.06692592,-0.078881554,0.24131976,-0.11329593,0.039822277,0.016241234,-0.040690474,-0.14220347,-5.038073,-0.18885323,0.23521768,0.27453893,0.009406729,0.18552868,0.013988038,0.017750157,0.06824665,0.033108532,0.062880225,0.16607834,-0.06947666,-0.07234634,-0.07269883,-0.030077692,-0.07833952,0.31142905,0.041489504,0.13152513,0.19099294,-0.10555953,-0.14194153,-0.072842374,-0.06479502,-0.24523036,0.14765175,0.043273874,-0.040508635,0.019070445,0.28594658,0.14257328,0.051997166,0.08783923,-0.12594888,-0.024030415,-0.18552661,-0.15070741,0.14175256,0.06617544,-0.16522212,0.03676508,-0.09101503,0.21063587,0.06800264,0.0035335931,-0.061428692,-0.08752852,0.11654967,-0.038435373,0.14879063,0.04404951,-0.20641148,0.004143638,0.02961596,0.031404313,-0.062275346,-0.05799681,-0.0430967,-0.057478435,-0.12289328,0.016604172,0.18536647,0.15444562,-0.15800896,-0.04514878,0.23217079,0.0047613042,-0.04134203,0.076705046,0.037334997,0.15541832,0.032605853,-0.36557826,-0.02393222,-0.0026248884,-0.27882,-0.10514696,-0.11885655,-0.213219,-0.2907269,-0.032636233,-0.017499102,0.06742911,0.07588078,-0.021514134,0.008534707,0.09687465,-0.06601374,0.1552696,-0.14440648,-0.14639069,0.09800874,0.13289452,0.056859918,0.11545028,-0.14183281,0.010339737,0.04814207,0.04389899,0.044743273,-0.022045648,0.09296518,-0.20918958,0.10153001,0.041785266,0.04338146,0.12674315,-0.10662222,0.124280214,0.2509408,-0.28338963,-0.07684406,-0.006738606,0.05413721,-0.082763925,-0.27626783,-0.1638782,0.028872017,-0.025016094,-0.05987095,0.25665525,-0.14430307,0.110822715,-0.016691985,-0.009665409,-0.09438187,-0.022043493,-0.19129309,0.11466444,0.24003635,0.03065607,-0.115895204,0.05044994,-0.0043910295,0.069752954,-0.16046299,0.33358294,-0.06306479,0.32387373,0.2866446,0.20072894,0.033956505,-0.083724074,-0.045272082,-0.23952018,0.13753907,-0.09865798,-0.02119427,0.049462467,0.23497371,-0.021917181,-0.070890166,-0.24404873,0.0341014,0.0017372881,0.1456245,-0.12686893,-0.36304948,0.14676078,0.026601022,0.16338952,0.25784418,-0.05610403,-0.20795849,0.003938396,-0.08120485,-0.020385811,0.0072233165,0.046203326,0.24460432,0.07997428,0.0090867,0.02174018,0.06614997,-0.14134112,0.041396555,-0.022272287,-0.030459119,-0.09695561,0.039042525,-0.09039686,-0.0058672256,-0.1484361,0.24248835,0.09118496,0.15149382,-0.11147643,-0.14924411,0.018630585,-0.106888466,0.05094186,-0.06725558,0.024026753,-0.0054301606,0.045369748,0.055024736,-0.06073723,-0.15374716,-0.08416124,0.040472507,-0.043106,0.18260956,-0.12707143,-0.04519487,-0.16534175,0.23927283,-0.1292098,-0.00887127,0.15054151,-0.2182375,0.05492715,0.14858286,0.048330124,0.025291877,0.00059409655,0.15340571,-0.15334831,-0.029033689,-0.14400557,0.13130525,-0.2063948,0.088624634,0.2908925,-0.24117836,-0.19683616,-0.10577933,-0.024483765,-0.13551673,-0.061477907,0.18864429,0.019765833,0.0156981,-0.13709661,-0.1300447,-0.1877159,-0.18328296,0.09452182,0.06471845,-0.050013207,-0.08889703,0.03706472,0.22202924,-0.24414703,-0.08729124,-0.12585637,-0.047731068,-0.108464785,0.032196973,0.1712016,-0.11534899,-0.042263273,0.11937132,-0.16454194,-0.08048691,0.02958657,-0.014668077,0.10093935
ILPWKWPWWPARR,-0.0649167,-0.41235235,0.13066451,0.4119409,0.2657647,-0.3568193,-0.27614424,-0.05141879,0.13513589,-0.2549407,-0.04147484,0.4086975,0.0777769,0.10020632,-0.3639298,-0.0063860994,0.25765207,-0.25970986,0.33942205,-0.116213635,-0.43348497,0.108864516,-0.099391475,0.08175139,-0.020733757,0.6194041,-0.06882644,-0.04459628,0.26094562,-0.10411561,-0.11169594,-0.68651557,0.15440485,-0.36020583,0.166862,-0.49827054,0.0013273378,-0.46483913,0.47184676,0.0046682907,-0.12511893,0.024456073,0.18746455,0.31887496,-0.19168231,-0.26702982,-0.7484357,0.28895813,0.05178118,0.006287245,-0.046034504,-0.13983518,0.2589601,0.014994063,0.14962621,-0.1491862,0.10261104,-0.045927405,-0.031365953,-0.42522633,0.071237184,0.09060505,-4.593882,-0.17113262,-0.19502147,-0.042014465,0.010445306,0.35136428,-0.28125164,0.00033617468,0.09108445,-0.17914511,0.05240929,-0.085973226,0.010353575,-0.0773042,0.07934876,-0.06765328,0.09351666,0.32998148,0.4040279,-0.0014814774,-0.048766837,0.61137664,-0.17656048,-0.2499955,-0.045876663,0.18500382,0.042420138,0.22773312,-0.02969604,0.4395346,0.04967209,-0.24363214,-0.3348752,-0.09207044,-0.47843727,0.45424697,-0.16447183,-0.095336795,-0.40722045,0.0028242846,-0.12892805,-0.16035317,-0.060203552,0.33903983,-0.010622827,0.29744855,0.54397774,-0.4049902,0.022943754,0.46364012,0.09871392,0.15147427,0.41296247,0.07197345,-0.054311313,-0.47962585,-0.09375931,0.303496,-0.15947267,-0.07298657,-0.2774971,0.41718003,-0.029070336,-0.35058615,-0.12535483,-0.1489598,0.06936773,-0.26350686,0.21540897,-0.20711373,0.24473168,0.004376783,-0.17500392,0.097165234,-0.115966514,-0.1302155,-0.20350234,0.11407297,0.30127376,-0.11015128,-0.19943966,-0.02006171,-0.022269702,0.113871545,0.062497105,-0.23368782,0.022684865,0.07844301,-0.57240003,0.03285317,0.103394054,-0.72684246,0.42238882,-0.11162997,-0.07040052,0.46044055,-0.19771068,0.20029055,0.08859406,-0.111095116,0.28065678,0.017390074,0.07316511,0.14945547,-0.16404001,-0.18536623,-0.18352595,0.19757149,0.04710678,0.37959233,0.09070753,0.036863454,0.12268767,0.46671075,0.017616509,-0.29783663,0.13949029,-0.013495428,0.10294894,-0.34814772,0.008621095,-0.25377938,0.24634899,-0.17832167,-0.74462706,0.26569787,-0.14442304,-0.028526545,-0.1838382,0.2833958,0.19211909,0.24795455,0.4098645,-0.3081659,0.030571409,-0.10309244,0.11731121,0.38824776,-0.21679883,-0.01853945,0.029830204,0.1842721,0.091352575,-0.41973594,-0.19277853,0.2481152,0.14424753,0.6257285,0.1857483,-0.064338565,0.15671846,0.12995772,-0.18120214,-0.1356802,0.15600803,-0.14139618,-0.082506515,-0.18492945,-0.19536448,-0.03631893,-0.0056617185,0.1989729,0.23799148,-0.07079061,-0.11973552,0.23406678,-0.1601904,0.2703822,-0.12900135,-0.12604012,0.061231866,-0.0025368214,0.2963882,0.22628781,0.31953603,-0.29995862,0.09898534,0.10839955,-0.10611292,-0.03224717,0.005145868,0.186458,-0.218915,0.12621015,0.25411087,0.571928,0.32800215,0.2998815,-0.3590706,0.1300976,-0.22264573,-0.14897743,-0.18308277,0.0431658,0.13952456,-0.32363966,0.26100355,-0.61299646,0.030933054,-0.33956105,-0.018069327,0.1987153,-0.28924048,0.031391706,-0.11625493,0.14876778,-0.06099229,-0.018540392,0.3230464,0.3740835,0.12661569,0.38345683,-0.14078766,-0.15484692,0.056486376,0.29156834,0.26077256,0.3578119,-0.022652773,-0.26106504,0.0036218872,-0.22147664,0.1967784,0.18947738,-0.20074196,0.09010656,-0.28314158,-0.43637088,0.09054278,-0.29622874,0.54731077,-0.026528716,0.041069604,-0.29981342,0.032528445,-0.07263367,-0.3457212,0.13406043,0.057414293,-0.30520687,-0.43676585,0.37067202,0.17621543,-0.3920666,-0.18228689,0.22317685,-0.20609426,0.1995941,-0.0191484,0.019815449,0.045075886,0.13704027,-0.028879523,0.3235547,0.44151354,0.20939928,0.24890347,-0.028248867
KVFKRLEKLFSKI,-0.13121976,-0.22961254,0.29186326,0.24933274,-0.07025278,-0.18054141,-0.11461439,-0.005870535,-0.12841672,-0.13413262,0.028559413,0.207898,-0.112471856,0.06669893,-0.15059446,0.052978385,0.2136397,-0.049225487,0.118252546,-0.102893665,-0.26698896,0.008794099,0.027770972,-0.13363594,0.03697253,0.46801713,0.002829326,0.22884707,0.23543866,-0.068873376,-0.10847027,0.16477293,-0.010133962,-0.0846489,0.053949118,-0.37460932,-0.00030483305,-0.08950982,0.29464796,0.2257356,0.0057605435,0.28224424,-0.24540912,-0.09315655,0.107525736,0.2562638,-0.83400553,0.2713899,-0.13273521,-0.23042741,0.14653847,-0.07535733,0.27347645,0.12765215,-0.12468009,-0.015308757,0.14560099,-0.09798557,0.1582687,-0.21719384,-0.00831976,0.094670065,-5.031282,-0.029383807,-0.0028365294,0.16787103,-0.11130141,0.119717576,-0.26250342,0.15319487,0.11163354,0.07911944,-0.23171344,0.23687449,0.111624755,-0.019835688,0.0484715,-0.20459247,-0.053507008,0.32814357,-0.058819883,0.17608418,0.1706094,-0.09462952,0.016925104,-0.049399715,0.04531759,-0.017170243,0.12327375,0.2111816,0.09638126,-0.12692913,0.039906047,0.037985608,-0.10046436,0.10169799,-0.14415957,0.07012408,0.03303664,-0.1256203,0.13772541,-0.046139177,-0.1782412,-0.047889635,0.12375457,0.41279584,0.05608661,-0.018123385,-0.007348757,-0.14409585,0.11123388,0.17414124,0.109876975,0.10735219,0.13537715,0.1591527,-0.049532454,-0.022658141,-0.012125959,-0.05324427,-0.12735969,-0.0019022286,-0.16207205,-0.37424853,0.0036741814,0.12688598,-0.024822818,-0.022957584,0.13733944,0.012208702,-0.04834508,-0.020986388,0.18415602,0.18817762,0.034017045,-0.0057298304,0.13643003,-0.15215273,-0.15392038,-0.25719208,0.18472786,-0.17230473,-0.30857766,-0.028101623,0.10521332,0.036920153,0.05853853,-0.21917528,-0.16052762,0.1279431,-0.11715391,0.032895777,0.108125806,-0.066003814,-0.016741889,-0.13348214,-0.019552497,0.2227355,-0.121958904,0.15832163,0.20172243,-0.056816764,-0.20026547,0.020679286,0.037799876,-0.07272101,-0.0071091945,-0.042637996,0.017087908,0.12434109,0.06080671,0.27913412,0.20427273,-0.10722397,-0.009274745,0.06588783,0.111366004,-0.004992513,-0.110991836,-0.392347,0.13912943,-0.44805318,0.09766077,0.13981642,-0.14787994,0.15781657,-0.21997085,0.12843119,-0.23408267,-0.1885006,-0.21258135,0.13437793,0.2319656,0.23015,-0.09156723,0.15663587,0.022550972,0.14465003,-0.027299337,0.54399484,-0.10851313,0.1066413,0.23032837,0.23057008,0.029375112,-0.17214088,-0.036958333,-0.7522844,-0.02255811,0.068817586,0.0001844128,-0.094850235,0.141844,0.20466799,-0.06904127,-0.085404195,-0.039194126,-0.009169617,0.05212241,-0.22032842,-0.29771864,0.062691726,0.1284523,-0.1456075,0.12502116,-0.09562076,-0.0324612,0.13942298,-0.0066633136,0.1273356,-0.026986381,-0.018329915,0.32523006,0.1688054,0.11694146,0.051540695,0.2769577,-0.3198005,0.15052709,0.084214196,-0.08145615,-0.10690748,-0.08705742,0.11445796,-0.13826019,-0.08765038,0.28163755,0.24176012,0.12906721,0.05471107,-0.1877036,-0.019771196,-0.14508353,-0.17713682,-0.2559917,-0.1230345,-0.12227884,-0.14325795,0.35956743,-0.33344793,-0.068136655,-0.2573678,-0.0352003,0.023862261,0.07742681,-0.09964867,-0.07070368,-0.07474456,0.21285112,-0.036873925,0.037118696,0.27631742,0.03496859,0.11022512,0.113588914,-0.10360419,0.079916306,0.08138277,0.24303582,0.13865529,0.028359938,-0.11764262,-0.055376,-0.1305301,-0.050545253,0.14048667,-0.27314922,0.20043583,0.020099554,-0.20893703,-0.2121051,-0.24742131,0.2434945,0.18727486,0.0094175795,-0.23570646,0.16345944,-0.20594482,-0.32929718,0.32545218,-0.06984251,-0.10495917,-0.18826525,0.31481922,-0.024228795,0.012853186,-0.11162965,-0.11486287,-0.11281078,-0.0017507703,0.25730985,0.053710006,0.07565882,0.039297637,0.057374477,0.19234894,0.14171189,0.15723766,0.10392409,0.1472954
FKRLKKLFKKIWNWK,-0.34441018,-0.16917661,0.19226134,0.49572608,-0.08613536,-0.34355772,-0.1302315,-0.05887291,0.095961906,-0.08268056,0.05569597,0.14980786,0.020976203,0.075685844,0.18359232,-0.02495164,0.24461272,0.020669699,-0.09976801,-0.0824194,-0.32900882,0.057489775,-0.06902235,-0.14627188,-0.005948851,0.3682114,-0.08765588,0.1828283,0.3509665,0.011385432,-0.20429644,0.041866627,0.20173758,0.10892815,0.08664252,-0.123397015,-0.2120389,-0.18988395,0.22785768,0.2850646,-0.06542711,0.27921987,-0.29175287,0.047391854,0.11323892,0.04111552,-0.5226255,0.45024705,-0.14171337,-0.18668284,0.15416563,-0.15757693,0.12951149,0.08492234,0.11572701,-0.008738995,0.2230848,-0.03902726,0.2518017,-0.14384358,-0.020912709,0.095660225,-4.7872314,0.013094164,0.05314925,0.28431088,-0.051915284,0.21082819,-0.25617597,0.11886856,0.20325942,0.050106667,-0.14220037,0.14096533,0.09495668,-0.20115423,0.15015495,-0.07303149,-0.09119068,0.24862452,-0.068798065,0.19706161,0.15304613,-0.17032717,-0.12655208,0.057567373,-0.010987306,0.010242985,0.0505738,0.3460338,0.16570535,0.10766974,0.14740618,-0.020520438,-0.10982772,-0.14435358,-0.20952079,0.16140445,-0.116363265,-0.035724193,0.33043984,-0.112844475,-0.40046144,-0.103469126,0.07706703,0.30447638,0.07317123,0.1509291,0.12088979,-0.30064738,0.290542,0.28209049,0.1826121,-0.06180421,0.15887529,0.0034377172,0.14548238,-0.14718002,0.12376863,0.029738287,-0.13206951,0.001925507,-0.2189103,-0.20298539,0.1303017,0.3489419,-0.03916995,0.025939843,0.33124,-0.016028663,0.111426346,-0.056614995,0.12522529,0.17825422,-0.05567134,-0.07736568,0.06882185,-0.16640724,-0.34393948,-0.27544588,0.34195367,-0.3266741,-0.24207738,-0.001240313,0.2750666,0.08739704,0.10304939,-0.39770883,-0.044600185,0.12285983,-0.28658247,0.23264332,-0.04396451,-0.16044293,0.12647288,0.050240543,0.0017509513,0.29471868,-0.23125374,0.15074682,0.25642878,0.04022299,-0.2370786,0.2858669,0.07409511,-0.12267742,0.02554494,0.003239114,0.021995734,0.15491973,-0.012960486,0.32701874,0.46003345,-0.34813207,0.05382953,0.25019458,-0.0977018,-0.1210787,-0.105934404,-0.41608807,0.19852887,-0.4577601,0.059256285,0.1777903,-0.11907139,0.09099863,-0.24934724,0.1146633,-0.19917883,-0.14576232,-0.3825611,0.08341093,-0.21076152,0.19012855,-0.15644427,0.047328237,-0.21310367,0.22314362,-0.042802468,0.68654287,-0.22717036,0.037029833,0.15768372,0.18353212,0.06198574,-0.3717755,0.07459362,-0.7239067,0.03233632,-0.053663563,-0.029939631,-0.018285546,0.3569364,0.054860722,0.018423287,-0.39720052,0.06269253,-0.11029285,0.10574994,-0.3077285,-0.30331847,0.021785062,-0.046291586,-0.10864681,0.29264957,-0.095607534,-0.12820973,0.12807019,0.045860223,0.12098503,-0.10764759,0.0024384633,0.32025626,0.056307547,0.110789925,-0.013129908,0.23483849,-0.28424063,0.0704949,0.1890957,-0.06533778,-0.16228956,0.10335872,0.09284556,-0.108942114,-0.096313015,0.09920016,0.31271482,0.15315099,-0.04186995,-0.24233894,0.0065952144,-0.23538673,-0.2323322,-0.2953396,-0.07900507,0.0777944,-0.18521212,0.33630532,-0.1423732,-0.086888455,-0.46963918,-0.110630035,0.01330009,0.12934145,0.085228845,-0.0049294345,0.02829467,0.30050233,-0.13503662,0.10645783,0.32220006,-0.26812246,0.08295529,0.01515878,-0.086299,0.10638352,-0.086813256,0.34385285,-0.011738332,0.07140651,-0.25658873,-0.17388369,-0.3314454,-0.021623978,0.12030492,-0.32527515,0.12194994,0.06762789,-0.1661087,-0.08960648,-0.23989375,0.20981348,0.029520663,0.07852269,-0.35134614,0.16858701,-0.4818531,0.008977576,0.31595778,-0.06459683,-0.20026657,-0.26506364,0.29239127,0.09406778,-0.06738643,0.00012342719,0.0022546554,-0.13965371,-0.122617066,0.21400656,0.12976423,-0.014866056,0.007877614,0.089737095,0.13518041,0.14603396,0.15142101,0.03605133,0.19717441
GGYYCPFFQDKCHRHCRSFGRKAGYCGGFLKKTCICV,-0.0600058,0.019672131,0.034193575,0.31688496,-0.0541135,-0.12505586,-0.26486078,-0.26580542,-0.06499472,-0.04363682,0.23742248,0.35897684,-0.101318754,-0.14610143,0.13700742,0.042883012,0.29314682,0.14302777,0.21823433,0.20157018,0.033275895,-0.020017615,0.011866851,-0.14805368,0.039064106,0.23575862,-0.036180504,-0.08259116,-0.06933994,0.11407568,-0.44920534,0.0115197655,0.2837656,-0.3859177,0.04177302,-0.026181955,-0.22024941,-0.12861659,0.19111821,0.25061908,0.033650555,0.17344172,-0.102098994,-0.029234486,0.10011252,0.018240592,-0.9577747,0.20885871,-0.24975087,-0.06781818,0.10922795,0.008585954,-0.1267568,-0.10195591,-0.059536763,-0.11644077,0.1297246,0.16860433,0.21361999,-0.034734603,0.12134794,0.06926734,-4.974517,-0.26768854,-0.012191907,0.011310027,-0.07028087,0.39332932,-0.011076399,0.020418342,-0.3037204,0.14132173,-0.08932519,-0.35779023,0.03136048,-0.38631296,0.12805253,-0.12816113,-0.31628597,0.12583978,0.21488397,0.021000596,0.14254212,0.018060965,-0.22093524,-0.053680144,0.13705151,0.1945123,-0.1169795,0.29484504,0.11980437,-0.17307442,0.13967605,0.28960598,0.13693006,0.04881084,0.0753161,0.02253886,-0.17641714,-0.22087604,0.3422477,-0.08711902,-0.057355367,0.084178805,-0.10703324,0.41166198,-0.15506011,0.14658153,-0.06422006,-0.2400512,0.05828663,-0.03775249,0.16755897,0.10116016,-0.06481741,-0.016605167,0.5029797,0.034412615,-0.14547038,0.21655408,0.018916737,0.034473598,0.26300684,0.08765585,-0.024768768,0.096960165,-0.01590109,0.0063232407,-0.02457477,0.08197927,-0.09492885,-0.29167444,-0.17001425,-0.0009654057,-0.031001478,-0.0020902555,0.0057899854,0.088279806,-0.2359872,-0.18399045,0.3576274,-0.27679056,-0.1131426,0.15773593,0.010079273,-0.2934297,0.045457736,-0.21021745,-0.15007019,-0.08844725,0.001398027,0.29328203,0.2295271,-0.13648902,-0.055762872,0.016259456,0.06092365,0.21091557,-0.16885787,0.27861443,0.034892976,-0.054743662,-0.08760518,0.3077285,-0.36297202,0.11669703,0.0707721,0.19261633,0.042175237,-0.06917151,0.20581862,0.049181707,0.31551528,-0.17726746,-0.045685645,0.031016925,0.20578468,-0.2253819,-0.029585157,-0.23489219,0.0065964004,-0.36543036,0.03647909,0.29160362,0.04949348,0.0049992623,-0.15139091,0.24592586,-0.07698904,-0.07738857,-0.04772841,0.15186559,0.07767983,0.19563873,0.03116629,0.13154592,-0.38561592,0.44520357,0.054262564,-0.058747403,-0.04391806,0.41623962,0.051092733,0.19369067,0.07915323,-0.015954923,-0.06053312,-0.106143095,-0.026062025,0.41764754,0.04839937,-0.056587946,0.02532721,0.06900646,-0.062103413,0.08024963,-0.10346798,0.08273428,0.122545704,-0.24095647,-0.16684143,-0.0976207,0.09910154,0.05071013,0.086962685,-0.23103565,-0.41573256,-0.10090112,-0.10495169,0.12851605,-0.08750387,-0.026150703,-0.006752905,-0.014482049,0.082698636,0.04346082,-0.13306962,-0.033705167,0.15763012,0.26515478,-0.09229975,-0.20423007,0.42820594,-0.11791037,-0.15081063,-0.08431508,0.07653336,0.21965626,0.0093052285,0.030177288,-0.19715543,-0.039132096,0.2011687,-0.11881073,-0.35518652,0.10239397,-0.10345459,-0.17686787,0.34099367,0.100861,-0.0032293706,-0.039566956,-0.0024451537,0.07331086,0.021493157,0.010030925,-0.05350613,0.037943065,0.4905725,-0.053348243,0.17043133,0.19259699,-0.207244,0.08600737,-0.09690714,-0.19372444,0.019548923,0.0713689,0.13303754,-0.054059125,-0.022751393,0.1683818,0.22743645,0.07209137,-0.061601866,0.5203987,-0.22805762,-0.0023898955,-0.11002011,-0.21814667,0.14004046,-0.25546014,0.05354395,0.19419034,-0.020588292,-0.02477346,-0.2039521,-0.26236627,-0.18397328,0.37205693,0.015651824,-0.030475674,0.0025144434,0.40667504,-0.14546111,-0.3663638,-0.030794626,-0.26774088,-0.09594695,-0.10332575,0.17458065,-0.02173864,0.075195044,-0.16045254,-0.11891134,-0.21103099,-0.09096297,-0.17108239,0.10368517,-0.037546016
VRRFAWWWAFLRR,-0.12400124,-0.22469525,0.17077535,0.34397978,0.10340175,-0.36825415,-0.26897383,-0.052934397,-0.11717148,-0.086475484,0.11186831,0.27451956,0.049750026,-0.17374653,-0.17098705,0.21173032,0.120682746,0.012439628,0.016840016,-0.043380145,-0.28623778,0.16906838,-0.19691508,0.15589261,-0.03272987,0.37005195,0.10902992,0.20299442,0.3348185,-0.1123278,-0.10772106,-0.5768643,0.25863644,-0.4010646,0.1538414,-0.5060942,-0.011147712,-0.164387,0.27303308,0.07717737,-0.12677684,-0.012736115,0.14812405,0.09498133,-0.112293884,-0.16437984,-0.6058885,0.32417262,-0.07931091,0.058680646,-0.17463833,-0.20255636,0.05552971,0.14284793,0.023050273,0.016008686,0.23764889,-0.019829636,0.0011506716,-0.26124504,0.061062526,0.14211006,-4.8265386,-0.122449175,-0.01643328,0.029318118,-0.016753886,0.34861928,-0.18641506,0.033347804,0.11356435,-0.0953685,-0.30975947,-0.12429892,-0.22036323,-0.19200863,0.095736,-0.024145782,-0.017704796,0.3158826,0.2994234,-0.06975822,-0.17184775,0.35182068,-0.17930645,-0.017077042,-0.13695979,0.119972944,0.16465835,0.18035412,0.1698332,0.41066897,-0.060146008,-0.082227506,-0.22540127,-0.08159625,-0.28216833,0.3307412,-0.10685647,-0.099436246,-0.20282322,0.012218821,-0.13638172,-0.005123371,-0.20302612,0.38464168,0.10504247,0.107488915,0.4465755,-0.25988516,0.148041,0.44622716,0.19973233,0.075914934,0.3120124,0.12098076,-0.015702879,-0.23458937,-0.013391731,0.3929137,-0.20404501,0.038113356,-0.22224048,0.46756724,-0.11788197,-0.25932088,-0.07090582,-0.021365408,0.08336314,-0.2165454,0.2640442,-0.07708678,0.12240099,0.048143316,-0.22313234,-0.09060013,-0.035388228,0.039835088,-0.40990815,0.18498404,0.17651191,-0.19501026,-0.10462758,0.048141427,0.06703816,0.1345737,0.047342367,-0.3376059,-0.039492957,-0.019540025,-0.5830797,0.081404075,0.0070659765,-0.3697472,0.38393492,-0.059967708,-0.16012058,0.44493055,-0.009352417,0.06621148,0.08637155,-0.05846975,0.12800689,0.15760544,-0.15131022,-0.09451664,-0.036758486,-0.029444046,-0.097016454,0.07672582,0.22586684,0.46814248,0.24812606,0.10788611,0.43231383,0.1728123,-0.07347874,-0.09181275,0.1286598,-0.12634078,0.24140887,-0.18522997,-0.07901676,-0.04951593,0.155861,-0.012676533,-0.6042026,0.21853374,-0.18144055,0.015384678,-0.44496468,0.27932346,-0.02990105,0.31652755,0.16476443,-0.12049277,-0.14084707,-0.15488173,-0.0391881,0.45107538,-0.052824967,0.17984009,0.22486775,0.1713004,-0.13074297,-0.24941942,-0.24439447,0.31445312,0.21943635,0.440123,0.23380652,0.06078213,0.2026165,0.09572442,-0.16244611,-0.025293568,0.10909168,-0.015190514,0.019651767,-0.30718175,-0.12284414,-0.041553356,0.027000897,0.07212475,0.2711691,0.16770305,-0.31123486,0.09942662,-0.099560976,0.12321153,-0.10136446,0.009144572,0.108559415,0.13259189,0.11374762,0.16082841,0.3110433,-0.19913597,0.011766899,0.13137904,0.027376655,0.065895684,0.08047891,-0.02835141,-0.15954943,-0.08571664,0.3775955,0.4406363,0.3045025,0.2893486,-0.25728324,-0.2734614,-0.2772898,-0.24850129,-0.20147559,-0.075694524,0.19124131,-0.24765088,0.09414899,-0.34531257,-0.13378212,-0.45425695,0.046888158,0.19963665,-0.013038831,-0.048489697,-0.1652232,0.23419695,-0.0738749,-0.08559449,0.21830545,0.2240118,0.013111224,0.29071054,0.15769501,-0.2046009,0.09401508,0.007610067,0.46312663,0.07513717,-0.14277977,-0.110058695,-0.01224883,-0.20364328,0.21081598,0.10927454,-0.40848643,0.030961597,-0.28358325,-0.32415196,0.008090272,-0.21444088,0.4027799,-0.058373753,0.05313755,-0.40587726,-0.013546242,-0.20657812,-0.34330216,0.14088161,0.23313732,-0.34177193,-0.280272,0.36009565,0.11663034,-0.385142,-0.16949521,0.053710766,-0.041921403,0.15600188,-0.21004896,-0.073743306,0.07130536,-0.03506476,-0.093665935,0.13136902,0.15770178,0.14073358,0.18136886,-0.041861784
VRRYPWWWPYLRR,-0.19694537,-0.2603159,0.23466828,0.5563291,0.32888278,-0.43423012,-0.29767305,-0.113359876,0.091392264,-0.18162654,0.17015824,0.07286021,-0.010935354,-0.15031736,0.024920719,0.13194653,0.23551634,-0.030193852,0.11193879,-0.032777485,-0.08833127,0.06854845,-0.08016873,0.0785646,0.017259236,0.36816457,0.07957928,0.13995266,0.3013233,-0.124178134,-0.16596264,-0.4823255,0.16881771,-0.41644287,0.110681266,-0.18679722,-0.03306111,-0.18325353,0.21840528,0.037556592,-0.16277502,0.055138763,0.05962372,0.1968663,0.090565674,-0.22126262,-0.82751757,0.22793506,-0.08099174,-0.049197618,-0.14622846,-0.010973471,0.21664259,0.06941937,0.08446236,-0.082882635,0.28219968,0.028532011,0.006911588,-0.09128035,0.12271443,0.05255153,-4.797831,-0.26116118,-0.0019242516,0.061873507,-0.012684562,0.52784425,-0.2787953,0.14629914,0.10054374,-0.0039531467,-0.21168047,-0.1624873,-0.2006448,-0.27666026,0.18119343,-0.34257215,-0.05420863,0.3210872,0.33857086,-0.04407344,-0.18376026,0.34424397,-0.15626866,0.061524894,-0.113096714,0.10413788,-0.026342008,0.22962023,0.08216063,0.45958564,-0.119349845,0.0075096735,-0.24841698,-0.13035628,-0.1778614,0.22369318,-0.08897234,-0.21096686,-0.088802226,0.090292975,0.009447641,-0.046275537,-0.2510712,0.37764117,0.03800008,0.18423046,0.28923988,-0.28135827,0.22182904,0.2872494,0.28658053,0.23832658,0.09932031,0.00085226697,0.18730767,-0.32511032,-0.15177152,0.17745988,-0.29176414,-0.012271764,-0.16496426,0.45123407,0.007044531,-0.10746841,0.010391444,-0.13332202,0.08105661,-0.2457855,0.22182305,-0.09677735,0.29270807,-0.0149262855,-0.13616125,-0.17362033,0.07452471,0.058500927,-0.32989788,0.17939283,0.21839388,-0.22066183,-0.10665873,-0.0652765,0.19721483,0.051666807,0.017076463,-0.41510022,0.13619314,0.087249324,-0.53538114,0.16135554,0.22165808,-0.35761723,0.33973816,-0.124360606,-0.10572717,0.47837982,-0.007061605,0.008154831,0.010161398,-0.0032787109,0.039768856,0.119986005,-0.14226691,-0.18129542,0.05583068,0.018913206,-0.054702487,0.2130869,0.18536057,0.24200541,0.3202171,0.049888946,0.26376453,0.226474,-0.01538614,0.007231464,0.21261269,-0.17837921,0.14364198,-0.17551701,0.07756696,0.0018755993,0.1009216,0.10933366,-0.44137147,0.16669194,-0.20985292,-0.14521012,-0.44221595,0.3069119,-0.13664651,0.2808555,0.10056473,-0.26976147,-0.27850494,-0.114549756,-0.0931441,0.39214906,-0.030541496,0.08949823,0.06371618,0.21512957,-0.07823562,-0.39167175,-0.1968918,0.43584502,0.13202573,0.44046792,0.099816225,0.05490698,0.031698335,0.02410859,-0.24235953,-0.03608365,0.16206506,-0.07525818,-0.038089313,-0.34908077,-0.14641067,0.13406834,-0.2006392,-0.015147662,0.22777233,0.10188378,-0.3214472,-0.072011515,0.0030702394,0.17764896,-0.07735035,0.18465966,0.05484438,0.20056812,0.07632966,0.044765875,0.29941776,-0.20960236,0.07542617,0.42323503,-0.20268467,0.027527504,0.10983541,0.048791822,-0.2383749,0.02339273,0.30587295,0.43686524,0.11074162,0.183858,-0.33134076,-0.16697095,-0.07163625,-0.17158462,-0.12718198,-0.0075750267,0.2572374,-0.31209555,0.18981059,-0.3498259,0.07224619,-0.4045474,0.09520325,0.1041339,0.031593595,0.06765361,-0.1296541,0.28827426,0.03748431,0.0019712413,0.16993399,0.25472644,-0.008047796,0.19556053,0.0716017,-0.19328053,0.019036502,0.12881392,0.38504404,-0.021819847,-0.06190749,-0.30420193,-0.012140915,-0.109437905,0.35057035,0.32659647,-0.56850344,0.019487383,-0.07533607,-0.37107652,0.04673216,-0.30634028,0.30277285,-0.042091884,0.007931324,-0.3680367,-0.049654562,-0.17897049,-0.37410787,0.22604038,0.19318704,-0.1869485,-0.28795478,0.25178882,0.08503346,-0.31055743,-0.18102406,0.1304106,-0.042287353,0.036327202,-0.302273,-0.13923617,-0.09692423,-0.047594327,0.08500419,0.0734647,0.26154563,0.0754313,0.12513635,-0.12035513
VRRFAWWWPFLRR,-0.14236023,-0.30422506,0.18459608,0.4181109,0.14118886,-0.378018,-0.27889547,-0.047945324,-0.0217134,-0.09851267,0.13968192,0.30746344,0.07773065,-0.17476338,-0.15589939,0.17737016,0.15262423,-0.07488783,0.091945484,-0.085540265,-0.31672233,0.16909614,-0.16427708,0.11636801,-0.08755473,0.37568548,0.056569353,0.1700268,0.35159332,-0.091052,-0.07951741,-0.63419425,0.20471884,-0.45106733,0.17446278,-0.4817361,0.024189012,-0.20040995,0.28375182,0.08079281,-0.1532078,0.02288336,0.12609352,0.16908444,-0.10662918,-0.23484094,-0.72422206,0.32370818,-0.07669433,0.047282077,-0.14382799,-0.2006503,0.10526029,0.12500319,0.067258365,-0.014984262,0.1992628,0.0040849466,0.016880741,-0.28697303,0.069813706,0.15962802,-4.7563457,-0.13886306,-0.100469336,0.027858345,-0.003623997,0.38416472,-0.24503109,0.07426936,0.10727934,-0.09718485,-0.27489117,-0.12083915,-0.24920754,-0.1558521,0.08193366,-0.045562148,-0.014965044,0.33539787,0.2961378,-0.048735943,-0.1286437,0.37012777,-0.1882971,0.01690754,-0.15174907,0.13016538,0.11857083,0.16949002,0.17931579,0.44273284,-0.093905136,-0.08648344,-0.24609132,-0.07287692,-0.31919086,0.31896964,-0.10996347,-0.1167747,-0.2175946,0.011401682,-0.14308354,-0.053966146,-0.21303515,0.39551356,0.06884964,0.16451822,0.46997824,-0.2688525,0.20055975,0.4371607,0.17691869,0.11610945,0.31723022,0.16815831,0.04332188,-0.2565308,0.0028466205,0.41037282,-0.20559973,0.0560767,-0.25575358,0.48353222,-0.10655481,-0.2817735,-0.061341178,-0.040094245,0.08713865,-0.24812342,0.24259272,-0.12507182,0.19286627,0.023471296,-0.25778475,-0.045096356,-0.028714763,0.01494181,-0.43711907,0.18726507,0.24554199,-0.17522372,-0.10148326,-0.012085231,0.09280161,0.12724058,0.00739525,-0.36416456,0.024322594,-0.0015879909,-0.605459,0.057700142,0.062140528,-0.44928643,0.43391398,-0.04518001,-0.1331503,0.41668096,-0.020182014,0.06929099,0.05472668,-0.05372037,0.15417132,0.12899509,-0.13298626,-0.078634255,-0.03178314,-0.06931071,-0.100969724,0.14134498,0.17933849,0.46362776,0.24872743,0.10398304,0.39617285,0.21140216,-0.10492725,-0.08964556,0.15237808,-0.16126038,0.23477203,-0.18325774,-0.07303187,-0.06321549,0.22401516,-0.034630664,-0.59409636,0.21724969,-0.20608267,-0.025913259,-0.47783488,0.3356923,-0.0070120473,0.3033003,0.15836631,-0.14987391,-0.17329945,-0.15282938,-0.026084665,0.4207025,-0.06555256,0.094940014,0.176274,0.17553638,-0.09801768,-0.28332928,-0.23717897,0.34787697,0.20212142,0.50343716,0.18619211,0.05309697,0.17417492,0.109015845,-0.19099045,-0.090806335,0.14291508,-0.04574461,-0.028201623,-0.31537673,-0.15741332,-0.027182404,-0.013573546,0.056915343,0.28633368,0.13167822,-0.2790432,0.1013508,-0.14123927,0.15000062,-0.11742358,0.051167447,0.12825736,0.20339333,0.14609288,0.18849553,0.3327003,-0.23615736,0.019827856,0.1752537,-0.06113896,0.08573234,0.06023085,0.013049835,-0.17398165,-0.009887238,0.34251487,0.5054851,0.3007614,0.25322047,-0.29182923,-0.22207549,-0.25535396,-0.24950008,-0.20739047,-0.059559513,0.21451752,-0.2911127,0.13621369,-0.37287244,-0.046569478,-0.46105713,0.037936106,0.19908877,-0.049407985,0.009922329,-0.23526964,0.21762624,-0.058888692,-0.009171515,0.2651018,0.26463568,0.049743794,0.31586334,0.119765826,-0.25314698,0.040033333,0.068636246,0.45080647,0.09325095,-0.09842991,-0.22169827,0.014309008,-0.17166267,0.23460789,0.0930227,-0.42429176,0.042433273,-0.2312155,-0.36491376,0.028955126,-0.2506429,0.41522393,-0.07475884,0.041217152,-0.42500985,-0.020149292,-0.22023045,-0.3538541,0.16368853,0.19434778,-0.31749523,-0.2795911,0.32085484,0.10994157,-0.39162913,-0.1449719,0.08700668,-0.09681826,0.12454626,-0.11408814,-0.09370335,0.063983716,0.01136362,-0.05969429,0.18584199,0.21449977,0.1284925,0.19410113,-0.008444358
VRRFPWWWAFLRR,-0.16714121,-0.30815336,0.1960741,0.43129846,0.17566141,-0.37545687,-0.25252935,-0.04590457,-0.038643878,-0.08515904,0.13308024,0.26819792,0.051901873,-0.15895106,-0.13342829,0.19840674,0.17114577,-0.04318035,0.051500548,-0.08726955,-0.2937967,0.14094363,-0.13464005,0.10711765,-0.045800462,0.38547885,0.0535172,0.17749672,0.38490734,-0.08487879,-0.0984334,-0.5513723,0.19776148,-0.44170466,0.19639501,-0.4212566,0.030011343,-0.17438851,0.27666697,0.06974554,-0.14294523,0.036002357,0.09779436,0.18497036,-0.076152794,-0.18318911,-0.6886722,0.31863514,-0.08774854,0.0029795845,-0.16888261,-0.16002324,0.130249,0.13830523,0.058472984,0.035089716,0.26316226,0.054352067,0.030406844,-0.25418988,0.08601528,0.18723242,-4.7663693,-0.14036016,-0.06437189,0.041623842,-0.0224828,0.3996547,-0.263907,0.1255946,0.09847948,-0.062264703,-0.27749392,-0.108543634,-0.21777083,-0.1749092,0.13787068,-0.13361055,-0.025807159,0.33855754,0.2929901,-0.055492446,-0.13894325,0.36489838,-0.23589046,-0.0118495105,-0.10178998,0.1288388,0.108500436,0.16005085,0.18637142,0.38612852,-0.09518091,-0.09334267,-0.27219912,-0.10207287,-0.2871257,0.31813952,-0.10203962,-0.116825536,-0.15885885,0.04100252,-0.110757634,-0.060898434,-0.19439897,0.42916667,0.07916259,0.12898959,0.47001722,-0.2663278,0.21207754,0.44949856,0.20043172,0.12625708,0.2855248,0.12689205,-0.018301414,-0.2513681,-0.030560145,0.34283796,-0.20819244,0.08268554,-0.24975128,0.423614,-0.10696333,-0.22845748,-0.08522322,-0.052907646,0.10579349,-0.2689325,0.2241034,-0.08841717,0.19277449,0.0590517,-0.24265072,-0.056751397,0.036925983,-0.0064378064,-0.42943648,0.16237062,0.20973018,-0.24382886,-0.11655218,0.014400112,0.11427088,0.17070386,0.025260359,-0.33222213,-0.0049518524,-0.0030181308,-0.60650295,0.100963674,0.075176544,-0.4062556,0.44010577,-0.07241025,-0.11607688,0.394904,-0.023513522,0.05108505,0.052886054,-0.054416977,0.06786542,0.10593687,-0.15210438,-0.077829264,-0.05854092,-0.047833208,-0.099128105,0.12231305,0.21548694,0.44135267,0.26000407,0.069532074,0.36787775,0.18650247,-0.06939358,-0.05808937,0.13474008,-0.1787458,0.237857,-0.23266938,-0.016332211,-0.04052589,0.13595562,0.0075762034,-0.559977,0.18285576,-0.214835,-0.065633245,-0.44476795,0.344055,-0.05253033,0.3066201,0.13836648,-0.13147838,-0.16853109,-0.13481852,-0.07793191,0.47477716,-0.10175681,0.09111929,0.1807949,0.21073626,-0.116192505,-0.29973108,-0.24573708,0.3097672,0.18775858,0.52273375,0.17982367,0.061982,0.16689712,0.07338772,-0.1720045,-0.058471236,0.11231546,-0.07248162,-0.026719576,-0.3331038,-0.17015621,0.015351085,-0.04237937,-0.008396856,0.2772449,0.14279582,-0.24980976,0.08000166,-0.10813461,0.13012329,-0.15141934,0.06997703,0.16888672,0.19776177,0.102070674,0.14988452,0.37263805,-0.20941912,0.014398055,0.19437924,-0.07935945,0.055474736,0.059212003,-0.00015057127,-0.21362533,-0.021803144,0.34820476,0.45021877,0.28005382,0.23884961,-0.3236691,-0.25714463,-0.23324765,-0.2594089,-0.25271848,-0.06541658,0.2536048,-0.2738573,0.10012128,-0.34988734,-0.040871613,-0.48891363,0.048712954,0.18821996,-0.017097095,-0.013962353,-0.17521818,0.2346279,-0.033217337,-0.030800937,0.22927882,0.2774349,0.028888997,0.2827105,0.11035623,-0.20044892,0.045144748,0.034694348,0.43514684,0.068995714,-0.09340131,-0.2344152,-0.04204916,-0.16032097,0.21875866,0.081057474,-0.4417184,0.083445065,-0.21407212,-0.3392564,0.03347965,-0.27936572,0.4020216,-0.026473003,0.035201393,-0.4632837,0.004282584,-0.2357122,-0.36774772,0.18796298,0.17309776,-0.29979476,-0.2919968,0.31121746,0.110475905,-0.34649986,-0.154521,0.0943905,-0.09673274,0.08141293,-0.12256778,-0.0799478,0.07058053,0.017857276,-0.013324377,0.18680032,0.21138766,0.11740424,0.19424237,0.004665528
GSKKPVPIIYCNRRSGKCQRM,-0.002295308,-0.3078375,0.16453274,0.3576997,-0.0798883,-0.17704631,-0.27018917,-0.10299633,-0.12917767,-0.16218494,-0.058705486,0.37620044,-0.11895273,0.06931307,-0.16601111,-0.049065933,0.21557279,-0.004294101,0.27386975,-0.1280688,-0.15997265,0.087925375,0.013457511,-0.005853413,0.059106942,0.33962333,-0.076845735,0.0033402268,0.040047944,-0.091899954,-0.12861656,-0.023565903,0.15324976,-0.3671963,0.19049558,-0.39077094,0.14360464,-0.0903583,0.34490842,0.111020565,-0.05992647,0.19948938,0.037679046,0.084787495,-0.084252566,-0.018873358,-1.262914,0.18228886,-0.18357876,-0.094909504,0.1605712,0.098833084,0.32006395,-0.21787491,-0.14690445,-0.20544073,0.04547693,0.18395635,0.08520298,-0.12592638,-0.005896777,-0.07771435,-5.038979,-0.14591128,-0.00268167,0.0603932,-0.054937605,0.2356615,-0.16106567,0.1659334,-0.22621955,-0.016250772,-0.10615034,0.02346624,0.0018548046,-0.05521324,0.03152683,-0.049284086,-0.103105776,0.23101747,0.19516917,0.025437085,0.0085811345,0.18217361,-0.24205045,-0.33258244,0.08943052,0.09895314,0.10711398,0.11935068,-0.029461417,0.0536415,0.071103044,0.031231226,-0.14449722,0.12038872,-0.16622609,0.34311754,-0.09723891,-0.355022,0.051534217,0.035786122,0.06838243,0.009508513,-0.0028822804,0.26479983,-0.099443085,0.19642039,0.11788725,-0.14072628,0.105892085,0.13166401,0.22094806,0.09615984,0.15565306,0.07245528,0.09138818,-0.14122422,-0.2792978,0.12022401,-0.030161737,0.029374164,-0.02819999,0.10197751,0.13427496,-0.13625742,-0.003551382,-0.13721901,-0.09998927,-0.0076092533,-0.15849447,-0.10484605,0.14399867,-0.023029031,-0.011008207,0.072495855,0.001465824,-0.0156621,-0.13520437,-0.07555523,0.3623552,-0.2120732,-0.19801073,0.072013505,-0.009406516,-0.03456226,-0.03304455,-0.17703886,-0.18507908,0.044436153,-0.12364115,0.003732476,0.15512784,-0.3191112,0.09565372,-0.16536142,-0.0140801305,0.14247349,-0.20711482,0.2533669,-0.08158412,-0.24644557,-0.08193668,-0.01992464,-0.07107722,0.13258095,-0.14221013,-0.076609045,0.023096407,-0.03974338,0.02275557,0.13022253,0.13283643,-0.1428969,-0.11625627,0.19218001,0.20507626,-0.19374466,-0.12402,-0.24620894,7.5704374e-05,-0.3295433,0.023289328,-0.05368099,0.07594409,0.0461514,-0.39183882,0.3210423,-0.16068375,-0.14302847,-0.11620567,0.16541094,0.58802575,0.20960341,0.2587006,0.027025685,-0.1912758,0.18089193,0.11932927,0.27192128,-0.12709476,0.1677572,0.09312317,0.17784052,0.02618103,-0.20508671,0.031724546,-0.19607548,0.15731144,0.39035052,0.042377535,0.036505394,-0.19905084,0.1386271,-0.1657357,0.12648796,-0.08659459,-0.028126875,0.012038916,-0.11627849,-0.37403613,-0.0662397,0.25291234,0.09816541,0.100660324,-0.13103813,-0.012316481,0.08444206,-0.0630228,0.18109201,0.02484332,9.394988e-05,0.16467296,0.095710814,0.17609534,0.20107286,0.17908789,-0.20324336,0.15162496,0.09524147,-0.1931175,-0.19934273,-0.016361395,0.1265611,-0.16731086,0.053954177,0.26963943,0.36424232,0.1893666,0.19333582,-0.21926165,0.16841526,-0.04998648,-0.08784908,-0.23003341,-0.08544888,-0.06365842,-0.23557301,0.22348127,-0.18609354,0.08180059,0.04371407,-0.108690284,0.08179988,-0.006950345,0.04200895,-0.05251899,-0.07747348,0.32346287,0.15037686,0.13929935,0.28617582,0.1992785,0.14814329,-0.06034941,-0.14696792,0.017150857,0.3513937,0.13238223,0.25211385,-0.042900108,-0.1743371,0.2296733,0.16098201,-0.10030535,0.38731924,-0.17386869,0.1330785,-0.20786443,-0.2648678,0.07640052,-0.21124089,0.2884713,0.06102615,-0.014831436,-0.13127209,-0.10490005,-0.117915876,-0.39224336,0.24194124,0.004289039,-0.026447345,-0.21557924,0.28280452,-0.015411662,-0.14755163,-0.104137786,0.05332527,-0.12546211,0.003855525,0.10787514,-0.08827707,0.11469831,0.11406245,-0.042837173,0.15982224,0.021120798,-0.024611412,0.293682,0.03263035
FVPWFSKFLGRIL,-0.06687153,-0.24483491,0.25942346,0.24944782,-0.0014031609,-0.2283713,-0.22349901,-0.02652293,-0.14609915,-0.060978286,0.06562696,0.27049324,0.038790498,-0.04123799,-0.19548593,0.08071946,0.15509866,-0.045782115,0.15118481,-0.22745612,-0.27893576,0.0805793,0.013438983,-0.064133614,-0.048972838,0.3994116,-0.028861959,0.06398097,0.3000465,0.033018105,-0.11787634,-0.09837019,0.04181722,-0.22271582,0.15936561,-0.47727233,0.15022224,-0.14104766,0.26943457,0.18734573,-0.13233095,0.24922194,-0.035157997,0.051533315,-0.040821154,0.022678405,-1.0417343,0.3260832,-0.1401848,-0.20821714,0.097386226,-0.08971991,0.22052075,0.15385914,-0.19410989,-0.06733864,0.13076043,0.04353188,0.05931098,-0.21207383,-0.032660123,0.09596722,-5.030114,-0.09317701,-0.04571998,0.0039129774,-0.089062594,0.29024938,-0.23440973,0.1781728,-0.0736028,0.08179569,-0.23880471,0.12293138,0.01215644,-0.04056665,-0.006913909,-0.21193202,0.010447784,0.31052306,0.14296113,0.084977336,0.1259311,0.13801435,-0.14860055,-0.07018331,-0.024214951,0.01751248,0.10211345,-0.015445693,0.1307312,-0.006526677,-0.0007410844,0.06819848,-0.11566868,0.08663626,-0.14023605,0.22302155,0.047152855,-0.25850412,-0.052729465,0.07071573,-0.17156106,-0.08205845,0.04742645,0.3883888,0.115996465,0.0007412235,0.19036664,-0.05448152,0.06428846,0.2957236,0.12428714,0.08632639,0.07756176,0.20951083,-0.07027053,-0.045644496,-0.16033338,0.116915956,-0.14227141,-0.0244888,-0.18681766,-0.061917886,-0.01806452,-0.01770118,-0.020784223,-0.013911978,0.02413656,-0.12950289,0.016732229,-0.08768018,0.32601872,0.038908165,-0.036731947,0.07727979,0.060364798,-0.105226606,-0.27587178,-0.10774116,0.23785408,-0.15530875,-0.16831045,-0.08772648,0.023671038,0.083932415,-0.015297178,-0.18935245,-0.23428541,-0.0033708632,-0.3262563,0.0981169,0.15253292,-0.27683792,0.21999213,-0.10406407,-0.056231514,0.089202814,-0.017037788,0.15059209,0.019764157,-0.19089924,-0.07914507,-0.08008797,-0.09128857,-0.09957002,-0.034391172,-0.042168137,-0.029937232,0.11807041,0.13521677,0.32147938,0.15644318,-0.034168407,0.05229082,0.113911636,0.07830562,-0.0804404,-0.0837107,-0.26224524,0.12336482,-0.38342658,0.024340069,0.044780564,-0.015901364,0.12911728,-0.39786088,0.25329185,-0.23511864,-0.10627909,-0.34276885,0.2287717,0.3069493,0.21691689,0.11159431,0.12563786,-0.06926813,0.049666993,-0.015834672,0.48671812,-0.112362355,0.1463813,0.2663517,0.27888107,0.025865348,-0.07451455,-0.10006344,-0.26363724,0.037803244,0.36142012,0.005543721,-0.04355878,0.12451159,0.17804323,-0.1307769,0.047694284,0.027550505,-0.0017421673,-0.07701718,-0.27787,-0.3895341,-0.030955624,0.24945964,-0.10083047,0.09086438,0.011119737,-0.08047071,0.12863566,-0.082655735,0.11069612,-0.035566207,0.01597393,0.33306697,0.1614371,0.15712093,0.15261863,0.38805705,-0.24138813,0.14072596,0.09435993,-0.13598864,-0.048279356,-0.05381291,0.11435488,-0.27713123,-0.07463847,0.340363,0.3118525,0.21737677,0.21228728,-0.16026334,-0.09375333,-0.1332545,-0.3027874,-0.2817067,-0.0978178,-0.11393247,-0.12709257,0.32920557,-0.28513905,0.039641455,-0.19025955,-0.0018705428,0.07687429,0.025668524,-0.01000824,-0.04299681,-0.07281661,0.17193393,0.05545373,0.06291325,0.28105623,0.1510506,0.15990168,0.09964124,-0.16947562,0.060062233,0.1039597,0.25311187,0.16408724,0.04811534,-0.24310757,0.046595827,-0.015995573,0.048156317,0.073653124,-0.29393736,0.17728713,0.0152393915,-0.20157364,-0.054540973,-0.20012902,0.42944092,0.16120166,0.05097688,-0.29262224,-0.0035441916,-0.21324247,-0.32154304,0.22265734,0.01353048,-0.23643145,-0.19267447,0.30188292,-0.038361788,-0.06782853,-0.09181003,0.013278025,-0.23153667,0.07293879,0.15143307,-0.086407386,0.18080333,0.10105456,0.014281031,0.1571423,0.14814666,0.12970327,0.17869559,0.13923867
AVVKVPLKKFKSIRETMKEKGLLEDF,-0.10889196,-0.074223824,0.24535282,0.21751472,0.14395542,-0.05184031,-0.009343688,0.040287323,-0.08730473,-0.068545766,-0.014007969,0.17017767,-0.25140002,0.032148864,-0.02228103,-0.032729067,0.10538597,-0.12740731,0.16781048,0.08197873,-0.13877971,-0.14070414,0.017758032,-0.24292307,0.0579038,0.24034652,0.04760129,0.24753693,0.089177534,0.00040198863,-0.1738846,0.3494863,0.0046724975,0.0059242886,0.013176839,-0.12957196,0.042889263,-0.030808358,0.24386342,0.17348579,0.22093998,0.31812224,-0.33389854,0.0063821417,0.16029896,0.21340989,-0.67916614,0.20033352,-0.19420978,-0.14112367,0.025798196,-0.063419126,0.19736633,0.084495194,0.007884085,-0.025910242,0.21021673,-0.10216953,0.16433406,-0.05978871,0.040155057,-0.13771337,-4.989345,-0.045761835,0.02285507,0.046477556,-0.009281678,0.104889296,-0.114209056,-0.03546404,0.03695591,0.13494895,0.009759685,0.31636152,0.043957055,0.0929174,-0.010089861,-0.20544782,-0.09292037,0.08771645,0.06539137,0.10733027,-0.001917408,-0.15766473,0.1978878,-0.058539253,-0.019219805,-0.15103118,0.18295123,0.15886594,-0.008432746,-0.08616662,0.19057724,0.1948007,0.115367465,0.050428677,-0.028014753,0.00086925336,0.043392863,-0.08627562,0.18464401,0.008577707,-0.04913915,0.12339025,0.10988047,0.22378588,-0.02658523,0.028077753,-0.16736285,-0.1257915,-0.003918469,0.14072154,-0.12236069,0.04635945,0.10363469,0.027087528,-0.08080002,-0.03765964,-0.06069353,-0.21552494,-0.073294096,0.025210017,0.12661482,-0.27699092,0.03735766,0.12485522,-0.022620512,0.023030171,0.024188707,0.076245375,-0.106421195,0.03849454,-0.029724495,0.1689992,-0.021885652,-0.11231615,-0.020892525,-0.22842503,-0.16384575,-0.3434767,-0.056135263,-0.012594468,-0.30300155,0.077209964,0.10006558,-0.016191334,0.16631725,-0.030608896,-0.20977625,0.3092854,0.11328973,-0.039086856,-0.0030998567,0.016262611,-0.2887996,-0.15923573,0.054541748,0.21311808,-0.09318493,0.13112704,0.11382157,-0.04903549,-0.12130189,0.13815527,-0.052157108,-0.03626771,0.05176958,-0.024350088,-0.032528084,0.058487553,0.078543626,0.123173594,0.08474328,-0.07967903,-0.0838329,0.017675199,0.22638474,0.027804654,-0.37519938,-0.15350382,0.14939128,-0.18203783,0.1848725,0.027901303,-0.18060367,0.09341518,-0.043888945,-0.02422048,-0.08015553,-0.17142089,-0.006475951,0.007245826,0.3250456,0.071783625,-0.1851885,0.14604524,0.03641792,0.18818183,0.05666813,0.37881812,-0.0843215,0.167509,0.11440172,0.18678907,0.0124125425,-0.066096194,-0.0825698,-0.4352038,-0.049675647,-0.058710434,0.031198481,-0.21402843,0.21610712,0.17304397,0.08691294,-0.06572056,-0.10061688,-0.050173547,0.15842223,-0.0031707252,-0.069111876,0.14363743,-0.029681077,-0.040057603,0.08876986,0.00515784,-0.12050073,-0.009084029,-0.022851467,0.05430735,0.069765754,-0.08523858,0.20937791,0.04794556,-0.021903843,-0.15041505,0.13809648,-0.19479851,0.115735486,-0.00054665067,0.06389966,-0.14817691,-0.025524898,0.0146499295,-0.017247284,-0.10288351,0.15674455,-0.007309693,-0.07809287,-0.110510826,-0.054413114,0.13557662,-0.115376845,0.07539933,-0.04498473,-0.036870282,-0.053037353,-0.06678503,0.08860494,-0.24388091,0.084907,-0.122862585,-0.026775619,-0.11780085,0.036956105,0.018152999,0.008447324,-0.29744932,0.119774126,-0.18932913,0.003469977,0.06194723,-0.102251194,0.07381458,0.08796905,0.07103055,0.10211869,0.07383752,0.10244752,-0.033094272,0.067958176,0.041380074,0.056374792,-0.13281527,-0.047818523,0.16959235,-0.23812318,-0.008930251,0.03143184,-0.11470954,-0.2748237,-0.18224561,0.16703568,0.101042084,0.17136392,-0.06921379,0.123952344,-0.16094372,-0.19058076,0.13288681,-0.15492569,0.021158457,0.10266732,0.012876242,-0.043093197,0.087863974,-0.017745448,-0.19798286,0.09032636,-0.08062156,0.19636841,0.17824295,-0.045697577,0.03717008,0.15514146,-0.15893212,0.06332571,0.15172228,0.09009999,0.03535823
YSKSLPLSVLNP,-0.021040397,-0.3178962,0.21311958,0.17475478,0.11618595,-0.17041335,-0.13457312,-0.059690498,-0.20827307,-0.1697808,-0.0263516,0.264464,0.009821408,0.010349065,-0.28040117,0.050271444,0.2667841,-0.17064641,0.10896529,-0.2255483,-0.20216735,-0.014689965,0.163047,0.009590103,0.05197925,0.44001314,-0.0054908968,0.06469445,0.21337613,-0.057433248,0.09292527,-0.0020352367,-0.06504823,-0.18707979,0.116220966,-0.52247685,0.31674522,-0.1996592,0.26292893,0.11697544,-0.29002196,0.21677688,0.16823003,0.058716886,-0.009214781,0.06463425,-1.2235863,0.17820658,-0.05347159,-0.071066864,0.17377722,-0.012707559,0.28781107,0.09561871,-0.21043943,-0.20279016,0.013051225,0.0061029666,-0.0012879393,-0.23671757,-0.0344858,-7.368465e-05,-4.9476824,-0.07654891,-0.17085321,-0.11661543,-0.13541298,0.20175365,-0.28776363,0.2137223,-0.2265618,0.028844563,-0.25878254,0.14151745,0.0560221,0.07427246,-0.11762207,-0.31738305,0.13377105,0.36059007,0.15032592,0.12767568,0.102478966,0.34625313,-0.17486705,-0.21887703,-0.028470581,-0.007501385,0.11186735,-0.03392888,0.034280647,0.03188802,-0.0958306,0.060832907,-0.28556892,0.15089539,-0.14629288,0.20633666,0.085306585,-0.40461054,-0.14879592,0.04835226,0.025055949,-0.15493311,0.18377294,0.371259,0.019149367,-0.023423363,0.18541296,-0.09738795,0.011308624,0.23794016,0.017124085,0.060951646,0.10142503,0.24872348,-0.023775728,-0.070797585,-0.22843277,-0.07271794,-0.06645517,-0.16357705,-0.17526963,-0.17679283,0.002880603,-0.13654853,0.039297886,-0.0695019,-0.08250628,-0.05532691,-0.01428698,-0.097596,0.41769472,0.042142846,-0.02216362,0.07986177,-0.04732076,-0.05961711,-0.08601681,-0.060025793,0.3275464,-0.070379265,-0.15241289,-0.007302729,-0.047213905,-0.0046444233,0.007791366,-0.08306094,-0.2930374,0.09620274,-0.31764627,-0.16981114,0.10651338,-0.27794835,0.18852665,-0.2034926,-0.013603843,0.062432043,0.010468951,0.17070326,0.0031691939,-0.122075096,-0.0088827945,-0.1581019,0.06308843,-0.09142438,-0.13512886,-0.17768809,0.06597791,0.12895468,0.21418034,0.18362546,-0.07962798,0.048094425,0.049125977,0.11753766,0.26481733,-0.08379594,-0.012732656,-0.30373335,0.051298328,-0.44832253,0.065143116,-0.0057784384,-0.0033140418,0.12252538,-0.4350296,0.21131836,-0.19574478,-0.1884025,-0.31058025,0.16243623,0.5414019,0.22829756,0.2050174,0.057871323,-0.013192667,0.068070985,0.13176534,0.40057287,-0.022612542,0.008474286,0.25022492,0.18902393,0.0061080414,-0.09647227,-0.097848795,-0.30683565,0.019852014,0.30617467,-0.053571858,-0.08150558,-0.085376404,0.22471245,-0.21234597,0.13175538,0.095158294,-0.03190494,-0.19679174,-0.17707668,-0.42359552,-0.09773777,0.35832146,-0.12268542,0.008338344,-0.027046446,0.011920723,0.12533526,-0.12462837,0.2333848,-0.11680976,0.010051421,0.24428561,0.14858949,0.2478368,0.2415073,0.37380975,-0.23022056,0.1877687,0.042799644,-0.26529217,-0.18753979,-0.18662663,0.21156195,-0.2910599,-0.019084651,0.38492635,0.3392021,0.13873455,0.1941212,-0.14402236,0.06130084,-0.042219732,-0.10121422,-0.23617056,-0.17354707,-0.16060449,-0.13243869,0.43386194,-0.38078636,0.056312244,-0.042848345,-0.020100484,0.06306164,0.08099605,-0.053156298,0.0068411604,-0.065504454,0.115375236,0.17698598,0.0180728,0.24949309,0.43418685,0.24174522,-0.0399613,-0.17562212,-0.09552688,0.25745106,0.17806955,0.33139727,0.11442263,-0.23845959,-0.007374144,0.08444054,0.15928636,0.1588941,-0.2970659,0.120346375,0.096446194,-0.22852245,-0.09953819,-0.1575509,0.43860975,0.17622077,-0.03659263,-0.17061818,0.009601681,0.032636892,-0.45040852,0.31351706,0.04867927,-0.08173748,-0.24516392,0.41129225,-0.06694559,0.026819438,-0.2169212,0.042919416,-0.2594134,0.24649613,0.15057032,-0.12785359,0.2692011,0.23083189,0.012605692,0.2706049,0.18675147,0.24495606,0.23131916,0.10376064
GKCNVLCQLKQKLRSIGSGSHIGSVVLPRG,0.04114026,-0.34612244,0.24619073,0.20733586,-0.11772295,-0.23672098,-0.2425628,-0.049541958,-0.14749998,-0.08118723,-0.023202578,0.41587594,-0.081207864,0.1292832,-0.080168694,0.058695883,0.16588303,0.031663805,0.09543121,-0.10928951,-0.22914532,0.032769762,-0.053707205,0.0054945536,0.022575073,0.38994336,0.021772351,0.0064802202,0.10665281,-0.06930798,-0.10961245,-0.043911777,0.124157354,-0.29335377,0.18231738,-0.5265765,0.20869833,-0.06958121,0.22446764,0.12228106,-0.2255691,0.22350223,0.095489904,0.039666396,-0.14200047,0.007849964,-1.2830468,0.18109465,-0.15132836,-0.017059088,0.11021342,0.01457226,0.15898305,-0.07574673,-0.11876865,-0.23412555,0.022982404,0.0814171,0.028329138,-0.17452589,-0.021243758,-0.03555169,-5.158063,-0.13288331,-0.07106447,-0.09483729,-0.11429343,0.2254802,-0.18908393,0.11560278,-0.27290833,0.030410564,-0.13136715,0.1637356,0.015415685,0.0020964667,-0.0019295663,-0.06687548,-0.07617112,0.26196623,0.18415536,0.0503502,0.13309553,0.14429861,-0.22391318,-0.2613421,0.053398952,0.10311784,0.09829175,0.001041898,0.054159466,-0.00113218,0.05424009,0.09660876,-0.13316575,0.16215146,-0.082071766,0.34567004,-0.00695445,-0.29963592,0.020063598,0.049625702,-0.045200545,0.028019868,0.049457274,0.20144063,-0.046720024,0.062388174,0.16994864,-0.06842074,0.08602639,0.23297137,0.1519043,0.04295582,0.106505506,0.12005925,0.04900876,-0.05018782,-0.27682006,0.18022406,-0.0671577,-0.0012755655,-0.004755197,0.03608908,0.03237014,-0.15181257,-0.0456613,-0.08589482,-0.05253252,0.054905333,-0.043301105,-0.056076642,0.15789203,-0.039619617,-0.021849362,0.057876702,-0.12367464,0.057755273,-0.10978314,-0.06395474,0.22509027,-0.15813363,-0.09619932,0.025541687,-0.07318677,-0.02876205,-0.04987005,-0.08120721,-0.15769339,0.08477816,-0.086778544,0.055670705,0.115598455,-0.30106747,0.051833495,-0.048390042,-0.0459472,0.03043009,-0.07727553,0.18473026,-0.16350166,-0.21564496,-0.09072215,-0.06531326,-0.0154111395,-0.046045646,-0.068380594,-0.06412256,0.0068028076,-0.049154464,0.1483517,0.165649,0.072312534,-0.08186138,0.045299277,0.14822464,0.12261681,-0.23807508,-0.0538205,-0.20235145,0.09809837,-0.26236355,-0.04773765,0.03511773,0.048111856,0.13821456,-0.34745467,0.31977898,-0.15490502,-0.16850355,-0.11471571,0.08296828,0.52519894,0.2844246,0.22151127,0.08208648,-0.120408505,0.16927642,0.17236674,0.36990908,-0.094811454,0.13242176,0.116619796,0.1860958,0.009188535,-0.032740556,0.016066644,-0.11753979,0.08929364,0.3267641,-0.021317685,0.03441582,-0.16400665,0.17824802,-0.14401567,0.17993157,-0.07518397,-0.035750218,-0.027132936,-0.06381808,-0.3649305,-0.1420562,0.4074916,0.07736772,0.059643686,-0.047670357,-0.105253756,0.08641186,-0.07139638,0.12966976,0.0073349886,-0.032808077,0.23992804,0.01249963,0.16530535,0.1985521,0.159765,-0.2114386,0.112869576,0.06492203,-0.09217295,-0.2219185,0.0057237134,0.06421535,-0.19729929,-0.029568791,0.30303273,0.29080474,0.13391533,0.1564406,-0.1256835,0.032381818,-0.049891748,-0.1554673,-0.23565868,-0.0032721646,-0.13996193,-0.1524747,0.28421378,-0.07043795,0.07773645,-0.02242964,-0.15229607,0.021980692,0.0017325333,0.00027584098,-0.012418431,-0.122635975,0.28189746,0.1195805,0.12996411,0.22782274,0.2744401,0.2428393,-0.055535123,-0.1586284,0.0044234386,0.3075615,0.20498767,0.25212148,-0.01775024,-0.11466601,0.13904867,0.14218485,-0.052233864,0.30895895,-0.18896207,0.08303469,-0.13221928,-0.20734188,0.059712727,-0.07755151,0.32264405,0.13735789,-0.08343821,-0.19572157,-0.14051068,-0.091590166,-0.4026848,0.21982844,0.00890065,-0.1482455,-0.21429114,0.25173354,-0.08676992,-0.111647144,-0.01803741,0.0456192,-0.1060693,0.08564417,0.07432598,-0.15223172,0.14673904,0.120915934,-0.107756674,0.1618942,-0.07230812,0.054021146,0.16320966,0.05745566
FFGSVLKLIPKIL,-0.03239792,-0.109312624,0.27694693,0.22758093,0.022171386,-0.23328082,-0.13492063,-0.04500384,-0.0063127647,-0.00645504,0.09841808,0.15861729,-0.025664385,-0.006696518,-0.043555465,0.0969662,0.070163,-0.016044656,0.13677011,-0.12003911,-0.26480138,0.015500322,0.13099799,-0.1760211,-0.040326335,0.44977853,0.0030822197,0.073571585,0.4334424,0.12115784,-0.21703188,-0.0138251465,-0.07752841,0.05694862,0.06321818,-0.33278385,0.1720819,-0.059061132,0.28176302,0.1728646,-0.198467,0.26402414,-0.12010989,-0.019866992,0.24870369,0.16439629,-0.71870583,0.4047446,-0.12709121,-0.36556762,0.22152251,-0.1418945,0.2754486,0.15540531,-0.10702435,-0.012909477,0.07089906,0.034106754,0.0685353,-0.18797733,-0.14951392,0.064661026,-4.984632,-0.044678092,-0.07798884,0.047490705,-0.12679288,0.3030177,-0.22798944,0.06137581,0.004159418,0.09753016,-0.16401249,0.2237835,0.15661648,-0.1302229,-0.039706636,-0.29233164,-0.012442025,0.40677303,-0.014831678,0.15004042,0.22290593,-0.0642839,-0.14371802,-0.1426728,-0.026913654,-0.09635036,0.12872277,0.03599698,0.024124889,-0.09194507,-0.008564402,0.009680309,-0.016245192,0.05679135,-0.15897821,0.11742691,0.03430627,-0.25461298,0.09726793,-0.03402265,-0.28118503,-0.22391747,0.15584572,0.38440272,0.13410796,-0.062812604,0.12802504,-0.07938172,0.14709605,0.2738993,0.12064111,0.16386056,0.0024354404,0.13798475,0.04864766,0.010883211,-0.100926615,-0.02040505,-0.11018422,-0.102795206,-0.20273104,-0.19549376,-0.066689886,0.16370893,-0.029550878,-0.01357469,0.13221617,-0.097394854,0.05437756,-0.09517362,0.27923098,0.09869532,0.08111795,0.039518062,0.03683563,-0.24106221,-0.264938,-0.21400666,0.19722341,-0.22320102,-0.22778967,-0.14112377,0.04343714,-0.0083722,0.09351626,-0.15754251,-0.21091586,0.039839614,-0.24863847,0.11467584,0.08071372,-0.1616849,0.1382234,-0.08452482,0.075891756,0.016954442,-0.050193105,0.27296546,0.05976604,-0.031776596,-0.11284518,-0.08279537,7.185688e-05,-0.062118325,0.050664768,-0.069224514,0.08925303,0.1273114,0.103481025,0.2679926,0.116647586,-0.10002327,-0.027409645,0.09465675,0.096921474,-0.0046535092,-0.1283472,-0.32475704,0.0691871,-0.41072196,0.0050598304,0.10046992,-0.11907024,0.097721495,-0.20445801,0.18416065,-0.17075838,-0.21361852,-0.28952095,0.30645058,0.23483664,0.17202972,-0.08660451,0.20242047,-0.057931878,0.12698214,-0.031235147,0.4412622,-0.10326265,0.19072698,0.40492833,0.30773067,0.029065339,-0.03236969,-0.020267492,-0.5534979,-0.13435656,0.25817126,-0.17215003,-0.07448714,0.26690057,0.06135688,-0.15067534,-0.1943105,0.0039946544,0.014216474,0.013134178,-0.32272148,-0.40043607,0.07554712,0.25160712,-0.12585375,0.15800487,-0.08018014,-0.215824,0.14051813,-0.04168349,0.06807763,-0.02284857,0.008809561,0.47093835,0.035600018,0.13045503,0.0002839883,0.2780097,-0.18023406,0.26620308,0.051142346,-0.12916048,-0.03655502,-0.015632477,0.11953159,-0.25324172,-0.12331416,0.24912599,0.24524719,0.124702476,0.12356448,-0.17756502,-0.04495,-0.017091492,-0.25878003,-0.30752352,-0.13214348,-0.20858712,-0.086661585,0.40673554,-0.17509721,-0.0056084,-0.17560242,-0.08322628,-0.027859839,0.015268209,-0.062910885,0.0320128,-0.15670057,0.2225614,0.11659793,-0.030403262,0.38389254,0.014140571,0.13600938,0.111358486,-0.026717227,-0.032517157,0.11650868,0.19677694,0.10190859,0.14601944,-0.34132844,-0.044184394,-0.18057789,0.018871443,0.10878592,-0.32936016,0.13806604,0.17479964,-0.1780779,-0.08346977,-0.18952574,0.25354716,0.23827983,0.0055698412,-0.29518503,0.022996027,-0.28401068,-0.16994897,0.35777956,-0.11006461,-0.1568474,-0.25148138,0.35261,-0.045079462,-0.05649128,0.0039938707,0.0123137655,-0.26857504,0.058477215,0.23203187,0.0982207,0.14747986,0.03643254,0.066994436,0.13555971,0.2090072,0.14535816,0.08723519,0.22672664
KPYLKRFQVYYKGRMWC,-0.0031118598,-0.20864435,0.25339904,0.4512285,0.007872525,-0.28359222,-0.27288276,-0.108153895,-0.10418705,-0.17904608,-0.07365564,0.22564587,-0.04494142,0.044178125,-0.17946525,0.0020914266,0.28691322,-0.006723626,0.16558215,-0.07455338,-0.17351995,-0.028503992,-0.0086753955,-0.050818563,0.010469769,0.4020059,-0.027146867,0.106988095,0.07086021,-0.02577204,-0.11089694,0.046452202,0.12590379,-0.3766412,0.12120614,-0.3667716,0.03506961,-0.17886905,0.22567064,0.18868148,-0.06748476,0.2367682,0.054370943,0.015460929,-0.043716017,-0.04695608,-1.2166427,0.21955322,-0.22496308,-0.13572486,0.091359735,0.113261275,0.22874682,0.06843118,-0.12243547,-0.10418442,0.18549243,-0.013343422,0.07592809,-0.16317949,0.05861709,-0.096139625,-5.041182,-0.12974395,0.035356175,0.06680269,-0.035872053,0.20561849,-0.2113655,0.16726632,-0.18814254,0.074208796,-0.12305636,0.1192087,-0.058630932,-0.060370747,-0.007811432,-0.26914117,-0.08377657,0.2979538,0.23132947,0.051322848,0.018988058,0.10284989,-0.092262946,-0.23678185,0.036212873,0.06789501,0.08215105,0.15532301,0.005905212,0.085265934,0.05379932,0.17205481,-0.13343745,0.096166536,-0.023787072,0.29572,-0.025033139,-0.2530787,0.003353327,0.0781761,0.030825935,0.0031514857,0.04939383,0.34186718,-0.045240566,0.14717768,0.14523065,-0.20420133,0.03250215,0.17962924,0.25002784,0.091284215,0.013110899,0.009453285,0.07727246,-0.16226253,-0.31996298,-0.027020618,-0.16000187,-0.03542072,-0.03856539,-0.055831295,0.1291972,-0.04541404,-0.046893556,-0.123689465,-0.022344733,-0.064877294,-0.028426321,-0.053958196,0.21477413,0.10483423,-0.06680608,-0.04915457,0.027190698,-0.0612534,-0.129808,-0.13506849,0.33095473,-0.18444398,-0.16878076,0.018347487,0.06804475,-0.044006646,-0.0195653,-0.28798556,-0.17998227,0.11255114,-0.21212204,0.08151659,0.07073562,-0.19679365,0.17175162,-0.0986753,-0.07480733,0.1947313,-0.093221724,0.09615979,0.022161454,-0.17200463,-0.10705521,0.083808064,-0.09202089,0.016246663,-0.071679294,0.03738042,0.0016875737,0.08439946,0.07715124,0.14752336,0.20297013,-0.07564044,0.036165826,0.15598516,0.19153522,-0.16169901,-0.10726314,-0.2601308,0.011495214,-0.3461923,0.082156435,0.08849165,0.02936377,0.1149415,-0.33671674,0.21602674,-0.2208377,-0.16999428,-0.22759624,0.10795764,0.48896238,0.18160309,0.1585236,-0.0722373,-0.15331967,0.10014106,0.06873415,0.5016179,-0.092279255,0.064022206,0.1184365,0.22738771,0.11510466,-0.16868983,-0.12736352,-0.30059165,0.10162661,0.29253316,0.05228293,-0.015678192,-0.036225263,0.14400548,-0.09042884,0.12683527,-0.030105835,-0.047500793,0.009104051,-0.22216864,-0.40412498,0.0076393406,0.23122787,0.011666955,0.07531829,-0.117816195,0.017786214,-0.051566504,0.037480738,0.19712189,0.042731047,0.07563284,0.17994402,0.08870732,0.11333458,0.1684692,0.3032154,-0.2765154,0.083038025,0.17466854,-0.15516116,-0.193135,-0.05711528,0.14835078,-0.16595182,-0.0527532,0.313903,0.33158427,0.15355203,0.1591819,-0.25373468,0.09855165,-0.11491281,-0.14149234,-0.23723401,-0.004038355,-0.0062141824,-0.18270658,0.34405282,-0.3509341,0.032492466,-0.10481188,-0.038042475,0.0537499,0.07270754,0.10273578,-0.025186544,0.011975127,0.32744718,-0.064163506,0.12833594,0.19173996,0.17135362,0.13359772,0.027434248,-0.13932486,0.07946947,0.2817587,0.20454642,0.18822679,-0.06707841,-0.095126085,0.09368625,0.010744316,0.08370766,0.30089903,-0.248246,0.11296382,-0.042295814,-0.25284892,-0.006094835,-0.2413636,0.3604897,0.09389192,-0.040990267,-0.1693129,-0.03898354,-0.1720776,-0.43343896,0.2716857,0.06999496,-0.10865063,-0.24585187,0.28924158,0.039489362,-0.09654342,-0.10327854,-0.031288374,-0.1544161,0.02499718,-0.006283337,-0.10724836,0.034091752,0.06366915,0.066509746,0.05751583,0.10356631,-0.025517944,0.28234383,-0.029686263
GVVVRVGRVVVRGVRR,-0.22596489,-0.03726268,0.5563009,0.32965696,-0.28747386,-0.68285877,-0.40379736,-0.022604354,-0.1693306,0.12344667,0.19337358,0.039313756,-0.29874364,-0.052804064,-0.12786515,0.055245616,-0.24808437,-0.07015595,-0.23054624,0.13860711,0.044575766,-0.29056147,-0.30252343,-0.3232922,0.067042254,0.4108445,0.22461253,0.5587545,0.19306077,-0.016199512,0.010654675,-0.21583587,0.38117185,-0.6527374,0.3520974,-0.65862596,-0.14063644,0.19911519,-0.16778474,-0.07821841,0.14690818,0.19770077,-0.2806607,0.22988112,-0.16659674,0.2320568,-0.3477701,0.15353984,-0.48935,0.09566835,-0.28709397,0.08820583,0.10866503,0.06462571,0.12147094,-0.06735171,0.11746722,0.13696271,-0.19688651,-0.021844234,0.08983498,-0.10968243,-4.2881193,-0.055703536,-0.15522067,-0.050365884,-0.3525082,0.76817924,-0.25145525,0.008150294,0.6220254,0.081620246,-0.3663304,0.31203175,-0.08748865,-0.32522047,-0.14786932,-0.30583858,-0.111910835,0.4798938,0.27302495,0.05380794,-0.05799629,-0.14535451,-0.070368305,0.14202195,-0.24359666,-0.115279265,0.22554506,0.12997219,0.15070029,0.39955464,-0.21243423,0.23017168,-0.02732627,0.030720472,-0.1195809,0.23058653,0.11384825,0.028792884,0.16150321,0.14043863,0.04023587,0.5515076,-0.369916,0.305239,-0.03571114,-0.20308116,0.0790993,0.09349628,0.03349434,0.21532851,0.23576644,0.16739772,-0.04355995,-0.111479655,0.13655624,-0.10284194,-0.3320112,0.645618,-0.519963,0.1280367,-0.12815802,0.5905765,-0.19663508,-0.3535648,0.13588992,0.05083044,-0.059314508,0.14099538,-0.0040913355,-0.019767111,-0.31540167,-0.090806775,-0.36445102,-0.10964527,-0.046238504,0.22280234,-0.15837473,0.34709606,-0.35002697,0.15674031,-0.24071747,0.21101992,0.32181847,0.060113046,-0.120447725,-0.118169755,-0.114785805,0.12974787,-0.26702845,0.25162646,0.46644518,0.17587341,-0.24667743,-0.039463554,-0.44963372,0.2550389,0.040768877,-0.1784781,-0.23902188,-0.1653055,-0.09170732,-0.090099715,-0.15666515,-0.15811366,0.02356067,0.049070552,-0.18872944,-0.0028132414,0.48247665,0.33570775,0.34882227,0.25220907,0.39580223,-0.23957151,-0.31602395,-0.026433902,-0.19559895,0.046225816,0.2983756,0.35679913,-0.1161601,-0.094798714,-0.19082712,0.1028657,-0.19683622,0.18027711,-0.06848735,-0.15611517,-0.47147784,0.09707024,-0.31343946,0.45513138,-0.014362793,0.06466259,0.15948287,0.012097986,-0.27225465,0.91480744,-0.29315293,0.19895925,0.17091891,0.06318974,-0.54244435,0.20738375,-0.08972814,0.7709782,0.50593895,0.15654479,0.19860564,0.21840861,-0.059153207,0.2742004,-0.32741287,0.29045895,-0.4313208,0.14716229,0.26878008,0.07761488,0.032179814,0.035582297,0.24376297,0.32703632,0.16525008,0.21016128,-0.525244,0.16200945,0.16039592,-0.034261435,0.15329055,-0.049840763,0.08575482,0.47221953,-0.1302059,0.17807135,0.18666342,-0.47879833,-0.22107211,-0.02881177,0.20068902,-0.17836821,0.06519458,-0.15538979,-0.37538773,-0.25960353,0.3655098,0.1344497,0.14447929,-0.052693143,-0.6404406,-0.39017105,-0.111318216,-0.1807812,-0.28624618,0.026844498,0.090481825,-0.006088756,-0.46122053,-0.0070085675,-0.07130187,-0.6088431,-0.13435763,-0.016598394,0.27203542,-0.25950107,-0.02783691,0.23565425,0.120423436,0.0013988859,0.26802605,-0.18382253,0.11574193,0.17898764,0.47408193,0.08203902,-0.0072886446,0.15516575,0.6705425,0.09302134,-0.3221548,-0.07335877,0.21394649,0.20741412,-0.24701034,0.026662072,-0.4651377,0.063540295,-0.5891505,0.08996415,-0.009462197,-0.15938863,-0.21188743,0.20404169,0.06440677,-0.52583665,-0.1592021,-0.23526841,-0.6093592,0.05635254,-0.011547847,-0.3143353,-0.047441844,-0.0054499432,0.030172553,-0.084718496,-0.08968273,0.20840642,0.42308939,0.35237637,-0.16958466,0.008233754,-0.18375559,-0.056543335,-0.16400374,0.08850196,0.1403972,0.08022782,0.29896545,0.020162003
GVVVRIGRVVVRGVRR,-0.18402234,-0.060569294,0.5051153,0.3107105,-0.24828309,-0.67336804,-0.3995149,-0.028667785,-0.0055217687,0.058504052,0.19972298,0.10322365,-0.3479425,-0.0036529351,-0.10308855,0.07165117,-0.20671025,-0.047910154,-0.10781647,0.15839125,0.1410719,-0.2588154,-0.24877892,-0.2798816,0.121430546,0.37327188,0.15156333,0.4972522,0.27472198,-0.032458518,-0.021697912,-0.1953283,0.42879397,-0.64429504,0.33166656,-0.61469054,-0.10415312,0.10001952,-0.018760493,-0.0687342,0.14886834,0.1971518,-0.27142125,0.15416108,-0.18876752,0.21754594,-0.3184439,0.26834887,-0.38657773,0.060403664,-0.28882536,0.0623894,0.14869703,-0.035448868,0.08256707,-0.04621621,0.10390076,0.22288805,-0.20069933,0.036325127,0.066750236,-0.1090307,-4.3741193,-0.07200249,-0.116509594,0.007778784,-0.27817717,0.81566095,-0.18931544,0.025997587,0.57641023,-0.018487189,-0.28191483,0.16641381,-0.15672441,-0.38254592,-0.15573645,-0.25458464,-0.13896316,0.4656789,0.26950958,0.07110691,-0.048158586,-0.18269898,-0.13932045,0.10886758,-0.17064708,-0.06810928,0.23826075,0.06716445,0.17458077,0.31969202,-0.13504134,0.16645676,0.004521956,0.06291763,-0.21578205,0.20977011,0.021073252,-0.0047718915,0.17403455,0.06962391,0.008424863,0.5238846,-0.35189784,0.28333074,-0.055398375,-0.13956945,0.16610928,0.06399103,-0.009804789,0.24955937,0.18495667,0.14544533,0.042838648,-0.04275159,0.21498854,-0.04866933,-0.19976664,0.6787937,-0.4962031,0.1207293,-0.13834496,0.61217827,-0.1811139,-0.31867105,0.12234611,-0.029050572,-0.047578495,0.04273634,0.10209654,-0.08082504,-0.25198835,-0.06739419,-0.20906949,-0.13740069,-0.01069854,0.16566993,-0.20285584,0.28848967,-0.32444346,-0.008975165,-0.24549596,0.25721538,0.32656214,0.048758514,-0.08117396,-0.08861971,-0.103844576,0.027088199,-0.27100527,0.31928235,0.41128865,0.09801255,-0.24952634,-0.060092285,-0.36056975,0.2292506,0.0072997115,-0.1675381,-0.21435855,-0.12950365,-0.034240052,-0.025259826,-0.14997828,-0.107195936,0.0713697,0.019490521,-0.15473588,-0.050430804,0.40865394,0.20953423,0.34524274,0.08274681,0.3351791,-0.18060562,-0.29564932,-0.05035089,-0.20714606,-0.037118666,0.2204925,0.29161963,-0.17812751,-0.13602257,-0.20369118,0.04329178,-0.34175003,0.23107976,-0.033069752,-0.0383976,-0.4194959,0.17467523,-0.3973546,0.4217183,0.0043438426,0.0853596,0.18713626,-0.08072963,-0.30865872,0.86619353,-0.24970286,0.21617426,0.18792671,0.07081,-0.56682956,0.14439563,-0.049690492,0.57892406,0.47151485,0.18653978,0.21822676,0.17600267,-0.027470771,0.14827919,-0.31035334,0.24428055,-0.35175464,0.14200218,0.24085832,0.09765012,-0.012175966,0.1123881,0.27184072,0.31741077,0.19372171,0.17432773,-0.5393824,0.26712367,0.030334754,-0.027211465,0.06958346,-0.08272632,0.12051031,0.43247113,-0.097433,0.18884611,0.2256892,-0.38565245,-0.12566239,-0.006486597,0.09876509,-0.08378261,0.091624044,-0.20074086,-0.34232658,-0.18550369,0.43369707,0.16761214,0.20326923,-0.04915206,-0.5210907,-0.4430131,-0.0717208,-0.1502644,-0.23779307,0.018253155,0.09815482,-0.032457147,-0.40936223,-0.0023077545,-0.124423146,-0.52321905,-0.15661985,0.04824056,0.24746817,-0.249359,-0.013554359,0.20904155,0.086980745,-0.02802177,0.23520446,-0.12753779,0.08715676,0.10172263,0.3863993,0.06613994,0.059388082,0.09270468,0.64945346,0.117004834,-0.2726814,-0.15031046,0.18107122,0.15749137,-0.26691434,0.08108044,-0.4492518,0.0004835377,-0.59449035,0.07744004,0.05349596,-0.12570865,-0.26940852,0.12811843,0.08136715,-0.54631144,-0.17484885,-0.25483286,-0.5065425,0.039332468,-0.039329037,-0.26574856,-0.026723213,0.03201259,0.0176933,-0.12340784,-0.08213445,0.24976137,0.3404415,0.2990701,-0.14738552,-0.00975067,-0.11119204,-0.07007478,-0.14767031,0.09562762,0.1008189,0.08451263,0.29365355,0.0017913473
GVVVRWGRVVVRGVRR,-0.16031584,-0.072395526,0.4793513,0.2611821,-0.17989832,-0.6922188,-0.44156954,0.04382789,-0.104269795,0.06795128,0.13516068,0.13707417,-0.311176,-0.07681625,-0.12573239,0.102850765,-0.26211682,-0.079904966,-0.28613836,0.0608025,-0.0023836824,-0.2277658,-0.29345104,-0.2926687,0.11238841,0.36474776,0.1663108,0.5137209,0.25398496,-0.12123545,-0.03714082,-0.23454615,0.4549372,-0.7245309,0.33571407,-0.549694,-0.19567265,0.17977645,-0.09140368,-0.101497464,0.15973306,0.14514202,-0.18198007,0.2749827,-0.2859716,0.129033,-0.36990988,0.24760348,-0.5573419,0.13914585,-0.41734442,0.10673675,0.016787192,0.1409909,0.1576986,-0.04207041,0.20237227,0.18210973,-0.12271265,-0.06611328,0.13724332,-0.07164917,-4.1519055,-0.057872526,-0.24657753,-0.0650437,-0.3263523,0.7540679,-0.2556466,0.016590191,0.5750829,-0.0020327137,-0.23745142,0.17168753,-0.08466992,-0.21223992,0.0008934883,-0.251054,-0.10826679,0.49367577,0.47281563,0.02172252,-0.015962223,0.026733313,-0.11057658,0.05260689,-0.27181497,-0.05400829,0.19209896,0.110597424,0.095639974,0.37399182,-0.24700744,0.20734678,-0.13088961,-0.039035738,-0.27324972,0.32283047,0.068911195,-0.023010366,0.14273436,0.14425233,0.06879836,0.45678747,-0.44064468,0.2320017,-0.058053188,-0.1922491,0.14584073,-0.016109236,0.07566579,0.37286633,0.29647955,0.20538996,0.014586475,-0.07365727,0.15392067,-0.23372439,-0.26419258,0.67038894,-0.53828746,0.12208492,-0.12705255,0.74536186,-0.101046406,-0.31263745,0.14576043,-0.021022076,-0.065809086,0.07795884,0.087684035,-0.077736825,-0.28771487,-0.15807077,-0.41003156,-0.12347407,-0.02350729,0.18544391,-0.27259925,0.27711976,-0.33684355,0.14991273,-0.15311877,0.2677859,0.26766288,0.093916744,-0.051909298,-0.17767106,-0.05689309,0.0038565164,-0.18472716,0.17250177,0.40455082,0.083092794,-0.16035666,0.061509807,-0.47668013,0.21758243,-0.016160896,-0.10189613,-0.24842803,-0.15600887,-0.09967551,-0.037904397,-0.17592864,-0.064860746,-0.045095094,0.07644636,-0.2856882,0.013195695,0.30571815,0.2959517,0.43644622,0.26083088,0.42337278,-0.14135106,-0.39784655,-0.026300648,-0.108228885,-0.018886715,0.33386388,0.28472674,-0.021309592,-0.11871289,-0.21064863,0.10885988,-0.2738545,0.20466228,-0.023902664,-0.03463445,-0.41985965,0.17512979,-0.31943834,0.4197568,-0.0037642526,0.005595701,0.044048145,-0.12231914,-0.18930598,0.89728546,-0.30975854,0.15782914,0.12621993,0.0703263,-0.43904206,0.16444397,-0.104406275,0.80711,0.4647772,0.113750964,0.13162898,0.21323675,-0.087596126,0.22319709,-0.29588157,0.3776691,-0.41788495,0.026866334,0.21576026,-0.022268392,0.18757476,0.038784936,0.26741874,0.348706,0.17514345,0.25061834,-0.522019,0.14098784,0.1138461,0.054752868,0.14658833,-0.038706977,0.15574501,0.4283764,-0.13912569,0.20686482,0.11937189,-0.41155648,-0.2839195,0.015764067,0.20785467,-0.1516935,0.06969169,-0.14253835,-0.37125552,-0.1697448,0.27862704,0.16947371,0.13020164,0.012304822,-0.54425585,-0.40879261,0.023652993,-0.19266622,-0.20393604,-0.0119653195,0.12574553,0.044853684,-0.49477708,0.019907415,0.057227347,-0.58039904,-0.17130332,0.098873295,0.14025,-0.23391907,-0.028284248,0.25642985,0.08006797,0.0066970717,0.33179665,-0.18206087,0.056544524,0.13050379,0.3363765,0.05033414,-0.04122512,0.17332031,0.5275729,0.07333824,-0.2640537,-0.19345337,0.12591526,0.19938947,-0.23862317,-0.019257806,-0.42793122,0.10520604,-0.4432791,0.06284878,0.014691479,-0.09277317,-0.13085693,0.13243221,0.11154318,-0.5013699,-0.08784505,-0.31446922,-0.52083683,0.018182822,0.14276576,-0.4398469,-0.019347988,-0.05252693,0.14484112,-0.23561198,-0.003696266,0.26919705,0.51531464,0.29963148,-0.30971232,-0.08742473,-0.2512942,-0.022847861,-0.17567827,0.11290843,0.035209853,0.19083768,0.29780176,0.0042877975
GVVVRIGRVIVRGVRR,-0.16446671,-0.027006049,0.46948898,0.30792204,-0.23892204,-0.66512865,-0.39755914,-0.05767278,0.1070539,0.049894232,0.21772535,0.11609381,-0.37220308,0.044551212,-0.038145125,0.059147105,-0.16866413,-0.023996983,-0.02418493,0.15332195,0.19650598,-0.26799786,-0.18960518,-0.2656355,0.16194077,0.33362153,0.09657955,0.43324363,0.3014347,-0.016332753,-0.06186907,-0.16978383,0.4481918,-0.60484326,0.27611023,-0.5497286,-0.07759681,0.0468771,0.04932235,-0.03188818,0.15465003,0.19716872,-0.2966378,0.07622223,-0.17169788,0.20832585,-0.31270573,0.32810715,-0.30355176,0.011283667,-0.23529617,0.04639038,0.16807973,-0.1096938,0.047994927,-0.04451351,0.09624512,0.25870025,-0.21616979,0.09481042,0.055311456,-0.1113892,-4.4603734,-0.0876936,-0.052917954,0.07994565,-0.22275645,0.84622276,-0.1391054,0.056724455,0.5538579,-0.06219015,-0.22071542,0.07909668,-0.16175224,-0.44428375,-0.16253033,-0.23091048,-0.15795866,0.43033758,0.24261433,0.108067766,-0.053188488,-0.24698175,-0.15373701,0.12886083,-0.111538,-0.05419357,0.2555241,-0.0092118215,0.1738849,0.23949729,-0.05612249,0.137427,0.053713128,0.048556905,-0.24182375,0.16440685,-0.040239558,-0.043073,0.20970161,0.0057204086,-0.028430535,0.46627977,-0.30574492,0.27152407,-0.054764196,-0.0703729,0.1900704,0.072245814,-0.034388132,0.27235797,0.1733894,0.12741219,0.057291746,-0.020034723,0.2447989,-0.017887883,-0.13856539,0.6627939,-0.48185948,0.09676511,-0.10258391,0.57857585,-0.17860733,-0.25421745,0.1143198,-0.056757703,-0.016096892,0.008485143,0.17047875,-0.0777888,-0.21499355,-0.02536013,-0.11034337,-0.1478249,0.0063379896,0.12322402,-0.22218423,0.23532669,-0.34745196,-0.089280866,-0.2709959,0.25296444,0.3659709,0.036487266,-0.09073744,-0.066877335,-0.11523485,-0.017989507,-0.27644837,0.37159982,0.37723452,0.05475915,-0.23491223,-0.061072852,-0.28744745,0.20846397,-0.013174432,-0.15785962,-0.1999309,-0.09679415,0.010562895,0.022160985,-0.16487819,-0.08061003,0.12953219,-0.0037544305,-0.09957765,-0.09196531,0.34410974,0.139398,0.33302847,-0.059290648,0.2969053,-0.16256481,-0.26581064,-0.05834283,-0.20315371,-0.10112776,0.14181755,0.25360176,-0.22711332,-0.13756199,-0.21086946,0.05257065,-0.3983481,0.2388992,-0.012913783,-0.0037457612,-0.3627318,0.20963565,-0.44495508,0.36633292,-0.004535348,0.12921365,0.19062096,-0.084633276,-0.31965077,0.8145541,-0.20215382,0.24245559,0.21211417,0.09325616,-0.5835668,0.11770943,-0.01752258,0.43070114,0.45320526,0.22559065,0.2277109,0.14489597,-0.0063564875,0.0459117,-0.25882414,0.18142276,-0.2970103,0.15384206,0.23189265,0.09309822,-0.08101024,0.18900631,0.267496,0.30954024,0.18592644,0.16464642,-0.5362485,0.34700388,-0.031605132,-0.021460762,0.033759926,-0.083935164,0.1260519,0.36263207,-0.08970524,0.16930723,0.24268907,-0.3349338,-0.059515,0.029839119,0.034078676,-0.02849149,0.12196272,-0.19948833,-0.29953918,-0.13483329,0.48315775,0.16750461,0.21335231,-0.07599186,-0.4431156,-0.44633272,-0.0690147,-0.15246715,-0.23464186,0.009186798,0.07214668,-0.039409146,-0.3500499,0.0028933203,-0.15725738,-0.48827088,-0.13462165,0.061679687,0.22895509,-0.23078585,-0.010459216,0.19533461,0.083992586,-0.067546345,0.17959246,-0.09671414,0.057732675,0.07334917,0.34919727,0.038073227,0.09788842,0.034550585,0.6248576,0.100514784,-0.20860697,-0.19621624,0.15083455,0.10785857,-0.24504338,0.14105627,-0.43737173,-0.030121353,-0.5859646,0.072097525,0.076206155,-0.10773277,-0.309411,0.12729089,0.109141566,-0.51841104,-0.17743534,-0.27280578,-0.40820995,0.024674498,-0.09475703,-0.2114418,-0.011973124,0.048637647,0.014124956,-0.15247566,-0.05543063,0.27751774,0.26911277,0.23730206,-0.13479552,-0.026062384,-0.062016647,-0.10542607,-0.11187795,0.027467407,0.080892056,0.020205876,0.23060271,0.023413457
GVVVRWGRVWVRGVRR,-0.12699254,-0.05131351,0.44759825,0.30258402,-0.13361591,-0.649424,-0.4100315,-0.013618942,-0.1617419,0.07192852,0.16296452,0.19461776,-0.19388756,-0.049781565,-0.0813152,0.05373788,-0.19552264,-0.054860532,-0.26205462,-0.00049822615,-0.09807612,-0.13347457,-0.34362152,-0.28822958,0.06476039,0.39148447,0.1796753,0.45719808,0.21731533,-0.098178506,-0.10814337,-0.2616955,0.39517218,-0.69877803,0.26105002,-0.5864433,-0.21785414,0.18662114,-0.07620078,-0.017156344,0.16910332,0.17450245,-0.17177373,0.30984813,-0.2478937,0.049187977,-0.50151485,0.2087613,-0.53317475,0.15359105,-0.33193412,0.10677307,0.031319063,0.13991693,0.16574223,-0.068787135,0.17701581,0.19631307,-0.13888955,-0.073768586,0.13656896,-0.083098926,-4.3821726,-0.081924625,-0.17912094,-0.074532,-0.24767075,0.7111467,-0.23143022,-0.026433334,0.4409071,0.08830297,-0.2626801,0.18197528,-0.1372419,-0.21434122,0.094212785,-0.23847233,-0.07394651,0.42340213,0.4894031,-0.02213225,-0.043808505,0.11848581,-0.019031802,0.12024968,-0.21576974,-0.0012117161,0.15500316,0.11139806,0.081115715,0.40365577,-0.16909435,0.19654109,-0.0637587,-0.09974734,-0.20370506,0.34509194,0.100191794,-0.0414899,0.11874877,0.16977459,0.018867752,0.4479785,-0.35753673,0.28308618,0.0065044295,-0.10429249,0.1544374,-0.024562417,0.060580637,0.32886177,0.32016248,0.18201107,0.008876539,-0.13583902,0.14658841,-0.3551551,-0.33983934,0.5988892,-0.5239955,0.11617976,-0.06703932,0.7257693,-0.11680648,-0.30909055,0.2063536,0.017263327,-0.1015949,0.10953613,0.09424505,-0.0571833,-0.210147,-0.09717203,-0.4655227,-0.059829336,-0.06894459,0.2298273,-0.3127632,0.25357553,-0.2916633,0.15731505,-0.15017621,0.13948405,0.2907848,0.019760584,-0.058919057,-0.21842422,-0.13169137,0.101292804,-0.2820738,0.20583452,0.36663157,-0.010822587,-0.04247411,0.0011320122,-0.46081325,0.2787876,-0.015909528,-0.06702043,-0.2666519,-0.17549239,-0.05278475,-0.042597186,-0.20466411,-0.08003869,-0.06479055,0.061987028,-0.29805928,0.03494254,0.32183218,0.4170342,0.41201615,0.2826475,0.41104227,-0.07033682,-0.3319532,-0.087661654,-0.09110285,0.024344774,0.3480451,0.22598468,-0.054675505,-0.112177,-0.18880218,0.15404996,-0.29948902,0.251975,-0.08233994,-0.0812357,-0.38370678,0.10782823,-0.21699607,0.44431683,0.038798485,-0.038609475,0.02074777,-0.085874945,-0.092323326,0.8956273,-0.31507832,0.18037075,0.20106171,0.14111516,-0.37080926,0.13724582,-0.060442194,0.7641165,0.47123876,0.21756743,0.1729168,0.17688243,-0.102699965,0.25533068,-0.21514907,0.34633774,-0.40406874,0.050000668,0.21605234,-0.12197956,0.09506699,0.030557983,0.30998814,0.28428304,0.147466,0.19875588,-0.48465735,0.10874894,0.20948596,0.04135866,0.13239472,-0.050135355,0.06014116,0.32112464,-0.15041709,0.2312257,0.15228121,-0.44255233,-0.29482964,0.015151041,0.18977913,-0.1859693,0.097358584,-0.0984737,-0.35092083,-0.178008,0.30390927,0.19088475,0.09701344,0.06808536,-0.59101987,-0.36000013,-0.06919994,-0.2728225,-0.20768273,0.028903697,0.17681903,-0.034297507,-0.44009215,-0.08645148,0.04491567,-0.61694044,-0.120634794,0.04243571,0.16696864,-0.08868499,-0.07637154,0.17917426,0.05253558,-0.065834835,0.3235393,-0.1475874,0.0008551909,0.19670358,0.31102365,0.018687109,0.025390062,0.18989629,0.5405754,0.029980706,-0.19227104,-0.12013156,0.1890021,0.14587542,-0.15969083,0.028599335,-0.35594922,0.06247792,-0.37988526,0.065031655,-0.0032885587,-0.18820535,-0.06605085,0.11828485,0.11186036,-0.49448216,-0.051286597,-0.40049782,-0.5365734,-0.01690138,0.17168494,-0.4184676,-0.054957405,-0.09428549,0.101567715,-0.1984681,-0.016815983,0.22964573,0.40594447,0.3024168,-0.36401466,-0.116126865,-0.24819475,-0.08958263,-0.124312244,0.10670911,0.044280775,0.027023371,0.3122833,-0.009793294
VQLRIRVAVIRA,-0.0006826339,-0.124042444,0.35573068,0.11094657,-0.078711584,-0.20807216,-0.33861116,-0.11928631,-0.08851183,-0.044937972,0.007943859,0.2302504,-0.20634173,0.045587987,-0.39325142,0.1255153,0.089824475,0.015951699,0.29452744,-0.14314945,-0.20590456,-0.05006047,-0.032310493,0.07681122,0.045950945,0.46583268,0.26649842,0.12895653,0.1517439,-0.01557003,0.020141436,-0.33943242,0.10784192,-0.43399706,0.10228567,-0.51781464,0.32593995,-0.04612239,0.35495967,-0.014969746,-0.014038367,0.23352051,0.21841498,-0.11956582,-0.04329673,0.19661395,-0.7731343,0.35705787,-0.21821806,-0.19537255,-0.020777373,-0.026160035,0.2575053,0.0535391,-0.14410533,0.0140721565,0.15944013,0.10681418,-0.07502855,-0.13989243,0.08966663,-0.20357709,-4.9123425,-0.07702439,0.06939405,0.0077957106,-0.21003674,0.22163852,-0.088297054,-0.005653639,0.082088925,-0.10539408,-0.13232554,0.11960179,0.084168196,-0.17150594,-0.11269488,-0.35412368,-0.078105226,0.49281698,0.2029209,0.09586318,0.048233572,0.12833193,-0.21813102,-0.29907027,0.13515128,-0.06542928,0.28080702,0.0063399067,-0.023694372,0.065492675,-0.09285541,0.090030365,-0.08148941,0.028601315,-0.18166731,0.22903576,-0.08053153,-0.27889776,-0.11243593,0.022657232,0.0600188,0.028249208,0.072206624,0.42431474,-0.0143999355,-0.06309712,0.2954364,-0.097938605,-0.12564129,0.32266518,0.12652814,0.056386974,0.13970289,0.085115634,-0.08332952,-0.0062663746,-0.26504865,0.27994815,-0.13592684,-0.18794338,-0.13169993,0.14536572,0.024537178,-0.2957731,-0.073584996,-0.075534955,0.07141357,-0.09155208,0.06614888,-0.1281245,0.1271715,0.17318763,0.014267152,-0.12249861,0.11041043,-0.087743506,-0.021338029,-0.059815023,0.07301879,-0.00032945402,-0.40666547,0.04499856,-0.014958837,-0.008021522,0.026111374,-0.15007958,-0.21225677,-0.14665627,-0.35351512,0.027660012,0.1719967,-0.109960996,0.05335676,-0.22300562,-0.033891544,0.15061916,-0.0052335346,0.17177589,-0.03436436,-0.07133632,0.19355467,0.0023602236,-0.10780823,0.08582042,-0.083903596,-0.11517399,0.07920819,-0.010191748,0.25730696,0.17910387,-0.011017327,0.025834147,0.22162591,0.018321976,0.13652696,-0.004810329,-0.24826004,-0.16635907,-0.013191536,-0.12937103,-0.09066867,-0.09428748,-0.024795523,-0.040560015,-0.41653702,0.16152443,-0.13828881,-0.020932838,-0.30064303,0.25897494,0.62628216,0.20277701,0.077242255,-0.001759197,0.112039685,-0.012609058,-0.062092613,0.48948902,-0.06782255,0.1698891,0.24738483,0.33021984,0.0121398335,0.017581824,-0.13905343,-0.01694422,-0.032747116,0.28277177,-0.016719464,0.03467638,0.07782374,0.095037766,-0.15037322,0.13587119,-0.09418804,0.08544956,0.003761317,-0.14122537,-0.35678026,0.0047984314,0.35545698,0.16991957,0.071849756,0.05964761,-0.10417335,0.15204182,-0.057920385,0.07615883,0.06821295,-0.13537729,0.17255105,0.09041573,0.15923728,0.22521146,0.28166512,-0.30597496,0.06737924,-0.03936245,-0.016873738,-0.069547296,0.059501022,-0.06578493,-0.25373238,-0.13902515,0.3367896,0.25646114,0.2723065,0.33173847,-0.26821253,-0.0029595383,-0.12363303,-0.06750792,-0.29591948,0.06111541,-0.017067088,-0.08038519,0.20180278,-0.36355445,-0.07103031,-0.08810302,-0.04211406,0.0100588305,0.102809004,-0.19232658,0.100070134,-0.027156962,0.12050115,-0.1293403,0.056168836,0.12240565,0.21733442,0.25695774,0.15533252,-0.08801656,-0.033365075,0.21600202,0.08793165,0.31076398,-0.116363235,-0.18756136,0.030460387,0.038488563,-0.042624414,0.33374587,-0.35513708,-0.008887389,-0.33154774,-0.14221004,-0.031107353,-0.17678344,0.27196145,0.15824015,-0.11452127,-0.2777647,0.015457888,0.010111366,-0.5254111,0.20321949,0.041169677,-0.21454465,-0.2600957,0.27232808,0.022110602,-0.13493916,-0.17762163,0.004601985,-0.115470454,0.30229956,-0.021925155,0.020708462,0.27628615,0.013820087,-0.024934817,-0.0042048735,0.20449045,0.15758197,0.28463152,-0.053508937
RLLRPLLQLLKQKLR,-0.27622595,-0.56459993,0.4066449,0.6451133,-0.14356807,-0.36527547,-0.224686,0.017604336,0.18632902,-0.29681802,0.006661598,0.15642561,-0.10765239,0.053863257,-0.102818176,0.12484606,0.19350095,-0.28613314,-0.14099334,0.20131826,-0.08743575,0.10439675,-0.21461116,0.3437165,0.07712595,0.6003553,-0.07396307,0.26278526,0.4382005,-0.15433688,0.20397453,-0.37428737,0.252397,-0.24838324,0.2666176,-0.5220977,0.09729066,-0.25707015,0.14775616,0.056551702,-0.37158588,0.1529318,0.18452485,-0.0067616315,0.13102469,0.10946953,-0.48797607,0.21345237,-0.004304674,-0.16913009,-0.012404042,-0.2039925,0.10153613,0.30979037,0.051848587,0.11529012,0.123070896,-0.09699928,-0.056240186,-0.4223569,-0.12912217,0.0833019,-4.6034756,0.12057668,-0.08034945,-0.03166555,-0.12231305,0.25814337,-0.5532927,0.17032853,0.21402909,0.07037118,-0.36343563,0.4066248,0.03611204,-0.38811803,0.018208764,-0.16524422,0.024301965,0.40824288,-0.3370085,0.1086668,0.15209919,0.057265405,-0.17345321,-0.31092238,-0.07931415,0.04389728,-0.19994938,0.16729744,0.15910262,0.30392787,-0.21918607,-0.21014622,-0.5590228,0.09291972,-0.2680397,0.31921452,-0.012048653,0.035008334,0.006159108,-0.2086667,-0.2661632,-0.34195867,0.1601711,0.317199,0.052564964,-0.26594815,0.2945453,-0.15345748,0.39655328,0.35707402,0.22570333,-0.045692354,0.28381038,0.101973794,-0.1927491,0.007854019,0.051292688,0.27947184,-0.22251967,-0.12786974,-0.27707598,-0.13458927,-0.01072792,-0.0036815826,-0.03699568,-0.28122935,0.25188008,-0.14156649,0.30991995,0.0779268,0.104119554,0.1675418,0.002156645,-0.04213131,0.0021748866,-0.10784406,0.10020042,0.099209115,0.32720777,-0.37234205,-0.26104286,0.022196667,0.19004397,0.05676074,-0.119894154,-0.36166,-0.064744994,0.25812227,-0.44334447,-0.016086642,-0.14844906,-0.30737057,0.19619255,0.043883685,-0.04358226,0.21644549,0.013146881,-0.15605214,-0.014416288,0.05038381,-0.2302706,0.084808506,0.17928405,-0.33641848,-0.110553525,0.009943992,0.2698164,0.05091908,0.55239594,0.36909205,0.37228638,-0.08366265,0.35274318,0.20599906,0.18324006,-0.01942379,0.08556797,-0.3798329,0.22387238,-0.3580952,-0.039372,-0.051008996,0.2682059,-0.10746856,-0.5240865,-0.01897588,-0.28393263,-0.42958215,-0.27500913,-0.003727955,-0.04445778,0.37960243,0.13855807,-0.0064156284,-0.20728138,-0.051404595,0.009622747,0.7301937,-0.041187733,-0.21286367,0.08049177,-0.046662986,0.01965655,-0.4135274,-0.0056296345,-0.26814052,0.0708232,0.456567,-0.10507411,-0.024108669,0.21564747,-0.09319969,-0.33543223,0.074233025,0.22918567,-0.11570015,0.20731811,-0.25566083,-0.3265744,-0.07034202,0.10340908,-0.14958836,0.3092213,-0.058826894,-0.10322768,0.06302331,-0.057208635,0.27878627,-0.10573159,0.09597827,0.49764386,0.14468779,0.021117624,-0.057190515,0.22343989,-0.31060386,0.12736987,0.023594424,-0.10267961,-0.25275406,-0.12421633,0.26483992,-0.36176345,-0.12691319,0.23077947,0.18212417,0.3204328,0.141025,-0.3873587,-0.29079577,0.089742966,-0.10423726,-0.32833076,0.023238838,0.2040293,-0.24380372,0.38676342,-0.033888366,-0.020702092,-0.62083364,-0.227487,-0.10750729,0.0175946,-0.3750826,0.035548896,-0.070041105,0.23187767,0.03859833,0.15421699,0.24273224,0.22920525,0.5093023,-0.049340904,-0.13521875,-0.17190285,0.19989897,0.51763487,0.48817068,-0.07494268,-0.318397,-0.24781774,-0.22791375,0.08408648,0.16992004,-0.451896,0.13603336,0.16810827,-0.37393144,0.119733505,-0.1568818,0.3928199,0.25573936,-0.22096777,-0.42776486,0.017584696,0.028774686,-0.28017914,0.42662814,-0.04919013,-0.25862685,-0.30137768,0.55206585,0.04974216,0.19741394,-0.17589328,0.14786701,-0.08174209,0.3836117,0.17896175,0.15834379,0.22665799,0.09645421,0.037061542,0.47340456,0.34770134,0.3445283,-0.01933122,0.10470628
LVKKLLKLAMGFG,-0.052584626,-0.078202374,0.26297414,0.3791302,-0.046162143,-0.31079116,-0.2328336,-0.0140494425,-0.012759594,-0.108235985,0.038647447,0.08611647,-0.055594422,-0.012350347,-0.09904947,0.007987076,0.057759397,-0.06331786,0.03886183,-0.03808328,-0.38822168,0.04585735,-0.10146814,-0.07289252,-0.13367634,0.47412094,0.10120141,0.17125359,0.28079006,0.08012937,-0.18259382,-0.13113594,0.07818281,-0.05715948,0.16696675,-0.4261698,0.06331069,-0.093440555,0.28809646,0.21364482,-0.0959052,0.30334213,-0.19852397,-0.06442664,0.11928503,0.19077155,-0.736078,0.36235648,-0.24649882,-0.23952255,0.08524166,-0.16459982,0.22744823,0.15080877,-0.021851456,0.039885335,0.058232214,-0.073318884,0.07222546,-0.17466529,-0.13383406,0.043809317,-4.984078,0.009004039,-0.028088445,0.038095918,-0.13899603,0.2971744,-0.14246012,0.06398106,0.09068338,0.06100021,-0.19677763,0.25233725,0.11606075,-0.11492966,-0.12130796,-0.19277444,-0.04473475,0.42485774,0.046479184,0.007305503,0.2252219,-0.1069252,-0.13032717,-0.17403802,-0.03640873,-0.012156483,0.103239216,0.113555364,0.06422774,-0.012661728,0.0464126,-0.005543431,-0.04859422,0.10227182,-0.1183602,0.22063908,0.075562805,-0.09865276,0.028910222,-0.106447004,-0.30599022,-0.11091563,0.15685311,0.4895293,0.100705616,-0.006049584,-0.0016458383,-0.15676637,0.19605432,0.34128267,0.17031364,0.06385448,0.17951725,0.096445106,-0.028231658,-0.06669159,-0.17199858,0.07907143,-0.1877262,-0.029171558,-0.14393444,-0.062412135,-0.081353694,0.1482425,-0.09726233,0.060582295,0.1571147,0.064319655,0.12902512,0.062122073,0.08214367,0.14807267,-0.05450539,0.026112203,-0.015670484,-0.20791198,-0.113640815,-0.115064956,0.21718928,-0.19114716,-0.31904384,-0.0756347,0.17410353,0.011129697,0.06870868,-0.18732718,-0.21476032,0.09921085,-0.12086499,0.05787575,0.029183762,-0.18099017,0.039741658,-0.11049883,-0.06634117,0.0937543,0.0441426,0.24476732,0.06936196,-0.068533935,-0.13361417,-0.055568337,0.03837069,-0.059356563,0.10170727,0.027262758,0.06559384,0.0012370805,0.108171254,0.35277113,0.20508455,-0.23491468,0.056117978,0.124345064,0.16358127,-0.053942986,-0.20589182,-0.17329727,0.113183245,-0.27868924,-0.010620219,0.111260824,-0.09338795,0.15881434,-0.25903994,0.070180856,-0.20225169,-0.30604511,-0.2306688,0.1633466,0.1791292,0.24704337,-0.046698235,0.1471333,-0.09744249,0.11295411,-0.0042904527,0.5660867,-0.12579317,0.18492344,0.28424993,0.26776728,-0.01752392,-0.09832784,-0.024935571,-0.27761877,-0.05460737,0.12650067,-0.0040757637,-0.06252215,0.27646294,0.18121074,-0.10853386,-0.111294195,-0.028228734,-0.0098576,0.1274158,-0.17307284,-0.20867887,0.07638383,0.20016295,-0.036795557,0.20715472,-0.07079172,-0.19555344,0.0996498,0.06638565,0.07030256,-0.022600323,-0.0535417,0.46419218,0.10253557,0.17371477,-0.06987621,0.27670732,-0.3545784,0.19109681,-0.021937761,0.09544603,-0.0898494,-0.055824757,0.050700825,-0.15961525,-0.24733733,0.24780774,0.17332084,0.25732443,0.08498515,-0.2293976,-0.10634998,-0.06633421,-0.2737369,-0.38359874,-0.07588112,-0.16679813,-0.09651926,0.31153312,-0.27252352,-0.04540095,-0.2915042,-0.044364642,-0.082109585,0.05215702,-0.13511229,-0.00030953684,-0.15926579,0.25113302,-0.06969258,0.115382314,0.29793984,0.0702004,0.20944954,0.043041084,-0.044731162,0.05261166,0.18714829,0.2700655,0.20791806,0.021727968,-0.22101791,-0.047718782,-0.17794822,-0.0075015007,0.12983973,-0.25206017,0.13162348,-0.057274707,-0.2846502,-0.0327934,-0.12816794,0.38961583,0.16950935,0.034422625,-0.29174238,0.008204997,-0.2888905,-0.30061063,0.33694336,-0.062674426,-0.13415527,-0.27391765,0.2902876,-0.04540001,-0.14925827,0.037218325,-0.15094188,-0.20374677,0.12208751,0.1593913,0.1693776,-0.04211041,-0.030776953,0.06399497,0.076890044,0.16480003,0.20514412,0.11286969,0.12891786
GFGKALKLLKKVL,-0.20165394,0.11331197,0.2640437,0.33850858,-0.037664905,-0.23848817,-0.14081202,-0.011565566,-0.0014484545,-0.028377047,0.14681941,0.011848982,-0.07836337,-0.030975223,0.15666415,0.057522003,0.0442558,-0.030152392,-0.08240468,0.09733819,-0.51230925,-0.021828655,-0.06319389,-0.24130473,-0.08388192,0.3960749,0.10529101,0.23488705,0.22875753,0.14885198,-0.3329259,-0.06442813,-0.03132695,0.1494003,-0.08685045,-0.15548903,-0.045506738,-0.101282485,0.23246333,0.29353803,-0.0948443,0.2932544,-0.40294448,-0.27640602,0.43502662,0.24657471,-0.24043518,0.3122087,-0.15578087,-0.25055125,0.19805247,-0.22549327,0.16018648,0.17830242,0.10608313,0.05825262,0.068644546,-0.12782688,0.17765008,-0.076022066,-0.15462844,-0.036384527,-4.718225,-0.056534275,0.002626593,0.050742436,-0.117769375,0.3177997,-0.07985939,-0.016989248,0.2207563,0.18418643,-0.11562901,0.24046151,0.25099498,-0.21133205,-0.105667405,-0.23032944,-0.035114292,0.39104944,-0.1441047,0.07522492,0.19877134,-0.3048005,-0.0244861,-0.07882518,0.029861277,-0.15411882,0.022970015,0.21609665,0.06563449,-0.089144334,0.036454603,-0.051128354,0.10781229,0.09289164,0.044296037,0.023242468,-0.0040997406,0.07727268,0.31952438,-0.14909609,-0.3645129,-0.13150212,0.13531025,0.474712,-0.023689859,-0.085125834,-0.12909345,-0.075162664,0.29824144,0.21293479,0.056269463,0.11429279,0.023655068,-0.00721988,0.112068765,0.06358521,0.02332733,-0.021016555,-0.100364365,-0.07643185,-0.1550884,-0.18309861,-0.14848034,0.36264774,-0.1780004,0.12419302,0.28072318,0.21131389,0.082079224,0.06554006,-0.083831035,0.102819905,0.071365066,-0.056948733,0.052565597,-0.29428762,-0.14697541,-0.12965785,0.03569131,-0.20900066,-0.34873804,-0.049243625,0.21266085,-0.07968153,0.1916479,-0.1639081,-0.19314273,0.07129251,-0.019824648,0.039649706,0.036171637,0.044763707,-0.066462904,0.017653963,0.06364761,0.15455508,-0.11262248,0.19084479,0.11900126,0.026701104,-0.3084446,-0.01573838,0.04945743,-0.05752732,0.2606937,-0.009592337,0.17594011,0.010110148,0.2116852,0.2829736,0.33630675,-0.27936047,0.0037400324,0.058649737,0.021941679,-0.022386737,-0.20842855,-0.21925324,0.1668484,-0.20556925,-0.024534611,0.36081505,-0.16312125,0.15863651,-0.0351267,0.0050507183,-0.12759915,-0.4036037,-0.30491155,0.12895116,-0.048632957,0.26005664,-0.298511,0.33144665,-0.10716913,0.31869972,-0.012300674,0.54570353,-0.16292469,0.19275518,0.3221498,0.29402134,-0.07779733,-0.10762631,-0.06778588,-0.3481868,-0.25533187,-0.008272138,-0.17246357,-0.10729454,0.45030788,0.03140275,-0.09607145,-0.39798588,0.0066898633,-0.12615338,0.28725243,-0.22608133,-0.23897815,0.17184483,0.14195652,-0.0175475,0.31601313,-0.11106118,-0.3192909,0.12360426,0.12357092,0.013026359,-0.056394424,-0.060624678,0.46355802,0.09076385,0.07093451,-0.17735757,0.09968667,-0.2269965,0.21606527,-0.075480685,0.12694918,-0.050042473,0.055475812,0.042974614,-0.11070026,-0.29023144,0.12902603,0.031402003,0.16543476,-0.10767529,-0.26465812,-0.06699281,-0.0421292,-0.22597122,-0.42641255,-0.124156386,-0.13491246,-0.010451092,0.33549595,-0.0631205,-0.14651021,-0.31297764,-0.110043876,-0.19010153,0.16989116,-0.19458923,0.040204886,-0.11984922,0.3623789,-0.09435538,0.018349636,0.2701643,-0.19795749,0.19569077,0.13431539,0.0072731874,0.12573247,0.12248001,0.13983916,-0.046728913,0.199027,-0.2433898,-0.1557544,-0.39336714,-0.023835035,0.14549558,-0.30788526,0.048395533,-0.020374147,-0.21332295,-0.123329885,-0.09630915,0.18442091,0.27128407,0.0989404,-0.22278711,0.014284772,-0.34915888,-0.13687077,0.5000994,-0.18022345,-0.06312033,-0.11413416,0.27008614,0.0013428559,-0.14904216,0.1611682,-0.32156724,-0.25,0.0017124066,0.16638198,0.33030465,-0.1402543,0.049217816,-0.019173246,-0.052149598,0.17283034,0.2630142,-0.04681573,0.2027013
AKKVFKRLEKLFSKIQNDK,-0.16847385,-0.17905293,0.22984278,0.16160928,-0.0865959,-0.082307436,-0.05962903,0.05559052,-0.03119956,-0.11765317,0.007155244,0.19272658,-0.12096864,0.18874964,-0.08154497,-0.016424438,0.20241424,-0.021677077,0.13369806,-0.01092494,-0.25255564,0.0012040379,-0.015985776,-0.14379828,0.029318366,0.3137395,0.048364706,0.20532309,0.09520316,-0.09179992,-0.15750508,0.2236446,0.00016779843,0.05528786,0.061865903,-0.24688117,0.0027055372,-0.09400276,0.2765607,0.17487729,0.06629844,0.21332064,-0.24014214,-0.069240175,0.09487184,0.22761658,-0.82440084,0.2017496,-0.10335025,-0.16260031,0.0747893,-0.055980552,0.20295118,0.13347848,-0.10855963,-0.055852063,0.16132614,-0.07411069,0.3064633,-0.16573747,-0.02482328,-0.016482154,-5.1142316,-0.048365682,0.07068134,0.2064799,-0.05720297,-0.0035572138,-0.16170332,0.085877955,0.010112167,0.03799331,-0.09549676,0.26358426,0.07457722,0.050863624,0.07453488,-0.03654041,-0.112242095,0.24323629,-0.10268334,0.1866987,0.1544245,-0.13335523,0.091735594,-0.05019554,0.07717022,-0.06539346,0.07696113,0.19028689,0.09116265,-0.11977152,0.15569283,0.059317186,-0.052500747,0.090916224,-0.1046495,0.034463216,0.036502056,-0.052162666,0.21702532,-0.017117307,-0.1235674,-0.03887713,0.12935777,0.26286128,0.019106328,0.03638462,-0.06834567,-0.11540261,0.096463315,0.13920791,0.104773715,-0.014629638,0.058153607,0.1349828,-0.0372758,0.019905498,0.01606513,-0.0793459,-0.022028524,0.004388389,-0.03911987,-0.37827152,0.16984974,0.116542466,-0.0659583,-0.059880275,0.13551971,0.11890947,-0.022357425,-0.03607183,0.110355765,0.1530988,0.048582587,-0.070121676,0.07216443,-0.12721713,-0.17998894,-0.33485794,0.15880564,-0.11473893,-0.2502709,-0.004686792,0.07086832,0.021607284,0.10723086,-0.13201913,-0.12511012,0.17212255,0.060338423,-0.043187458,-0.011677816,-0.0070612906,-0.21095012,-0.11299816,-0.00073519134,0.17906639,-0.17364566,0.15043701,0.20896946,-0.011634405,-0.1504451,0.100183286,0.14839366,-0.11071923,0.014016767,-0.0663362,0.022055764,0.1157328,0.010532938,0.31888425,0.16854507,-0.17105345,-0.01174068,0.14896199,0.09312854,-0.03097407,-0.17472515,-0.28402528,0.1438846,-0.35691914,0.12510316,0.16497135,-0.13980444,0.118650526,-0.10408909,0.12028982,-0.12261315,-0.13490106,-0.13783199,-0.021209225,0.17526726,0.09531154,-0.17300911,0.19080482,-0.029508341,0.23104155,0.05860886,0.47416073,-0.095062576,0.03522714,0.15286252,0.19957253,0.06896991,-0.20783697,-0.017869553,-0.7376164,0.0058533372,-0.17402641,0.036022738,-0.032640964,0.10015206,0.19992365,-0.037837353,-0.16068178,-0.027267411,-0.08741139,0.06719214,-0.108860835,-0.22487164,0.033440463,0.100297235,-0.089795575,0.18539555,-0.06633419,0.0074474555,0.08457645,-0.0064210687,0.083394706,0.041748416,-0.06905536,0.24616532,0.07317707,0.102855295,0.013084961,0.12496192,-0.26138818,0.10162475,0.05980353,0.0011537685,-0.15835832,-0.040781442,0.05013157,-0.07747575,-0.0622428,0.17299081,0.18951085,0.07716421,-0.049838986,-0.049958378,0.039752524,-0.15363076,-0.03802721,-0.10878067,-0.018272065,-0.070565574,-0.060963705,0.24473447,-0.24247333,0.018686637,-0.14514065,-0.07697239,0.01533116,0.07399076,-0.080088094,0.0018787214,-0.17848329,0.16823132,-0.09853508,0.030228963,0.21795037,-0.11760775,0.1595124,0.10356385,-0.00755359,0.072527565,0.0112904925,0.11483013,0.06324349,0.05876464,-0.067868605,-0.070893444,-0.1578436,-0.020362679,0.28417867,-0.23480646,0.041422524,-0.012813012,-0.11724876,-0.20358567,-0.14135364,0.18884532,0.042022616,0.05211697,-0.13042524,0.098806836,-0.18726794,-0.25832137,0.23965073,-0.07368341,-0.047357608,-0.13769162,0.21083146,0.0015328868,0.03265144,-0.06390478,-0.17353494,-0.0042863945,-0.12982002,0.23616609,0.10212566,0.01638289,-0.0075967186,0.09407241,0.007668747,-0.008278929,0.14541757,0.026358042,0.03781332
KFFKKLKNSVKKRAKKFFKKPRVIGVSIPF,-0.4122634,-0.16615611,0.1621129,0.4729406,-0.1566712,-0.19884676,0.020935154,-0.11509548,0.075684205,0.06383222,0.052762643,0.20624074,-0.053098466,0.09344977,0.13028005,-0.033920683,0.19134927,-0.0018425444,-0.109452605,0.13969204,-0.25453526,-0.02180877,-0.0098847,-0.27635926,-0.013341517,0.29157135,-0.08627533,0.31426924,0.13584463,0.0626221,-0.13565075,0.07583135,0.2504602,0.16493325,0.17496249,-0.1384621,-0.050238654,-0.18343244,0.2443294,0.26151326,-0.08815285,0.19685096,-0.23252785,0.01293084,0.083450876,0.06407426,-0.6791129,0.36556238,-0.028053178,-0.15651342,0.15500769,-0.18669432,0.13681412,-0.056232914,-0.016924316,-0.04870528,0.1358794,0.013683869,0.27113324,-0.16549614,0.011261212,-0.041857302,-4.862184,-0.04001835,0.03677567,0.3066312,-0.1587479,0.03639435,-0.102032304,0.19320457,0.22900517,0.075060405,-0.12689292,0.1258302,-0.016791254,-0.046521135,-0.011750279,-0.08021063,0.02280823,0.1854911,-0.17045754,0.32258606,0.16313538,-0.21391419,-0.064020805,-0.1255015,-0.079763226,-0.11214312,0.14702809,0.29214874,0.16016008,0.043320987,0.19310069,-0.0033627916,-0.059601262,-0.043942697,-0.17636037,0.073530436,-0.2856483,0.03327926,0.37930214,-0.18339404,-0.35056567,0.042615596,0.021557089,0.28605804,0.035299562,0.13001873,0.10240163,-0.2885741,0.1642725,0.1358997,-0.11470019,-0.12170326,0.1359578,0.10489104,0.03334766,0.09649987,0.046226636,0.025165064,0.11089273,0.10201819,-0.16205497,-0.28749985,0.113473795,0.30286992,-0.08598313,0.030790905,0.24635121,0.17345913,-0.07576479,0.0881663,0.08288604,0.104980186,-0.07383348,-0.025481988,-0.038319655,0.031125167,-0.29844457,-0.23900071,0.17477143,-0.32002562,-0.29015055,0.05270326,0.23754737,0.10906637,0.1326716,-0.12964861,-0.096736416,0.16343194,-0.14747018,0.26140684,-0.044068906,0.05701598,-0.14003332,0.124998316,-0.05753184,0.16422758,-0.2821828,0.032910913,0.20590818,0.16109608,-0.15044639,0.31163365,0.17342028,-0.021513557,-0.035540946,-0.041849453,0.11063438,0.032646492,0.054263696,0.19894345,0.36809647,-0.3931299,0.078874215,0.20360436,-0.20424107,-0.12818539,-0.27909726,-0.3411355,0.19156173,-0.32571274,-0.059221096,0.18198101,-0.09835932,0.106557675,-0.1625246,0.2548743,-0.13654512,-0.06687778,-0.28866735,0.028408455,-0.29064488,0.15638784,-0.2520688,0.17517221,0.02672319,0.28258663,-0.1505037,0.65301824,-0.17136651,0.078648046,0.107961714,0.12825733,-0.051360734,-0.15090138,0.022689424,-0.71639067,0.096039355,-0.19922058,0.14053829,0.06866743,0.26561594,0.13341476,0.10434969,-0.26214668,0.006694264,-0.14769697,0.12913553,-0.0018111039,-0.34743935,-0.0024829824,0.1146744,-0.027114674,0.37714362,-0.13046974,-0.10355462,0.17651415,-0.097154155,0.037955403,-0.0428351,-0.07911125,0.25178444,0.3047079,0.22688039,0.06273864,0.109238595,-0.23115486,0.08061725,0.011035786,-0.20789932,-0.19230002,0.009283761,0.06088406,-0.09871578,-0.06064721,0.26395476,0.32616115,-0.0039604604,-0.21170336,-0.08233805,0.08326742,-0.1818708,-0.06427614,-0.25841087,-0.06256634,0.16815709,-0.06302601,0.11543493,-0.11688745,-0.12388463,-0.2904572,-0.15177317,0.027169377,0.1876187,-0.07601707,-0.1295386,0.06982243,0.33280426,-0.07970427,0.1377646,0.13456202,-0.22254887,0.17949635,0.10576502,0.08249274,0.18285215,-0.17737794,0.36394942,-0.012926798,-0.08957133,-0.17368951,-0.16753933,-0.23052976,-0.14754434,0.13037254,-0.3779248,-0.1204135,-0.116401374,-0.17602034,-0.22482039,-0.18841264,0.09066011,-0.05427115,0.1516106,-0.25704688,0.07477221,-0.2414281,-0.11332591,0.18964165,-0.17018852,-0.060580112,-0.19153428,0.332394,0.103152245,-0.056660272,-0.13726225,-0.26228985,-0.06369999,-0.12279479,0.38959807,0.11902121,0.09344518,-0.02233563,-0.07508154,0.07314732,0.088018335,0.1249059,0.06610714,0.17147988
GFLSILKKVLPKVMAHMKGFLSIL,-0.08707063,-0.24355206,0.27134693,0.2715695,-0.17101163,-0.21333933,-0.12815036,0.06273858,-0.26437238,-0.07296732,-0.16085576,0.1702037,-0.10560079,0.17969216,-0.121577054,0.118963994,0.121736124,-0.04287706,-0.12350758,-0.1560315,-0.3266575,0.066206366,-0.023908922,0.10782112,-0.07441948,0.5020015,-0.10275781,0.071522355,0.33241785,0.002528876,-0.042629775,0.0062554064,0.03722291,-0.030013982,0.24934103,-0.57854456,-0.012334497,-0.17731296,0.30983523,0.18226202,-0.15256923,0.19855307,-0.038728807,0.033948466,-0.034316353,0.089426406,-0.9001506,0.35447314,-0.14749771,-0.26275828,0.05386072,-0.22525114,0.24635345,0.14527273,-0.20398036,0.043965712,0.1702471,-0.05907034,0.19375435,-0.250341,-0.10992872,0.054959755,-4.867983,0.08227007,-0.23684439,0.019705446,-0.029140761,0.36491197,-0.27894723,0.20687224,-0.03648929,0.14792606,-0.14361009,0.11285055,-0.06876556,0.017991133,-0.07684182,-0.10373399,0.03182433,0.31645387,0.07985416,0.106386274,0.15123966,0.007880829,-0.21380736,-0.09954601,0.10055276,-0.08966393,-0.007411709,0.0028475202,-0.044049326,0.053912196,0.061773475,-0.19410038,-0.11699084,0.21664213,-0.18772207,0.23686369,0.012770532,-0.28065953,0.063936144,-0.05642822,-0.2766414,-0.03367901,0.20499775,0.37044188,-0.021913644,0.11671306,0.16636221,-0.19737466,0.160242,0.37957078,0.11986475,0.14180835,0.07526105,0.10337227,0.13574448,0.14867803,-0.14575973,0.07544692,-0.0602152,0.04825391,-0.16800681,0.007521338,0.14716291,0.020008517,-0.07738996,-0.107543744,0.14979939,-0.037655447,-0.010258928,0.02106121,0.14616019,-0.102691896,-0.085654445,0.053653892,0.05762338,-0.07783845,-0.11126672,-0.18017343,0.34141663,-0.2762658,-0.107412025,0.023833036,0.106862396,-0.0151242325,0.015916955,0.004627495,-0.09071766,0.15246835,-0.037068024,-0.020740928,-0.0014023145,-0.105759986,0.24169898,-0.032083284,-0.027590472,-0.014693419,0.11684643,0.06753069,0.032907154,-0.10612294,-0.22886518,-0.018569304,0.0031143627,-0.11091489,-0.05797502,-0.016924443,-0.03124287,0.015852453,0.17857358,0.3412676,0.16280065,-0.11050492,-0.029088737,0.2042208,0.09982781,-0.06048537,-0.094421975,-0.250362,0.20648251,-0.557676,0.045935933,0.086650655,-0.17712834,0.12299406,-0.32419208,0.22733068,-0.21056898,-0.26158887,-0.2005612,0.17919603,0.24070787,0.11992398,0.13244087,0.20746313,-0.15952133,0.038816925,-0.17766203,0.65800357,-0.11532391,-0.10955565,0.20311421,0.10446416,-0.0028371925,-0.11184989,-0.1349838,-0.34797844,0.040693205,0.16939944,-0.029929098,-0.104864374,0.22363082,0.05537907,-0.12371756,0.15176457,-0.07539385,-0.15246907,-0.11263563,-0.095223635,-0.29492354,0.16509904,0.2855101,-0.030233506,0.2701481,0.05701939,-0.13361558,0.1855245,-0.14356053,0.021297267,-0.12641877,0.19366853,0.44273832,0.11462001,0.1656737,0.05279791,0.3818015,-0.13130733,0.17640206,0.06359205,-0.0058341464,-0.08655337,-0.049650192,0.03639773,-0.32388407,-0.112818375,0.22048804,0.21191913,0.1816837,0.04917321,-0.09506178,-0.006340071,-0.086892694,-0.08785994,-0.30386105,-0.08829214,-0.013339911,-0.12166086,0.13162705,-0.28377944,-0.0067205383,-0.29795185,-0.21196984,0.08595424,0.05242087,-0.058342073,0.09607513,-0.045078643,0.34095,0.038652018,0.03624633,0.3007139,0.16585156,0.0011790165,0.077783756,0.026954126,0.18286538,0.2509229,0.31186718,0.1652839,-0.089265876,-0.3080093,-0.15860559,-0.23091298,-0.015691062,0.040947113,-0.2981716,0.27090004,-0.017342906,-0.3364684,-0.100335196,-0.027611207,0.3017257,0.12737472,-0.08562799,-0.28502208,-0.10658098,-0.20967509,-0.3120335,0.32122073,-0.08573578,-0.24921785,-0.26449746,0.29535788,0.060826834,-0.10460273,0.0150425825,0.030994104,-0.26281983,0.06532636,0.22810507,0.04672907,-0.0439122,0.17000672,0.049965624,0.21389154,0.025135726,0.10720348,0.17342138,0.2667294
GFLSILKKVLPKVMAHMKGFLSILKKVLP,-0.27657497,-0.342287,0.3579232,0.42019537,-0.33043858,-0.1051382,-0.048078593,0.14752829,-0.0825223,0.0045387484,-0.15348509,0.07812381,-0.08259471,0.16398089,-0.023766832,0.021453092,0.1172231,-0.12480195,-0.2684664,-0.06394,-0.30377105,-0.05019774,-0.058091518,0.14321676,-0.06483006,0.46922824,-0.17745858,0.054838337,0.38363737,-0.051816534,0.044818826,0.0011881782,-0.07105227,0.11805002,0.29987237,-0.49406123,-0.20458089,-0.21813531,0.26645824,0.17623135,-0.12551491,0.12771781,-0.082684025,0.10460018,0.07184898,0.040781114,-0.5917506,0.4534285,-0.07453514,-0.24892391,0.11024122,-0.3220064,0.23694065,0.22531131,-0.17465799,0.13056776,0.26032722,-0.07195821,0.36243692,-0.27091208,-0.12694521,0.072444715,-4.156819,0.1199068,-0.5351035,0.022565622,-0.111642934,0.464049,-0.36972514,0.14515245,0.1397355,0.16716096,-0.117599316,-0.07085853,-0.07491838,0.035130106,-0.179918,-0.010698136,0.09217856,0.22102582,0.07264773,0.116588145,0.15371332,0.05872794,-0.37590227,0.0052626017,0.06926262,-0.18823878,-0.18576953,0.1983609,-0.09026526,0.2595898,0.038500316,-0.2881666,-0.11683242,0.28883168,-0.30096546,0.14122812,-0.008289749,-0.18926702,0.21151508,-0.17680494,-0.39968312,-0.06271555,0.08373651,0.37346706,-0.23671836,0.20079991,0.12325623,-0.30183217,0.2512256,0.48144856,0.2117778,0.24867676,0.2340247,0.07335778,0.30045956,0.2994345,-0.021631187,0.18594635,-0.021351626,0.03104796,-0.33227754,0.15657267,0.19840041,0.047141876,-0.07394127,-0.14283955,0.37377647,-0.12444687,0.034038574,-0.05086275,0.02177297,-0.30967203,-0.16413304,0.09206492,0.18083076,-0.041896056,-0.10976062,-0.20426966,0.40699485,-0.34383717,-0.041327268,0.042344294,0.13233414,-0.10026874,-6.660675e-05,0.12863436,0.08748204,0.18927808,0.12646967,-0.09778745,-0.070576385,-0.056377765,0.22558539,-0.024764495,-0.009599697,-0.12433426,0.21145941,0.025693893,-0.01475256,-0.037262943,-0.3915916,-0.037963454,0.06554073,-0.035082202,-0.003112658,0.04495325,-0.12566954,-0.009873564,0.27938288,0.2723881,0.17472269,-0.12034902,-0.09159087,0.32482684,-0.01786103,-0.011438831,-0.098665394,-0.26054668,0.27330157,-0.6023643,0.03297437,0.106060416,-0.21516429,-0.01870272,-0.20508635,0.20056358,-0.24777482,-0.25868955,-0.2701794,0.23873849,-0.090229176,0.0955172,0.18142004,0.34249333,-0.16054076,-0.054100428,-0.4761056,0.7667923,-0.21578665,-0.29828566,0.03439602,0.05825501,0.053654194,-0.1937864,-0.1804931,-0.2273466,0.019017115,-0.09050377,-0.2233605,-0.08276261,0.37480304,0.060385916,-0.19625561,0.12352624,-0.10144225,-0.19040231,-0.25595915,0.01018947,-0.22005832,0.2391378,0.19796588,0.024043037,0.411009,0.09411218,-0.26300064,0.34856808,-0.2794499,-0.08034738,-0.26527888,0.3458447,0.43202394,0.21167633,0.19541529,-0.11097396,0.34911507,-0.01329928,0.26302448,0.07762692,0.023527345,-0.019035991,0.05373654,-0.020525943,-0.4317136,-0.20201498,0.030735914,0.10916159,0.24025209,-0.021118054,-0.0676088,0.07332154,-0.015500008,0.11871138,-0.37575692,-0.07491604,0.122984946,-0.13220645,-0.18167554,-0.16689523,-0.057378706,-0.38487104,-0.4095656,0.19658251,-0.024715591,-0.05645495,0.08106032,0.042681344,0.43982032,0.114394896,0.03814634,0.22542089,0.14714819,-0.011524993,0.11913802,0.09119368,0.21068944,0.21624148,0.39500841,0.14322306,-0.071918465,-0.5269387,-0.3767664,-0.2886283,-0.15188728,-0.013383773,-0.26075107,0.28076327,-0.027504997,-0.43095952,-0.13070484,0.027644308,0.14567922,-0.009440515,-0.047079764,-0.28015912,-0.24758936,-0.20774175,-0.24546377,0.35013714,-0.07168729,-0.2545453,-0.1590846,0.23581254,0.12781842,-0.23252586,0.013070149,0.1682933,-0.29156628,0.09590189,0.2614679,0.20922977,-0.16010045,0.19640404,-0.011627945,0.29342383,0.1153263,0.21444845,0.17922887,0.29595622
AMAYLAKDNLGEKITEVITILLNRLTDRLEKYAG,0.03149619,-0.09642205,0.12058851,0.053388875,0.077356905,-0.06530455,-0.029424535,0.040983405,0.040068388,-0.14949638,0.044391103,0.07618621,-0.12685321,0.19607097,0.021291181,-0.046725787,0.044472303,-0.09569839,0.26975903,0.1315348,-0.023868378,0.011595409,0.12183605,-0.039207015,0.084657505,0.105914965,0.08411462,0.044009022,0.12558416,-0.029160313,-0.15783684,0.15231888,0.013723454,0.031148715,0.020591982,-0.18855885,-0.030025115,0.046658624,0.35983932,0.11931944,0.11924776,0.23501168,-0.11017719,-0.010281694,0.09923173,0.16246349,-0.80232906,0.1907771,-0.09157256,-0.16503477,-0.06922464,0.05908652,0.207035,0.07210242,-0.049105562,-0.12097589,0.10490567,-0.017905189,0.1607823,-0.046508517,-0.009601984,-0.11667395,-5.2595468,-0.08992743,0.11502894,0.09385664,0.032932505,0.06934205,-0.12911323,0.076698676,-0.07838906,-0.018052045,-0.019824512,0.24821782,-0.10293617,0.07567351,-0.029104583,0.05948546,-0.1675577,0.13365354,0.07411721,0.05556031,0.01708288,-0.054813653,0.10438244,-0.08519095,0.037644044,-0.12313059,0.11447387,0.045794923,-0.074154116,-0.12458197,0.21586074,0.11856148,0.03259285,0.19299835,-0.06902889,-0.00038897165,0.10961885,-0.16350406,0.033353657,0.030292468,-0.022595407,0.05362559,0.07412482,0.20474774,0.06715532,-0.021112366,-0.16770089,-0.03702807,0.0033260616,0.06602958,0.046763163,0.033182546,0.07186175,0.052517813,-0.040737096,0.07469471,-0.044184342,-0.04610606,0.057757273,0.075365305,0.13578789,-0.082177676,0.17181386,-0.047748294,-0.016051564,-0.14796685,-0.0074331067,0.09083549,0.045805626,-0.09144352,0.00995558,0.07630564,0.1237934,-0.12640768,-0.04010542,-0.1648954,-0.055032857,-0.1992058,0.04342313,-0.04298995,-0.20000648,-0.002277501,0.018940426,0.020625222,0.016911361,0.05796749,-0.14480503,0.19678874,0.23612955,-0.12694038,-0.1166025,-0.12787321,-0.21749073,-0.22138683,0.06911154,0.13642606,-0.048559472,0.1328171,0.15538174,0.0010341414,0.10923997,0.05729027,0.025798315,-0.1388091,0.013882478,-0.114291325,0.03490503,0.03238035,-0.051054463,0.08670707,0.053971052,-0.1328279,-0.048378173,0.14678162,0.16772638,0.012916103,-0.19591372,-0.07619764,0.13442646,-0.19001915,0.19362791,0.00843613,-0.07996392,0.041206673,-0.1088259,0.06870431,-0.0026703312,-0.15643162,0.047050294,-0.013428027,0.30754355,0.04306316,-0.039944045,0.14963311,-0.02401979,0.09362437,0.06028549,0.2228728,-0.021827279,0.16424769,0.13058035,0.0989492,0.026356488,-0.0652428,-0.06721143,-0.2843833,0.05035207,-0.015960684,-0.048283845,-0.11245338,0.06471233,0.12451276,0.057168916,0.017991921,-0.14163591,-0.11777854,0.10997961,0.019489162,-0.15685491,0.12456795,0.052440062,0.017753894,0.032918766,0.002871169,-0.11779744,-0.021914834,-0.019284533,0.012270116,0.087138854,0.00047469843,0.18599223,0.025293939,0.026189039,-0.07367338,0.022353185,-0.10917624,0.06840508,0.0021328728,0.019626232,-0.076289184,-0.029418852,0.0069255326,0.008686294,-0.08261487,0.22000715,0.04562853,0.059297483,0.03134842,0.012298994,-0.09737643,-0.060444754,-0.0030309649,-0.0015750411,0.12703246,-0.14710297,0.0031290501,0.077182285,-0.1210889,0.0108226705,0.06843894,-0.09488495,0.0066818115,-0.03907651,-0.0756335,0.027308933,-0.31196892,0.00044952997,-0.1325763,-0.034661923,0.07604489,-0.037623636,0.11181906,0.09248265,0.0010030682,-0.021118525,0.0579252,0.02202334,-0.01401038,0.026013799,-0.031578712,0.030208673,-0.062107936,0.06528416,0.29499826,-0.09365227,-0.06028739,-0.079310365,-0.036733046,-0.07397509,-0.019003991,0.16699049,-0.087265514,0.017345373,-0.051497083,-0.034495763,-0.0062553915,-0.16749357,0.08887398,0.009267579,-0.07566282,-0.031168342,0.053185463,-0.02170325,-0.028612077,0.055395585,-0.19302729,0.03666481,-0.15148664,0.06522235,0.19694847,-0.03534954,-0.049062237,0.21350402,-0.1669413,-0.08303524,0.15428564,0.02640943,-0.16545703
MDKYIRKEDLGMKMLDVAKILGRRIEKRMEYIAKK,-0.09347861,-0.044869795,0.18262823,0.39627126,0.12285367,-0.18586041,-0.11183343,-0.06434331,-0.030459616,-0.13619733,-0.07249038,0.16416551,-0.28519878,0.101014495,0.06869667,-0.042657893,0.22782055,0.008757264,0.16084354,0.16795012,0.024554692,-0.15189259,-0.065568425,-0.17759775,0.03974514,0.14554377,-0.026508534,0.15646313,0.046894666,-0.18112363,-0.1809738,0.41611117,0.2344763,0.07603981,0.03737391,-0.2613168,-0.12483718,0.033756077,0.3389519,0.16947122,0.21129411,0.32221717,-0.3380511,0.031351794,0.12185182,0.15446086,-0.9922515,0.22740774,-0.09682272,-0.13797894,-0.017257212,-0.008346923,0.25762618,-0.07712455,-0.026366543,-0.099347696,0.20794348,-0.0556362,0.22279786,0.014483366,0.03396332,-0.16515738,-5.02347,-0.053816464,0.1736584,0.15969032,0.11684441,0.14233108,-0.12089155,0.009645873,0.03631277,-0.050657623,-0.027281417,0.3217832,-0.09413743,0.018259557,-0.018360058,0.10178115,-0.12848566,0.110992596,0.033238925,0.10670966,-0.1344916,-0.26499587,0.21637079,-0.12433506,0.005611497,-0.14738779,0.20491077,0.13684669,-0.10023844,-0.0016557671,0.24285825,0.18011102,0.09247901,0.08222093,-0.09012597,0.08407323,0.09472797,-0.18812056,0.08554858,-0.015592322,-0.15803881,0.20063092,0.16410197,0.17980628,0.014346286,0.19215131,-0.092149526,-0.12705746,0.042863835,-0.021216804,0.13962407,-0.012467004,0.10975589,-0.1494836,-0.052932184,-0.050845124,-0.11062229,-0.0071491287,-0.07270566,0.052025586,0.11434246,-0.18341975,0.17461558,0.06638159,0.04793328,-0.10483325,0.055855405,0.101505436,-0.10218088,0.113882825,-0.006194608,0.10087041,-0.038133383,-0.16810367,0.029419502,-0.047861207,-0.13683283,-0.26514482,0.014402747,-0.13437895,-0.20965418,0.18277153,0.14731629,-0.0798136,0.1310859,-0.09255273,-0.12301238,0.35072282,0.25125328,0.008684883,-0.031152809,-0.117683955,-0.33032066,-0.13765989,0.016339391,0.24639341,-0.11007404,0.11334984,0.16194397,-0.15877187,0.01574958,0.20937817,-0.03664335,-0.0872121,0.053602308,-0.04219982,-0.048425388,-0.025714604,-0.06145704,0.07227895,0.0902364,-0.18694203,-0.03925616,0.093488336,0.123251244,-0.0517484,-0.27508187,-0.20884174,0.06310594,-0.06426119,0.043082412,0.055699266,-0.20193182,0.06607777,-0.123609856,0.06473081,-0.07172273,-0.15147744,0.15346721,-0.12955818,0.18616116,0.08203229,-0.049574364,0.16377336,-0.060147982,0.1269747,0.07347535,0.43506962,0.038975257,0.18392397,0.1803938,0.1052742,-0.034983885,-0.25262704,-0.0051977965,-0.4913415,0.25054607,-0.07044587,0.12633485,-0.053734973,0.13153806,0.13861658,0.100343466,-0.08641901,-0.084529005,0.024592161,0.053401303,0.09717476,-0.10829232,0.10671479,0.0073295855,-0.028227113,0.027275536,-0.020348147,-0.04890758,0.047932696,-0.03225353,0.0871412,0.046957765,0.10871813,0.15734948,0.040461063,-0.04088131,-0.11859868,0.0335722,-0.21134475,0.0028294341,0.083688,0.037438445,-0.23003246,-0.008162725,0.014569294,0.06562992,-0.1507333,0.20174485,0.031677246,-0.040315967,-0.12901217,-0.08936402,-0.014855325,-0.09305288,0.19643149,0.026858289,0.09868795,-0.057722047,-0.1616658,0.035592463,-0.24841768,0.061709218,-0.15466392,-0.061225537,-0.041044377,-0.010448834,0.07678171,0.037569042,-0.31099975,0.11218134,-0.16861923,0.06194897,-0.008157674,-0.16253653,0.06268447,0.15681574,0.018105565,0.03226885,0.08967198,0.09237011,-0.12464174,-0.042735625,0.05206436,0.05474168,-0.24394876,0.098836444,0.35270244,-0.11226011,-0.11052695,0.054085433,-0.22769505,-0.15365633,-0.12877241,0.121178806,-0.0024244587,0.090160355,-0.06379551,-0.012929788,-0.14094883,-0.30685073,0.13286687,0.010972997,-0.051910285,0.13262382,0.07007115,-0.051550545,-0.0021095953,0.004678342,-0.098356605,0.17868206,-0.21781576,0.004154895,0.19876844,-0.08025858,-0.046018075,0.19835782,-0.098237164,-0.1261544,0.08047522,0.111679874,0.045590665
IDTYSRKDDLDKKLLEVAKIIGRRLEKRHEYLAMK,-0.09516627,-0.05737583,0.10976031,0.23354213,0.10642931,-0.10249615,-0.08931298,-0.025051456,-0.045162596,-0.16709179,-0.015425592,0.15514442,-0.19298384,0.1397138,0.03336008,-0.04733966,0.18710293,-0.041981038,0.19672613,0.11340773,-0.04990093,-0.08342449,-0.005433565,-0.09971044,0.0699553,0.14586839,0.022265753,0.15321644,0.046417102,-0.10365072,-0.11078002,0.33316186,0.04670966,-0.030975735,0.057335854,-0.22685075,0.020465422,-0.011610618,0.30197743,0.11702915,0.13515668,0.2364573,-0.19136682,-0.09921577,0.06432865,0.13266847,-0.9142812,0.21439284,-0.13084617,-0.123149574,-0.01996186,-0.017353745,0.18690209,0.03638258,0.010822287,-0.1381062,0.22311401,-0.06330677,0.20300364,-0.07081878,-0.0027404404,-0.12247956,-5.218083,-0.04317864,0.081629515,0.103141375,0.08378209,0.0697792,-0.109292805,0.056212302,-0.04253451,-0.006739931,-0.05829666,0.3342616,-0.0753006,0.095384486,0.010604625,0.0513589,-0.1493057,0.16166292,0.017309688,0.11764672,-0.020144295,-0.08389183,0.17903265,-0.048358392,-0.009463696,-0.06926887,0.15691006,0.075924926,-0.041133184,-0.14907694,0.22140726,0.17657463,0.051504146,0.09872596,-0.08960262,0.016127858,0.060749542,-0.18552375,0.05353141,0.03572904,-0.0567847,0.11901724,0.14974025,0.16973302,0.014804566,0.06467793,-0.1052818,-0.0611193,0.027298363,-0.05031637,0.010468799,-0.0056086318,0.02878394,0.031419117,-0.06385715,0.0014794195,-0.03597406,-0.059950758,-0.035455514,0.024427384,0.09750989,-0.20218448,0.19007096,0.02233898,-0.0036315983,-0.17691751,0.040854808,0.05987018,-0.03781095,0.0050326167,0.05667004,0.10718672,0.051685844,-0.1734961,0.022974903,-0.1847111,-0.14994772,-0.25007072,-0.009528977,-0.07134628,-0.17340606,0.1560901,0.07148287,0.024937868,0.026116075,-0.05402778,-0.11208646,0.2698918,0.23033294,-0.058085505,-0.06917334,-0.10943072,-0.27724907,-0.120692134,0.041248407,0.16296719,-0.08576218,0.111632064,0.10693911,-0.05807308,0.019422822,0.09360935,0.025105273,-0.1180401,0.025409719,-0.03826153,0.016733296,0.080863215,-0.045514334,0.12186386,0.048663545,-0.115564756,-0.057947185,0.09866197,0.122718565,0.024915956,-0.14342755,-0.20197777,0.10225878,-0.14507708,0.12637243,0.031702716,-0.165592,0.06262109,-0.07630746,0.02053852,-0.045862973,-0.105928056,0.025398783,-0.1089525,0.35984698,0.06111871,-0.07807867,0.1826107,-0.026951622,0.08669462,0.060557734,0.30201846,0.011379732,0.1749084,0.16480312,0.11434738,0.02042655,-0.11573789,-0.008457771,-0.41764602,0.10908332,0.00664927,0.00828571,-0.07629873,0.02111285,0.12815425,0.016152697,-0.027005212,-0.06690407,-0.008564996,0.058993302,-0.012987181,-0.11922844,0.048104197,0.012812081,-0.07418964,0.041629516,0.0780557,-0.058450997,0.013546296,-0.017553635,0.08310641,0.06786185,0.02192419,0.16113457,0.09376139,0.0012357332,-0.039482247,0.10077786,-0.14509547,0.07215084,0.08040896,-0.013681648,-0.1413755,-0.017572591,0.021896606,0.03361691,-0.09054792,0.22478281,0.11561752,0.04983777,0.0008381982,0.016118893,-0.06013559,-0.06626316,0.08595864,0.06878671,0.07825544,-0.0715123,-0.07679986,0.146338,-0.1694629,0.06792361,-0.008283773,-0.04593403,-0.045909584,-0.0075586922,-0.018803606,0.05812298,-0.370114,0.021301992,-0.102519505,-0.036024753,0.06061521,-0.085057996,0.13327049,0.13373965,-0.0363881,-0.0008164918,0.053065397,0.038513772,-0.008751196,0.032155484,0.05069315,0.040560104,-0.102988295,-0.009032024,0.32154283,-0.15263955,-0.10679679,0.015334931,-0.15778852,-0.1406615,-0.047490463,0.1674468,-0.036199458,0.009054341,-0.078381374,-0.00665461,-0.083425954,-0.21058431,0.14629515,0.030763203,-0.03605006,0.033263266,0.05839241,-0.039375693,-0.016903475,-0.013001511,-0.09766793,0.11121743,-0.16714358,0.06652277,0.085084714,0.03317857,-0.071456335,0.17832072,-0.12318862,-0.080940634,0.117682055,0.10678303,-0.07125233
IRKYLEEDNLGEKLAAVVSIYVKRLNKRLDMR,-0.036692314,-0.120732166,0.17182447,0.18442562,0.06161553,-0.16481546,-0.039183304,-0.024753375,-0.040725805,-0.10025891,-0.0028251042,0.08912355,-0.21502867,0.12724057,0.025962528,-0.06449205,0.14945686,-0.07810955,0.14708486,0.10963607,-0.06592297,-0.07643892,0.015390512,-0.06699836,0.023368351,0.1620556,0.043349408,0.1398259,0.10777995,-0.119235195,-0.086908035,0.26559594,0.0953647,-0.016724559,0.028630115,-0.22987379,0.063480675,0.036016148,0.28796756,0.18690537,0.12134964,0.27322602,-0.1614656,-0.022998834,0.1105337,0.16342297,-0.9048735,0.19575775,-0.14291033,-0.107403405,0.010884096,0.010132408,0.17781633,0.037067886,-0.07955261,-0.07938739,0.248407,-0.084334135,0.1789843,-0.11541398,0.08343461,-0.1334299,-5.1685414,-0.1395465,0.121308774,0.07965681,0.038912732,0.04892783,-0.15808022,0.023937203,-0.14207833,-0.004969839,0.03602527,0.26982504,-0.047636595,0.097995505,-0.019240873,0.013764899,-0.15614274,0.23390834,0.047658153,0.08694458,-0.054667972,-0.09452491,0.12615918,-0.09438494,0.010118388,-0.13073933,0.17177017,0.042642746,-0.02750866,-0.1332214,0.24360406,0.15931194,-0.0043248655,0.108033955,-0.04029528,0.03401615,0.06027622,-0.21629938,0.15483844,0.05380822,-0.048517928,0.110009804,0.0916735,0.22174032,-0.017281283,0.015072427,-0.064705886,-0.05201715,0.03941109,0.0072581978,0.06952543,-0.01158731,0.025347255,0.05034643,-0.048651878,-0.0055457056,-0.026210222,-0.012981393,-0.020671252,0.020178434,0.13784131,-0.19070657,0.18175018,-0.029272147,0.008838469,-0.119979665,0.010458897,0.08192031,-0.026241122,-0.0388787,0.03775774,0.10816016,0.035566464,-0.22430545,0.017265566,-0.10569474,-0.19057451,-0.24104284,0.035973236,-0.08205434,-0.20893538,0.0533804,0.00042121988,-0.0031426672,0.034615234,-0.012637787,-0.07276952,0.21005689,0.19551282,-0.09023753,-0.09366339,-0.11760377,-0.24800631,-0.12261082,0.062034894,0.1253806,-0.13665593,0.0827256,0.13007955,-0.025562672,0.011945103,0.14229468,-0.017272942,-0.10121008,-0.016647253,-0.05425875,0.08490274,0.06702466,-0.022463294,0.058143247,0.058149885,-0.12016791,0.048013784,0.14419058,0.12230916,-0.009495485,-0.18822667,-0.21093631,0.13128804,-0.16023083,0.14177154,0.07289581,-0.09901112,0.08888672,-0.12966128,0.0089867795,0.0017979619,-0.14101213,0.014742182,-0.06861525,0.32720107,0.059957854,-0.08001024,0.13179944,-0.059333716,0.113146,0.095620915,0.28554076,-0.019324027,0.21006657,0.14870141,0.14335172,0.06927199,-0.07251507,-0.08506849,-0.40945017,0.17335573,0.005530148,0.010158604,-0.02037292,0.01755915,0.11399081,-0.023640428,0.0104252575,-0.043782406,-0.06017701,0.10745516,0.039088614,-0.13335593,0.07739728,0.03265728,-0.0070061437,0.06836476,0.015585609,-0.11997906,-0.03739812,-0.02746579,0.09943399,0.074994646,0.04226206,0.16870688,-0.020636916,-0.0054552057,-0.025435368,0.023710141,-0.122729905,0.07344526,0.09792045,0.029964637,-0.12299407,-0.035320375,-0.014442653,-0.0077411304,-0.07464426,0.26341322,0.077036686,0.014235244,-0.002447183,-0.007437229,-0.09885753,-0.072082184,0.06829607,-0.042243447,0.051889073,-0.06197207,-0.024639778,0.1269546,-0.14096627,0.03460555,-0.006914704,-0.12607454,-0.03402573,0.009816766,-0.043279406,0.07072421,-0.37818497,0.032432817,-0.11476652,-0.05377,0.067392625,-0.10807344,0.15449142,0.17217955,-0.034133315,-0.006574173,0.04569097,0.08796088,-0.056189623,0.060731243,0.04814282,0.0884308,-0.085499585,0.0024442202,0.29487234,-0.16288535,-0.05997852,0.009774718,-0.111632615,-0.15146594,-0.056465738,0.19060117,-0.017432466,0.022148794,-0.04639403,-0.028846726,-0.06755379,-0.24062131,0.10892371,0.06463784,-0.08379406,0.01554178,0.064786844,-0.038877316,-0.013545231,-0.0013007293,-0.07804899,0.09056402,-0.12924206,0.015404663,0.12880252,0.0027546426,0.008259862,0.16082032,-0.07866192,-0.120294414,0.14873603,0.08299357,-0.03801108
CKGKGAKCSRLMYDCCTGSCRSGKC,-0.008983694,0.09707218,-0.010848627,0.228764,0.0043105804,-0.049808316,-0.3384834,-0.29418552,-0.19189979,-0.07518839,0.19842108,0.43036973,-0.15548956,-0.061011586,0.11017801,0.011914153,0.2954981,0.10094113,0.12766446,0.168157,-0.1357012,-0.04064475,-0.059302717,-0.15687625,0.07493444,0.2969321,-0.045370467,-0.0835631,-0.1170721,0.039705712,-0.4156473,-0.117122,0.30128828,-0.29700315,0.07228219,-0.111117825,-0.24068744,-0.1057459,0.28386378,0.24323234,0.01414783,0.14141606,-0.1080841,-0.0148418145,0.09725023,0.07597065,-0.9491891,0.14357771,-0.30628574,0.112072505,0.0646902,-0.06261233,-0.054292724,-0.25352854,-0.009885293,-0.22863415,0.09165031,0.19840926,0.14104292,-0.06382297,0.011956611,0.064318284,-4.946607,-0.26519945,-0.038276523,-0.031669572,-0.11011089,0.44990572,0.04296507,-0.030852553,-0.20437787,0.08514996,-0.0146803,-0.45262492,0.21436536,-0.42519888,0.027463265,-0.16554987,-0.31438947,0.1767453,0.18930258,0.029623542,0.14980228,0.013425344,-0.2001509,-0.057711925,0.13882044,0.19100979,-0.16698268,0.46571258,0.13222784,-0.22634313,0.08870212,0.17493363,0.09441849,-0.02518487,-0.07390912,0.08491469,-0.106584996,-0.17519258,0.2575207,-0.14702289,-0.05352743,0.012756307,-0.057683777,0.4371202,-0.1564804,0.20244206,-0.113768995,-0.3351215,0.19083185,0.011100588,0.19972384,0.16507033,0.09511765,-0.13200653,0.54093313,-0.0517834,-0.07606586,0.14396569,-0.038115494,0.012589872,0.14987737,0.15674046,-0.05136661,0.10075121,-0.029658759,0.07386979,0.06565474,0.21892269,-0.20141284,-0.36809745,-0.20619221,-0.028263211,-0.0965816,0.12125114,-0.044462938,-0.03302937,-0.12443542,-0.054793045,0.3415634,-0.16017383,-0.10255667,0.18822692,0.091429815,-0.3914994,0.06082864,-0.2896007,-0.16490833,0.0070278645,0.07098538,0.11639246,0.2793795,-0.15443754,-0.05236953,0.003923574,0.003631875,0.2543102,-0.2557225,0.335374,0.0014148355,-0.098670274,-0.10290447,0.338249,-0.22680776,0.1550931,0.092599146,0.08173312,0.07266713,-0.060310364,0.16934587,0.10242997,0.2574086,-0.14630957,-0.11827036,0.01538253,0.22109902,-0.22160494,-0.051533632,-0.26949745,0.045745295,-0.3382675,-0.00784814,0.286202,0.020018792,0.038919967,-0.072683476,0.21241789,0.010939902,-0.22284801,-0.017783618,0.14546995,0.012724819,0.25111976,-0.03736835,0.26067027,-0.4856935,0.55857086,0.22784321,-0.13649274,-0.11424803,0.44409922,0.009878772,0.26304075,0.059381142,-0.07512147,0.057231385,-0.030983213,-0.027878556,0.44962066,0.13063918,-0.040085837,-0.02192871,0.10579411,-0.044230584,0.046584398,-0.21226308,0.045964863,0.22446454,-0.18130796,-0.020879708,-0.099420615,0.09954162,0.06577351,0.12254756,-0.27937877,-0.46382508,0.10500615,-0.05751307,0.04757399,0.021693768,-0.11870122,-0.043032795,-0.1027361,0.26347908,0.014986298,-0.11286155,-0.05697157,0.25255275,0.23161529,0.07555374,-0.12507455,0.3744566,-0.10785695,-0.1584551,-0.04931205,-0.0809791,0.2407107,0.015403529,0.104214065,-0.14708853,0.08790061,0.31182387,-0.06631672,-0.46300924,0.05546158,-0.18264602,-0.24032374,0.23447673,0.012904561,0.019448232,-0.068865955,-0.07633139,0.11031551,-0.046323273,0.023793312,-0.05932884,0.03413675,0.40077507,0.051353756,0.0955781,0.28722227,-0.1298015,0.14152135,-0.21031705,-0.19328894,-0.01799696,0.15310505,0.087781124,0.063262925,0.09534171,0.13267428,0.26773122,0.044992015,-0.097207814,0.5131134,-0.113546796,0.053582575,-0.22367805,-0.29400408,0.15015629,-0.2405652,-0.0106193,0.25775304,-0.061146516,-0.0037172867,-0.19019096,-0.30277628,-0.20499565,0.47324944,0.053056274,-0.0008159713,-0.034187093,0.45434478,-0.21538989,-0.48282057,0.0667697,-0.1902408,-0.20215556,-0.018645111,0.18594086,0.08089825,0.035890598,-0.042708237,-0.16522273,-0.21857949,-0.121802315,-0.13696338,0.13270701,0.024840523
KKLRLKIAFK,-0.055244952,-0.25796172,0.30815515,0.40531445,-0.036757056,-0.22074234,-0.25666097,-0.05620621,-0.13732141,-0.19298905,-0.0826009,0.23648994,-0.1104115,0.051390123,-0.24563146,0.13626665,0.23873258,-0.08093917,0.16985732,-0.13526075,-0.3712493,0.0007367811,-0.0039518513,0.04819998,0.054606546,0.5081493,-0.008445417,0.23815168,0.18342394,-0.12282115,0.07343267,0.070381425,0.100245334,-0.23761316,0.1488688,-0.44810963,0.08787023,-0.2137221,0.39262167,0.17482768,-0.03175029,0.27512404,-0.05391239,-0.08111606,-0.0860359,0.12821503,-1.0261718,0.27688947,-0.126025,-0.1749363,0.14685643,-0.054283563,0.24413754,-0.037522912,-0.14717339,-0.107515074,0.118889414,-0.031741235,0.12569827,-0.2115276,0.016337475,-0.110761166,-4.92758,0.024752362,0.06932955,0.099563666,-0.12345781,0.06031386,-0.20753713,0.17382872,0.0147366645,-0.0346572,-0.2090823,0.1737868,0.14972825,-0.026968563,-0.08125422,-0.16176768,0.021778291,0.41738674,0.06600953,0.09316968,0.08617274,0.05118076,-0.052809644,-0.34380242,0.014237133,0.0010804968,0.17450643,0.20235322,0.043376297,0.058852136,0.051893447,0.018225418,-0.198628,0.0641658,-0.23813446,0.2637435,-0.14545898,-0.19222128,-0.063355304,-0.06546321,-0.21541236,-0.06713256,0.13812797,0.41730666,0.035738472,0.11251688,0.2060089,-0.21042578,0.07360813,0.23140925,0.1246165,0.061676905,0.29031947,0.1282145,-0.034415618,-0.05108272,-0.15421407,0.021529818,-0.101573505,-0.0858184,-0.25826776,-0.1659084,0.0458936,-0.017794367,-0.045936715,-0.06665424,0.124234,0.04180112,-0.02944737,0.011407218,0.18751657,0.18376078,-0.08224586,0.08289471,0.04408015,-0.19031894,-0.043891847,-0.13566922,0.37655059,-0.163533,-0.34803012,-0.037782732,0.0745694,0.026329443,-0.007854424,-0.26397535,-0.12352001,0.08819827,-0.22689205,-6.3137464e-05,0.03076069,-0.22171293,0.10118637,-0.13182364,0.015769772,0.15734647,-0.015750596,0.20280981,0.17708163,-0.13739657,-0.10136795,0.10294193,0.047327366,0.05583111,-0.15517022,-0.057412248,0.11274934,0.048514035,0.083501585,0.26381388,0.10965219,-0.18571967,0.018441593,0.13660233,0.21184713,-0.11855781,-0.24038197,-0.29621014,-0.037030715,-0.43893504,-0.0019537297,-0.029998159,0.03390681,0.0103208115,-0.41351065,0.197127,-0.23225117,-0.086624466,-0.2368877,0.057712693,0.4916129,0.2656175,0.12547694,0.0037710879,0.025715346,0.08035824,-0.05687717,0.5875065,-0.10597182,0.031106157,0.15248577,0.2199411,0.05933872,-0.25393885,-0.0029236386,-0.63449025,0.0058904714,0.17869996,0.015570474,4.2880576e-05,0.111625366,0.2666371,-0.06454549,-0.06285665,-0.031700242,0.041531075,0.009084816,-0.095119834,-0.39245227,-0.11327476,0.26563412,0.03662627,0.22283524,-0.21305604,0.08853829,0.20751117,-0.050062675,0.15358822,0.0067459196,-0.09671217,0.27448717,0.2025886,0.18565519,0.22135033,0.3237318,-0.44718078,0.12690647,0.0020297405,-0.08292148,-0.1924989,-0.09180215,0.1433265,-0.17604005,-0.193374,0.29911414,0.29302934,0.2944156,0.14089282,-0.22561593,0.13173759,-0.14793013,-0.09518084,-0.28347,-0.12190524,-0.058018178,-0.22521037,0.42030188,-0.47763014,-0.060726028,-0.11546292,-0.025659591,0.054129947,0.05073924,-0.15565695,0.0060697026,-0.04659386,0.29533598,-0.078088306,0.07910116,0.1965159,0.2153449,0.1718043,0.031127637,-0.15323426,0.057233542,0.32662067,0.21923344,0.3856038,-0.00759217,-0.1484117,-0.10346023,-0.09030359,-0.091759615,0.1974129,-0.22222932,0.13869345,-0.060785737,-0.36199376,-0.1364386,-0.22534688,0.4385991,0.12804204,-0.08157579,-0.29375342,0.09065563,-0.13185625,-0.43942508,0.26731312,0.006243604,-0.09711621,-0.29034346,0.39327595,0.025908656,-0.0305053,-0.17362975,-0.07493655,-0.19118488,0.17205958,0.17348047,0.061433453,0.15877554,0.11883696,-0.006477701,0.20689535,0.12389497,0.16480644,0.17658092,0.1317513
GLRKWLRKFKKFW,-0.20027754,-0.23251754,0.24493517,0.523454,-0.05229168,-0.34654954,-0.18937923,-0.071576014,-0.0537655,-0.17303655,0.09706896,0.1527447,-0.042060077,0.10183004,0.029665446,0.06069435,0.2206934,-0.0068222196,-0.09286421,-0.051801864,-0.2730953,0.095118895,-0.24688604,-0.06492708,0.0069383173,0.50946885,-0.045934632,0.24386296,0.2920107,-0.018049475,-0.13906422,-0.052053418,0.25441965,-0.19868115,0.18593435,-0.23927262,-0.21063535,-0.20448081,0.25695708,0.2138264,-0.02025173,0.22524443,-0.22650371,-0.049313545,-0.06366461,-0.007290409,-0.6801404,0.32555068,-0.18668173,-0.119762726,-0.0077911103,-0.103414334,0.15156715,0.12962766,0.051403567,-0.030180812,0.24975821,-0.029889882,0.13911273,-0.19019438,0.02279106,0.091960035,-4.9031053,0.054773383,0.07489477,0.13922358,0.0053746556,0.29358947,-0.23003729,0.16569866,0.15667158,-0.019055588,-0.21313658,0.11248326,0.022074735,-0.13937329,0.07319431,-0.10594333,-0.054414574,0.34512186,0.11963411,0.066307515,0.09223228,0.043128647,0.033881582,-0.03449389,0.018248599,0.062625445,0.006743531,0.24227689,0.22974202,0.13770582,0.03565745,0.022009045,-0.18343897,-0.08181714,-0.17192677,0.20245539,-0.11121445,-0.055346396,0.16795063,-0.022613274,-0.29734752,-0.024240362,0.020072455,0.43929598,0.04588921,0.086461015,0.09615557,-0.28186074,0.1633216,0.2581536,0.20979187,0.0152704595,0.19520529,0.091337,0.038982343,-0.16097686,-0.020368878,0.071165286,-0.24104626,0.0006158968,-0.19252189,-0.04374261,0.05077983,0.21562906,-0.088317916,-0.05552383,0.21290725,-0.041634485,0.12650758,-0.011445208,0.119818114,0.20130697,-0.10906716,-0.018187441,0.0981799,-0.18232241,-0.25398666,-0.1256528,0.23887803,-0.34377337,-0.261918,0.0029530565,0.24973346,0.11077539,0.0771735,-0.3844139,-0.079082,0.15813456,-0.3102767,0.21286935,0.0069853445,-0.19719405,0.13211697,0.048326857,-0.1228181,0.30017787,-0.11659153,0.10495302,0.22806777,-0.07669154,-0.26177734,0.15119036,0.033086646,-0.13799939,-0.0037537713,0.07613738,-0.045714848,0.035678826,0.11075254,0.3550554,0.47331,-0.29614848,0.14821477,0.26283655,-0.058938194,-0.17724608,-0.07174076,-0.34803757,0.24774729,-0.35662755,0.031603884,0.09569575,-0.06800547,0.167314,-0.41000363,0.14337064,-0.20430337,-0.16988665,-0.31732255,0.06076624,-0.05334208,0.31202295,-0.07278144,-0.08007843,-0.117073275,0.122790836,-0.062113803,0.68211013,-0.1881544,0.081007786,0.126292,0.18560986,0.023492606,-0.26201043,0.0036434436,-0.41337103,0.109931074,0.16430147,0.05687412,-0.0020013633,0.19733702,0.15623541,-0.021120489,-0.1184694,0.04357167,-0.083353095,0.11970831,-0.336455,-0.29693356,0.043928187,-0.011109324,-0.098802716,0.22583522,-0.07118092,-0.14916423,0.16437629,0.022355426,0.13793777,-0.043454345,-0.018233776,0.25307333,0.2319119,0.107227325,0.022392858,0.30439606,-0.33303037,0.054653276,0.15060045,-0.01827877,-0.1898543,0.07407912,0.054898694,-0.19302791,-0.11070066,0.293899,0.24959025,0.20462272,0.085300736,-0.3113428,-0.108339004,-0.22258312,-0.28358963,-0.2647408,-0.13287395,0.06948348,-0.19260263,0.33222923,-0.27178743,-0.028526658,-0.40522644,-0.06413442,0.0411551,0.048146486,0.050289728,0.015827727,-0.024153939,0.26268318,-0.15530251,0.16712184,0.22310826,-0.108906776,0.135889,0.016607316,-0.12679522,0.149895,0.06599155,0.40347517,0.117614865,-0.066301115,-0.1399421,-0.12808546,-0.265398,-0.03616855,0.1456688,-0.23452884,0.11046071,-0.060936954,-0.307113,-0.054826118,-0.18756811,0.33609793,0.12292745,0.06676815,-0.37282085,0.14628932,-0.41236728,-0.18912941,0.28817287,0.025868107,-0.19939618,-0.22219272,0.285258,0.113625854,-0.081115164,-0.03578813,-0.016550444,-0.08257179,0.015522742,0.06746752,0.014457406,-0.053784017,-0.013639569,0.008127416,0.15059356,0.19908659,0.024126073,0.08983005,0.072995424
KAWNLRGSAREKAIKNEKLYIFATSGKLAALKPK,-0.06834366,-0.19267544,0.15901665,0.2643088,0.06381592,-0.11821723,-0.13070415,-0.048919506,-0.07669146,-0.13161665,0.004686246,0.12747337,-0.08560329,0.12641548,0.024428764,-0.026848136,0.077203244,-0.053485606,0.08399766,0.09216332,-0.19729888,0.06312397,-0.021672226,0.018958705,0.028302832,0.28380805,0.07039091,0.17729469,0.052639082,-0.06601958,-0.11187,0.05193011,0.12586123,-0.01767873,0.111332655,-0.27079636,0.20292912,-0.14444092,0.4589858,0.16535425,-0.070696205,0.20266461,-0.07075087,-0.0872939,0.0041295406,0.12216762,-1.0449111,0.24665318,-0.1200121,-0.10817837,0.034870043,-0.05178949,0.21020693,-0.07479668,-0.07121102,-0.19231251,0.20342425,0.0552218,0.10650754,-0.102189556,0.045025036,-0.20583893,-5.198325,-0.05721988,0.12928197,0.07183709,-0.07217448,-0.08256854,-0.06399525,0.11818695,-0.07359809,-0.034098525,-0.1535585,0.22163689,-0.032047704,0.0991512,-0.025129778,0.07239486,0.014677486,0.21360728,0.07969567,0.06092547,-0.044304688,0.07267681,0.034169834,-0.313136,0.042792663,-0.0912024,0.19784681,0.23613463,-0.027171217,0.06886944,0.16776916,0.085307255,-0.0008626398,0.11956844,-0.11380368,0.27416313,-0.15052788,-0.11737096,0.12445259,-0.0008486195,-0.19505541,0.057947014,0.02376502,0.16090307,0.0053346124,0.076344386,0.055176284,-0.182733,0.075152785,0.19029301,0.08133581,-0.040865738,0.14406055,0.06804216,-0.13023546,0.014521024,-0.18502598,-0.07260296,0.055915322,-0.060676455,0.07488016,-0.057398558,0.07528831,0.090657756,-0.09807697,-0.048278265,0.011468083,0.113038026,-0.030548373,-0.007349405,0.046226,0.10540926,0.08422897,-0.0742245,-0.054605886,0.0052457303,-0.055036075,-0.15249555,0.19601451,-0.177844,-0.16598384,0.058571756,0.009876619,0.036519106,0.064820096,-0.1167139,-0.15077384,0.16003567,0.024309337,-0.028408984,-0.10945125,-0.18839414,-0.19357958,-0.08632237,0.040290598,0.1485319,-0.014079867,0.20101888,0.0456185,0.0054608337,-0.029670702,0.1772689,0.06613303,-0.07877812,-0.074625865,-0.13400091,0.047269955,-0.023057275,0.037700593,0.11497429,-0.039861057,-0.29409766,0.102282666,0.16458362,0.0733446,-0.030431204,-0.23135728,-0.1078572,0.22067699,-0.2755397,0.09676153,-0.060104292,-0.023011021,0.09136401,-0.2700299,0.19374202,0.011324857,-0.14839187,-0.016090767,-0.011084661,0.34086668,0.21323961,-0.075442165,0.104495145,-0.026766887,0.14507622,0.10011535,0.34389025,-0.10512618,0.16917436,0.19440204,0.22928064,0.034437444,-0.14880827,0.007086078,-0.3443764,-0.027258513,0.052141502,-0.043115657,-0.021073695,-0.00034379712,0.27888238,-0.023068428,0.050965432,-0.15334627,-0.12440744,0.060896687,0.040373623,-0.2636575,-0.15122147,0.20357963,0.06535551,0.22885865,-0.073170036,-0.097089194,0.036471758,0.017796058,0.06934583,0.042157926,-0.04660163,0.21984178,0.08252665,0.1043922,0.09152579,0.11490868,-0.12086221,0.09042022,0.024286913,-0.12343885,-0.23181213,0.012967568,0.06855275,0.00664615,-0.06512097,0.2987641,0.097235255,-0.008287497,-0.042830367,0.0736526,0.107957244,-0.13343649,0.0154626835,-0.08173563,0.056710575,-0.050717697,-0.07336165,0.2464414,-0.24721432,-0.02413367,0.010172491,-0.08000257,0.001405069,-0.03356797,-0.043633576,0.010912112,-0.18966146,0.23564158,-0.07157002,0.051992346,0.12723736,-0.029839184,0.21361102,-0.055893183,0.048667118,0.111322895,0.13266818,0.08674019,0.12662214,-0.11992334,-0.062872484,-0.017733064,-0.123961344,0.07709047,0.27103102,-0.13744302,-0.1546445,-0.11627417,-0.27465016,-0.11087482,-0.07355569,0.31665754,-0.008082517,0.055757973,-0.17844486,0.0050770477,-0.1354648,-0.31446445,0.10431096,-0.030092767,-0.06424223,-0.18853247,0.17628674,-0.04185405,-0.01927381,-0.09137993,-0.16101617,0.0027602308,-0.060730178,0.0048767678,0.11539379,0.08297719,-0.0067303944,0.042428326,-0.09285503,-0.12683116,0.2260206,0.12541033,0.021502586
FGVKWQVVALSVAVKLLYLYLPWRLGNLAALKIP,-0.056122396,-0.028334498,0.23307122,0.22540754,0.031085994,-0.16168989,-0.089348406,-0.06609971,-0.11792358,0.0006328904,0.0465082,-0.022010619,0.045081753,-0.004389321,0.17485705,-0.054823898,-0.074660525,0.08245292,0.042580713,0.0191311,-0.17943025,0.034087177,0.05205899,-0.014799078,-0.10157625,0.31630883,0.13002194,0.0527239,0.26451728,0.12519339,-0.15946364,-0.20580617,0.017977528,-0.013232011,0.1269157,-0.2475649,0.1718564,-0.03206159,0.23173244,0.16659597,-0.18338047,0.20794775,0.09845102,0.09612802,0.15424693,0.02067139,-0.7089894,0.22216365,-0.056121364,-0.12381693,0.0027687699,-0.0009514342,0.048709318,0.15931453,-0.11345115,-0.1630589,0.13839872,-0.02753503,-0.024446296,-0.10877199,0.019702122,-0.14742681,-5.2223506,-0.136979,0.072544366,-0.04737652,-0.054934006,0.117166534,-0.26786345,0.052648723,-0.13997526,0.046102244,-0.04626625,0.23287845,-0.11974653,0.023747658,-0.07859158,-0.05441468,0.044492986,0.16740419,0.077564836,0.0033321003,0.045508817,0.05701254,-0.10227009,-0.2172873,-0.08129323,-0.15226616,0.086923175,-0.03558011,-0.07220757,0.1373844,0.020115571,0.13048838,-0.031270884,0.18975581,-0.10911749,0.13984142,-0.036071718,-0.16062988,0.0059026945,0.06929505,-0.18633437,0.04223144,0.015830463,0.27445534,0.093577296,-0.07195816,0.09681679,-0.066512704,0.08000496,0.24678707,0.036585167,0.046947982,-0.06324747,0.07880673,-0.060969446,-0.07607815,-0.19790955,-0.051860858,0.013700824,-0.06451176,-0.03025049,0.043893464,0.097290374,0.060381047,-0.09488938,-0.011947249,-0.094919756,0.06580431,0.044018045,-0.020315878,0.25564763,0.11578924,0.1079596,-0.1437086,-0.08842246,-0.017464468,-0.04628139,-0.057984803,0.087561764,-0.26267603,-0.06274365,-0.18719763,-0.027700506,0.05696031,0.077907994,-0.024929725,-0.10887725,0.1362629,-0.105442785,0.03615405,-0.17820948,-0.28436074,0.22239119,-0.011030031,-0.063877806,0.006287962,-0.0134099815,0.116847925,-0.058674958,0.03885419,0.027202109,-0.049400557,-0.011303579,-0.19222982,-0.039490998,-0.047523167,0.1057892,0.12564953,0.14392199,0.2660084,0.014386156,-0.080272995,0.12102164,0.1611228,0.09874669,0.04311608,-0.10433292,0.052929856,0.11551973,-0.15468867,0.046682257,-0.022788385,0.009836944,0.13012753,-0.14088808,0.12829709,-0.037869576,-0.18965419,-0.118759364,0.11407414,0.2980223,0.17507735,-0.0633891,0.063429594,0.0029392987,0.10240863,0.08736023,0.31604457,-0.093657136,0.23814665,0.3344904,0.12480281,0.10962291,0.03187952,-0.14680845,0.1246366,-0.021344487,0.17462201,-0.03438261,-0.0067862826,0.039313238,0.17802167,-0.08553463,0.021510907,-0.061873462,-0.06563374,0.09542145,-0.18216063,-0.2127837,0.02634565,0.16519806,0.023715029,0.30254245,0.039482385,-0.16593875,-0.077709,0.068172835,0.08057144,0.054466587,0.02545074,0.26429757,-0.10069846,0.055793848,0.033768322,0.056863945,-0.058523443,0.12473289,-0.0032565247,-0.12144622,-0.19359024,-0.068125926,-0.015325672,-0.13795826,-0.11216484,0.24929428,0.09556338,0.13884059,-0.01988985,-0.0035996048,-0.01673451,0.013461683,-0.043077357,-0.084830575,0.18137367,0.024492167,0.033741444,0.060895324,-0.08947251,-0.008423038,-0.101074696,-0.016428627,-0.04759456,0.024021447,-0.057624433,-0.019885229,-0.2767567,0.1279077,-0.018758167,-0.041497417,0.17761405,-0.052113518,0.25396907,0.1062648,0.09126446,-0.022543995,-0.007145971,0.10021314,-0.0110503435,-0.034163766,-0.13559577,0.064588085,-0.043059234,0.24384573,0.32315356,-0.24912667,-0.07617527,0.048426073,-0.10719092,-0.12448801,-0.06815723,0.43549865,-0.051938232,0.053846426,-0.17368118,-0.0937701,-0.13580121,-0.25657803,0.060309146,0.08321191,-0.21679063,-0.19295418,0.13596357,0.0492544,-0.15441288,-0.06975856,-0.18441027,-0.16501245,-0.08121845,-0.15066293,0.17211896,0.04697954,-0.042042535,0.089028776,-0.18297349,-0.08982498,0.12947422,0.013669058,0.086585425
FGVKWQVVALSVAVKLLYLYLPWRLGVNAALKIP,-0.067812294,0.01032722,0.24766329,0.22662622,0.0240976,-0.13438246,-0.10988343,-0.092626125,-0.13231419,0.025560908,0.05027203,-0.017620683,0.0759936,-0.006275586,0.15835541,-0.056992676,-0.096879914,0.10139158,0.022154354,0.00809569,-0.15613127,0.042648707,0.038538918,-0.035716336,-0.107994825,0.31685936,0.13977699,0.07375258,0.23843414,0.14819367,-0.17765544,-0.23117937,0.013813034,-0.0056198016,0.109772,-0.27077115,0.17533699,-0.010350592,0.23064402,0.17052457,-0.16977662,0.19879578,0.07025647,0.089921564,0.15792975,0.028519025,-0.71801597,0.21146923,-0.06992201,-0.1229904,0.024782779,-0.01240695,0.049038973,0.13555534,-0.09629843,-0.151476,0.13948748,-0.032143407,-0.0026256542,-0.094635606,0.009754105,-0.17657265,-5.206066,-0.16870831,0.057105735,-0.036030013,-0.07837027,0.14693429,-0.2221944,0.030607786,-0.102886565,0.06145182,-0.027682485,0.2149939,-0.12181893,-0.0031110256,-0.060765922,-0.053506702,0.037857186,0.17419419,0.078014135,0.0007300493,0.04562215,0.030574374,-0.09660324,-0.19516656,-0.08247239,-0.18938896,0.1063224,-0.03898187,-0.09503175,0.12802416,0.0074969414,0.14489082,0.007079015,0.16125554,-0.09535076,0.12413177,-0.050527558,-0.15464306,0.03121502,0.07690327,-0.20372799,0.05592302,-0.016359057,0.26783508,0.067027934,-0.07431693,0.09388484,-0.067580745,0.09868775,0.24033302,0.064561814,0.06890154,-0.059089635,0.09542199,-0.033796992,-0.051641356,-0.18873498,-0.030721346,-0.006812988,-0.036172006,-0.05004446,0.05338511,0.110840045,0.03875582,-0.081230946,0.013467186,-0.08396903,0.0722965,0.02021735,-0.008908908,0.20921212,0.106777415,0.10458133,-0.14900576,-0.10167865,0.022729883,-0.0634303,-0.08170318,0.04899292,-0.23505409,-0.07167379,-0.19341618,-0.025168635,0.025979364,0.08915034,-0.017216185,-0.10693815,0.13278127,-0.08619959,0.041310575,-0.1774269,-0.23741812,0.20732003,0.022928607,-0.061248746,0.004019024,-0.036337674,0.123021215,-0.08781354,0.034873024,-0.010736515,-0.03999073,-0.0005192343,-0.18554273,0.009407704,-0.045171794,0.114281945,0.10502413,0.13908678,0.2732426,0.03570868,-0.06597971,0.13089842,0.13258237,0.068950675,0.05059227,-0.13282736,0.06302717,0.13830836,-0.14257269,0.02883821,0.020205108,0.005866684,0.14616549,-0.12798546,0.13289268,-0.033650693,-0.20549089,-0.1319172,0.14440653,0.25993106,0.15838058,-0.06880626,0.08516704,-0.029414752,0.09057,0.09522837,0.32106012,-0.10796727,0.24156912,0.34764642,0.14858201,0.09854778,0.0633483,-0.1498213,0.1495112,-0.044920523,0.16793011,-0.040727064,-0.020717148,0.081361055,0.16719608,-0.08027503,0.022221483,-0.064985044,-0.06408155,0.111867,-0.1708452,-0.20067781,0.031536177,0.19066428,0.053798184,0.2951952,0.07234685,-0.18533762,-0.056793086,0.071403295,0.09859844,0.06624009,0.025880724,0.24091297,-0.116120204,0.07504564,0.012337348,0.07468753,-0.055335674,0.11747783,0.006698529,-0.1135793,-0.20101312,-0.06983127,-0.03655134,-0.12655574,-0.12206074,0.250325,0.11193599,0.1297282,-0.05228974,-0.0071073007,-0.008145209,0.029418088,-0.021749105,-0.09039847,0.1663791,0.0061037326,0.06701217,0.041512027,-0.0741445,-0.02574578,-0.119477406,-0.008631573,-0.07160099,0.039878953,-0.044471733,-0.03214559,-0.26708114,0.14652008,-0.02711559,-0.036236517,0.1584945,-0.06395224,0.2388573,0.10894722,0.09294983,-0.022228885,0.013093121,0.09380357,-0.030613832,-0.019338017,-0.1583479,0.09824935,-0.06179726,0.23840006,0.31664452,-0.27454025,-0.076961935,-0.008656612,-0.1081856,-0.140864,-0.047442343,0.42101976,-0.020439442,0.044505455,-0.17742261,-0.114187494,-0.15906627,-0.23695543,0.058108874,0.06981775,-0.22895008,-0.18235952,0.13125867,0.060118105,-0.19334294,-0.072894126,-0.188893,-0.15795487,-0.08509205,-0.17084329,0.18167867,0.02263226,-0.047330566,0.06970578,-0.18221849,-0.084844075,0.122595415,0.017906586,0.11671177
FGVKWQVVALSVAVKLLYLYLPARLGKLAALKPP,-0.1463802,0.014425604,0.21142203,0.2275433,0.09409339,-0.07345797,-0.075021476,-0.077113405,-0.12543641,-0.014257077,0.05533581,-0.060385067,0.09351685,-0.008202239,0.18536481,-0.09287544,-0.12018768,0.1250096,0.018097969,0.09310963,-0.22344524,0.05661795,0.024172869,-0.0111237,-0.08414792,0.3251405,0.14268214,0.0881532,0.16309178,0.106276646,-0.1741862,-0.3149141,-0.0031779085,-0.014578018,0.13532713,-0.20698176,0.18998486,-0.030845191,0.24370605,0.14282304,-0.15826276,0.2145153,0.08678431,0.049814526,0.20900439,0.012343777,-0.59353137,0.19119981,-0.010711973,-0.12886344,-0.0032599303,-0.052301716,0.033234224,0.14522856,-0.08904481,-0.14278539,0.10720711,-0.05653045,0.02298761,-0.10695049,0.0061082086,-0.19192997,-5.166264,-0.15410198,0.09172715,-0.010672205,-0.08892891,0.059972864,-0.1912665,0.0003251303,-0.08271634,0.056226876,-0.06011727,0.24061126,-0.17692964,-0.021009156,-0.12374563,-0.04524371,0.08011079,0.18391387,0.019879488,-0.013515148,0.08094236,0.052502006,-0.08912429,-0.21325815,-0.13477565,-0.19007571,0.03243708,0.019892255,-0.09338312,0.17538637,0.01135401,0.08735422,0.0091727115,0.2009702,-0.098699175,0.104671724,-0.06343818,-0.111764945,0.058147773,0.052612636,-0.2285756,0.017328413,7.099575e-05,0.30515704,0.07894814,-0.06823793,0.06164544,-0.012309922,0.14130323,0.17100926,0.036734328,0.06258075,-0.072054006,0.043665484,-0.082811005,-0.013308108,-0.18036391,-0.08145677,0.07476863,-0.06658748,-0.0107211685,0.058982983,0.08347583,0.092564724,-0.07071432,-0.021477714,-0.041089635,0.09401031,0.011149933,0.012823122,0.13854548,0.088697806,0.076551095,-0.17736155,-0.10220283,-0.09997904,-0.044668563,-0.03902237,0.06000628,-0.2252791,-0.06474279,-0.13472313,-0.027139027,0.03937381,0.0873906,-0.019257028,-0.10161087,0.16001335,-0.056828514,0.0245249,-0.20383875,-0.2360399,0.18903357,-5.0594408e-05,-0.027048685,0.02523254,-0.037770346,0.13981916,-0.040756952,0.07856689,0.006799499,-0.036014855,0.037745543,-0.204958,0.06868328,-0.09003064,0.13251281,0.14262566,0.21226165,0.29614314,0.02092325,-0.12784915,0.15275499,0.09880055,0.06461149,0.05724494,-0.11707588,0.103087194,0.18560982,-0.13709866,0.06789004,-0.008915324,-0.015830508,0.113507666,-0.08672244,0.11643982,-0.020614084,-0.20336434,-0.17309506,0.06545297,0.33190838,0.14984837,-0.14441055,0.13586877,-0.043357134,0.1526355,0.108369485,0.28496194,-0.1129998,0.20708926,0.31928274,0.11531884,0.08032794,0.03918689,-0.17384797,0.19494762,-0.06606568,0.14381935,-0.06362709,-0.037927024,0.08279717,0.14337501,-0.10557866,-0.012005465,-0.0798099,-0.08405194,0.13219106,-0.13666554,-0.19310892,-0.030561013,0.13146119,0.06187968,0.3577923,0.05082393,-0.16525751,-0.10819541,0.046073627,0.10490914,0.039604668,0.046500452,0.28355077,-0.05497763,0.052161053,0.008964506,0.020098316,-0.059086833,0.13080093,-0.008362066,-0.08682868,-0.1780086,-0.0660725,0.00753257,-0.0906041,-0.12792309,0.20093662,0.06792549,0.13790679,-0.072675794,0.019203953,-0.031531043,0.016870707,-0.033313684,-0.047558308,0.18219781,0.09012833,0.04500841,0.019630099,-0.06028039,0.00795746,-0.06852577,-0.005834053,-0.049815275,0.0081649255,-0.09573928,-0.035153165,-0.22136945,0.11141019,-0.021581871,-0.040365297,0.14553553,-0.06320763,0.29824856,0.14185321,0.13503222,0.007939335,0.019199587,0.0570009,-0.048895247,-0.04519736,-0.12870009,0.043808207,-0.09325815,0.21040398,0.31263682,-0.26822937,-0.12920941,0.02022665,-0.12339381,-0.10685083,-0.06820847,0.4447618,-0.057195406,-0.0044585858,-0.15804452,-0.13210005,-0.09992218,-0.23775417,0.07593832,0.059607454,-0.16993818,-0.15352087,0.13914847,0.049349755,-0.17480251,-0.07778294,-0.2914007,-0.11546396,-0.11379925,-0.17034186,0.20003515,0.03952698,-0.0179621,0.0399323,-0.21139896,-0.06284526,0.19168621,0.0011618254,0.059200235
FGVKWQVVALSVAVKLLYLYLPADLGKLAALKPP,-0.06313207,0.011886723,0.22786246,0.1726515,0.045990918,-0.0773716,-0.07441189,-0.0965362,-0.11198608,0.0074555106,0.026238436,-0.051163577,0.09159121,-0.019592926,0.20333342,-0.06202886,-0.13233155,0.0865077,0.016891513,0.07964349,-0.22965595,0.04661937,0.011158622,-0.045356855,-0.091085285,0.2964268,0.13044372,0.05997398,0.18793936,0.123805456,-0.18296069,-0.26308733,-0.028381675,0.06921831,0.12728712,-0.2137514,0.12182268,-0.053007945,0.22928108,0.16615142,-0.18808614,0.22574496,0.049870994,0.09260538,0.23812202,0.07180747,-0.6551418,0.22496288,-0.038843647,-0.10968858,-0.0004948268,-0.020123428,0.06727163,0.1455133,-0.108658366,-0.12921242,0.10699925,-0.09154716,0.073283285,-0.07928299,-0.022939285,-0.131417,-5.213456,-0.11462673,0.06041364,-0.033385403,-0.054814283,0.09984145,-0.23468123,0.046584964,-0.05656227,0.0606938,-0.060765512,0.21957768,-0.07202593,-0.013621369,-0.066960774,-0.06674023,0.08701946,0.17840645,-0.028424105,-0.061066225,0.042355437,0.030677952,-0.0827637,-0.21198384,-0.09793682,-0.15408672,0.0663096,0.03815393,-0.08154255,0.14874178,0.028374437,0.08970539,-0.03617218,0.22351098,-0.10134346,0.10364369,-0.037003044,-0.099238604,0.067276835,0.040838078,-0.22878973,0.03520362,-0.019910945,0.27053866,0.09304119,-0.092185415,0.0629327,-0.074819766,0.12857817,0.22176617,0.028707322,0.08977732,-0.022795366,0.044553354,-0.076626256,-0.0037339968,-0.18282431,-0.05842948,0.07620539,-0.062230784,-0.025472488,0.051401712,0.07515861,0.10958454,-0.08627495,0.048850656,-0.06432217,0.115165986,0.0024529845,-0.047747977,0.16387415,0.06416098,0.13990216,-0.12502633,-0.11864482,-0.05018854,-0.028431548,-0.09184644,0.060131032,-0.26171333,-0.03485391,-0.15061429,-0.020966057,0.0034014797,0.11479545,0.0043967366,-0.14583686,0.15959509,-0.056826074,-0.010979459,-0.1569621,-0.20919195,0.21142477,-0.01588688,-0.036432024,0.048333455,-0.009995709,0.15036665,-0.05827721,0.06055373,0.028374413,-0.048414666,0.045630466,-0.17627363,0.08353534,-0.09033847,0.147497,0.14440897,0.16112922,0.29639453,0.019557681,-0.099238835,0.13073593,0.112430416,0.07851461,0.08142997,-0.071475774,0.106359005,0.20207693,-0.19601284,0.06191786,-0.008210071,-0.03478618,0.10974085,-0.06986653,0.15411395,0.002630069,-0.2545251,-0.15444267,0.09300223,0.27104682,0.14933422,-0.1373669,0.14418279,-0.04785833,0.16290079,0.080260724,0.25461498,-0.16602845,0.23278292,0.28831255,0.14027959,0.09268707,0.043208793,-0.14923893,0.21763986,-0.12267106,0.16879202,-0.077603735,-0.0627938,0.084053606,0.18346187,-0.08219103,-0.012470994,-0.06119518,-0.071575746,0.13274558,-0.16083372,-0.16881727,-0.03998191,0.11574692,0.024509326,0.3321,0.061684303,-0.11804014,-0.08931919,0.052200273,0.0725646,0.047871783,0.0387653,0.2507336,-0.11091332,0.10207748,-0.021023244,0.060662255,-0.034789346,0.11189368,-0.02723074,-0.112566166,-0.16020074,-0.058911342,-0.010370501,-0.08971144,-0.118056536,0.16329707,0.09563044,0.10421154,-0.04842892,0.016884295,-0.008680526,0.0060671302,-0.04556067,-0.06746032,0.17442825,0.035175048,0.036919083,0.089503706,-0.057575922,-0.034963045,-0.14571519,0.04077671,-0.06498705,0.02594873,-0.093263514,-0.06781739,-0.2647222,0.13974278,-0.035816822,-0.012746219,0.17136125,-0.0766215,0.28776038,0.10737325,0.13069247,-0.024626886,-0.014959831,0.036586083,-0.056191094,-0.018371435,-0.16510601,0.05007802,-0.086982705,0.21677157,0.26680386,-0.2735053,-0.06878906,-0.021651324,-0.10093773,-0.118876666,-0.03845471,0.42803594,-0.052048545,0.0071777785,-0.15890884,-0.104815155,-0.10747692,-0.20174663,0.09832328,0.014483531,-0.17171063,-0.1856183,0.15274386,0.047358472,-0.18766758,-0.039244484,-0.29259527,-0.14170927,-0.045529895,-0.16374703,0.20030263,0.041552898,-0.04156305,0.036749404,-0.25530368,-0.07789999,0.21264999,-0.031267915,0.06509158
FDVKWQVVALSWALKTSYLYLPARLGKLKAPKPP,-0.1114872,-0.07590556,0.13271376,0.28266513,0.08920478,-0.10955022,-0.09572036,-0.091799706,-0.12962021,-0.074965246,0.0009652525,0.063184544,0.020945467,0.02193898,0.025286444,-0.045132935,0.01458859,0.052351594,0.07164219,-0.02215629,-0.24171856,0.058210783,-0.04217492,0.057610195,-0.029366817,0.3415098,0.09011447,0.057039697,0.1435436,0.060005262,-0.086949825,-0.21994464,0.025909664,-0.09824753,0.21227321,-0.24166502,0.18577208,-0.13889831,0.3039211,0.09057835,-0.21798176,0.186317,0.09476179,0.004327771,0.069216475,-0.007913094,-0.9188544,0.2568644,-0.04381484,-0.13489786,-0.033089325,-0.011840319,0.121317536,0.066072434,-0.052679777,-0.1393577,0.10680401,0.0014593551,0.0871605,-0.14624596,-0.0037384098,-0.13398829,-5.242378,-0.14567107,0.077910654,0.032318987,-0.04537628,0.073225185,-0.20290665,0.092606544,-0.1528429,-0.011467364,-0.09764877,0.196748,-0.14917411,0.053121287,-0.04835094,-0.032517344,0.07880756,0.2126519,0.10090837,-0.0608287,0.030794391,0.1256401,-0.08055354,-0.22676158,-0.07275803,-0.09689037,0.04381536,0.049904607,-0.11908361,0.15400611,0.045360073,0.048144326,-0.060443744,0.20073585,-0.12249478,0.21219876,-0.12041901,-0.1507048,-0.05293033,0.04469641,-0.1581565,0.04140223,0.00840553,0.29518378,0.026591701,0.10903637,0.13423231,-0.108091325,0.094632514,0.19017002,0.07919352,0.04336967,-0.005204661,0.10490684,-0.07564794,-0.06999932,-0.20380111,0.023440925,-0.01572996,-0.08315081,-0.08718877,0.03109359,0.1517157,0.05014296,-0.081978664,-0.042578816,-0.026442729,0.119738474,0.025098585,0.049866203,0.21651052,0.0644994,0.06671187,-0.1358782,-0.02251009,-0.027326738,-0.089053184,-0.092564575,0.13811082,-0.21027315,-0.14204165,-0.049922608,-0.01574103,0.046059355,0.08948964,-0.09609607,-0.14931782,0.16695009,-0.104897566,-0.02017956,-0.11071527,-0.2602942,0.21240824,-0.04566482,-0.023321353,0.029119186,0.010551006,0.12943365,-0.037946098,0.03886493,0.037638973,-0.013543788,0.0709959,-0.17616802,-0.013815914,-0.12995681,0.07486636,0.1365009,0.08448866,0.290686,-0.03137295,-0.15222417,0.084759206,0.21220575,0.13737562,-0.033341203,-0.124011,-0.01104545,0.16311628,-0.27818024,0.1056607,-0.02768448,0.027987298,0.05872237,-0.2644715,0.19938193,-0.018339314,-0.21023142,-0.14217013,0.061858468,0.38017878,0.13941728,-0.011656269,0.040803954,-0.05777801,0.09049891,0.093127206,0.34020233,-0.06318296,0.1339695,0.28188685,0.13166586,0.10716207,-0.11323244,-0.09684429,-0.0042102467,0.033950374,0.22974259,0.0326325,-0.031060278,0.016242098,0.15766095,-0.009428552,0.026348388,0.018050037,-0.04731613,0.042389326,-0.15043902,-0.24593772,-0.10317222,0.20877166,0.06270422,0.24161536,0.07375268,-0.049584534,0.013999498,-0.05119392,0.118880235,0.050008535,0.013487716,0.22478501,-0.039925233,0.11452132,0.09958563,0.14136286,-0.118125826,0.07809129,0.03992758,-0.1365102,-0.12597138,-0.09694049,0.051265784,-0.09074005,-0.08390128,0.26256126,0.14621615,0.18105553,0.020591117,-0.04854031,0.05975849,-0.057279587,-0.05997594,-0.078082256,0.045645017,0.0048797484,-0.046819903,0.15393691,-0.20360394,0.08566663,-0.12945756,-0.013402764,0.061044082,0.0035947477,-0.025784353,-0.08147393,-0.16246071,0.13696152,-0.036443062,0.00045590766,0.22551873,0.033212222,0.23657578,0.050743207,0.05802192,0.013505403,0.07065757,0.10129237,0.037827585,-0.05894723,-0.14325476,0.04843685,-0.10968217,0.18928531,0.26057318,-0.2224131,-0.082769856,-0.010524403,-0.24475664,-0.07146965,-0.082546376,0.49502972,-0.047508553,-0.045529325,-0.18178387,-0.057600107,-0.07597388,-0.26328814,0.16182318,0.038269136,-0.1583271,-0.22453703,0.22338778,0.05024828,-0.16606778,-0.12566932,-0.14475834,-0.15902393,-0.06470035,-0.072853565,0.08070246,0.089026995,-0.012410711,0.07315215,-0.09511525,-0.017890884,0.17673633,0.08150664,0.072513394
FGVKWQVVALSWALKLSYLYLPARLGKLAKLKPP,-0.14694566,-0.1042888,0.20467168,0.2910115,0.09463249,-0.12994644,-0.12850548,-0.07612199,-0.13771445,-0.07170999,0.042761147,0.059298474,0.031016542,0.024397701,0.07180833,-0.03462653,-0.026928598,0.075107165,0.007242726,0.028834824,-0.26287657,0.08125581,-0.025075115,0.022582801,-0.07272133,0.36820948,0.10542734,0.07581631,0.16130592,0.050767966,-0.098682694,-0.27189487,0.06838936,-0.030125853,0.15822518,-0.27601117,0.19214174,-0.14803904,0.28256547,0.13821346,-0.23651753,0.207732,0.08464845,0.02602958,0.1006633,-0.03192967,-0.8587946,0.25922135,-0.026006276,-0.11811885,-0.021221302,-0.11666642,0.034067936,0.09436378,-0.06974535,-0.15739304,0.10994053,-0.05469359,0.02929055,-0.15942067,0.0071712947,-0.18669565,-5.2004523,-0.13896336,0.05397439,-0.008781556,-0.074777976,0.04426762,-0.22364824,0.052592818,-0.11715484,0.037876263,-0.095894605,0.24132726,-0.14334773,0.029914506,-0.08360969,-0.06572946,0.10601415,0.21264358,0.10491352,0.012053602,0.06266112,0.11157671,-0.06273323,-0.237459,-0.13016662,-0.1018942,0.013786253,0.07130175,-0.07831209,0.15671676,0.04014045,0.06278091,-0.04624387,0.18606687,-0.083699375,0.20499223,-0.08664784,-0.14355598,-0.017678086,0.01886719,-0.23716038,0.021731252,0.00078718155,0.34397817,0.017867876,-0.007875432,0.1162371,-0.10492941,0.17236085,0.22161895,0.039127067,0.06093822,-0.021566592,0.0743046,-0.058072798,-0.07328371,-0.19226539,-0.013444917,0.0031637559,-0.09309623,-0.039831672,0.0017854228,0.13699733,0.11227453,-0.06225603,-0.050718196,-0.020130219,0.13206142,0.03653797,0.03816453,0.21737717,0.07549223,0.026123455,-0.14434944,-0.09434283,0.017840797,-0.07423522,-0.07252428,0.151128,-0.25737023,-0.12006509,-0.12592061,0.01690017,0.03323975,0.061841566,-0.13026339,-0.117352635,0.17853914,-0.08557767,0.038325723,-0.16233481,-0.26633325,0.20136255,-0.01376025,-0.023174647,0.068068594,-0.0049333656,0.10129533,-0.04032637,0.06656308,-0.0052565252,0.035768554,0.041267343,-0.24324012,0.020175852,-0.061125085,0.09406487,0.12831198,0.17080879,0.29937625,0.03548525,-0.17466599,0.14978173,0.19489783,0.09602136,-0.021246178,-0.10833759,0.020106293,0.1832115,-0.24687028,0.084670104,0.008261977,0.019747322,0.104429774,-0.27153766,0.16025196,-0.05396433,-0.21284288,-0.10237224,0.02430707,0.290957,0.19156292,-0.087557115,0.042148367,-0.083101675,0.12257101,0.12978095,0.391165,-0.083208814,0.13750872,0.26288533,0.120441094,0.11204258,-0.052099857,-0.11723121,0.006754971,0.015612496,0.23086514,0.01636543,-0.008919975,0.01816006,0.1574222,-0.020594636,0.057596426,0.021241743,-0.12568587,0.056849692,-0.1390658,-0.22582033,-0.08637773,0.19935349,0.05997373,0.32402208,0.04878815,-0.12953071,-0.022358758,-0.027756942,0.13161825,0.055261627,-0.006628849,0.25794694,-0.0044355807,0.08722671,0.072531044,0.09069753,-0.110280134,0.09221168,0.059823275,-0.094442435,-0.163073,-0.082437806,0.09025008,-0.13459471,-0.11514565,0.27540264,0.12899566,0.15222907,-0.010448357,-0.0045784754,0.034523822,-0.01918892,-0.046694748,-0.09390421,0.104171194,0.0059665213,-0.0056694397,0.15836808,-0.16705829,0.06886896,-0.14525038,-0.04976826,-0.0036066184,-0.008515211,-0.043730468,-0.029429976,-0.1682486,0.15617754,-0.06402817,0.007892353,0.22429888,0.003337082,0.2930312,0.082976446,0.06620729,0.042226076,0.06455081,0.13760482,0.04795,-0.040081102,-0.0945687,-0.0030230002,-0.12726952,0.1860058,0.28410137,-0.27565777,-0.10410169,0.028586915,-0.23288481,-0.12279076,-0.06871286,0.53008455,-0.046992894,-0.00093054026,-0.18116595,-0.053285643,-0.10155744,-0.24801289,0.12412557,0.06322679,-0.19184849,-0.23670019,0.21437258,0.053943854,-0.14141732,-0.12099353,-0.21785259,-0.12356838,-0.011593704,-0.12294325,0.1253429,0.060045175,-0.03374232,0.062139306,-0.13721159,-0.05950864,0.17560817,0.06220579,0.07101426
SVWQLQKWARPVALKLDYLYQFATLGSLAKLKPK,-0.05296466,-0.2074998,0.22689489,0.17249852,0.03731146,-0.15870695,-0.1650155,-0.044182673,-0.077372804,-0.09386191,-0.0004562802,0.18900472,0.035329793,0.1434453,-0.06707111,0.034157686,0.03846803,-0.0004722923,0.0672358,-0.020364758,-0.2534517,0.11165062,-0.040019203,0.07818204,0.011305028,0.35039628,0.08532481,0.034029968,0.06772411,-0.060734034,-0.08379515,-0.15514427,0.032670025,-0.06364177,0.14640197,-0.39574352,0.1663432,-0.14856282,0.3060712,0.12078411,-0.21017335,0.18037048,0.105000675,-0.052541196,-0.0053317514,0.068465255,-1.1110867,0.25128505,-0.11400996,-0.095541194,-0.033655792,-0.07749494,0.098042674,0.089419015,-0.08110207,-0.11550471,0.15027462,-0.009185586,0.025104815,-0.15022232,-0.0025635692,-0.12796707,-5.2526407,-0.12050405,0.029151645,-0.039093632,-0.064843446,0.008487795,-0.17358021,0.07952865,-0.15292266,0.04000698,-0.122209735,0.26773024,-0.062055476,0.032003313,0.032130033,-0.0052877623,0.048088863,0.17371377,0.10017268,0.05614852,0.0918418,0.10855284,-0.05049411,-0.25340354,-0.017162764,-0.025276495,0.06760338,0.10857887,-0.08621676,0.100292414,0.08537815,0.057597384,-0.12227932,0.17904136,-0.06568721,0.29400176,-0.03374135,-0.15294576,-0.07001849,0.012600579,-0.12668589,-0.017468609,0.044865843,0.18781328,0.01612961,0.021514518,0.14340574,-0.13615897,0.100569196,0.29984385,0.095961995,0.015708145,0.07924024,0.12789738,-0.12887292,0.012982601,-0.22462232,0.05913027,-0.06273561,-0.0618042,-0.048085563,-0.018164145,0.14881228,-0.01277316,-0.061633203,-0.11950837,0.0045641717,0.096902624,0.055700105,-0.009019032,0.16972272,0.04928146,0.029196871,-0.06623551,-0.09040348,0.037521437,-0.06078893,-0.07644837,0.26201454,-0.19155775,-0.090982325,-0.032251135,0.019504175,0.017462678,0.035557393,-0.17079885,-0.14458866,0.1379823,-0.08583837,-0.059377015,-0.089086026,-0.22476047,0.093154036,-0.10795751,-0.019587953,0.09314927,-0.002862951,0.10709306,0.011242666,-0.0521655,-0.053253718,0.050908998,0.07085457,-0.18158174,-0.04304941,-0.095668316,0.07171109,0.08885616,0.13070787,0.2598416,0.0058104643,-0.120102406,0.14386806,0.2132434,0.08558717,-0.04825405,-0.09726894,-0.090439506,0.12070867,-0.29521313,0.093964644,0.012066843,0.01958254,0.048985455,-0.30885905,0.21517593,-0.08098622,-0.2034748,-0.090162255,0.005221599,0.41267714,0.18907388,0.012278576,0.03608508,-0.08152417,0.105332404,0.17526135,0.41632015,-0.08929203,0.04711775,0.23789361,0.20092328,0.11488542,-0.102316886,-0.10653732,-0.19482557,-0.030533735,0.2214103,0.03081529,-0.011775183,-0.028340744,0.18804844,-0.03561562,0.18541285,-0.03198797,-0.09148717,0.0016481893,-0.11251688,-0.2455137,-0.16008249,0.25858542,0.0741077,0.1474368,0.008731071,-0.01416783,-0.010459814,-0.05906363,0.14422351,0.075967416,-0.030977437,0.21298337,-0.019738635,0.13657236,0.12823302,0.1371884,-0.1672574,0.06683359,0.040075347,-0.086603925,-0.17823999,-0.07861153,0.115986146,-0.092399284,-0.076951936,0.25383937,0.20988435,0.13602181,0.08247728,-0.033864796,0.024398396,-0.0950754,-0.09149328,-0.08513417,0.096759275,-0.042994406,-0.030482782,0.29198548,-0.18858445,0.08713676,-0.089987606,-0.026115403,0.0016962133,-0.01213087,0.0037506542,-0.0021145986,-0.0964577,0.20860602,-0.07445246,0.06445423,0.18787389,0.09294562,0.2668952,0.0010124114,-0.03101435,0.065839306,0.14465395,0.1274975,0.1795016,-0.10983607,-0.079458445,-0.033142958,-0.0628602,0.16618492,0.272323,-0.25508878,-0.09829471,-0.00013612211,-0.24294066,-0.06004852,-0.08230551,0.49394953,-0.0038104365,-0.05370456,-0.19855526,-0.037893023,-0.013315413,-0.2963698,0.13693526,0.020216158,-0.24357456,-0.25703427,0.18970257,-0.013132953,-0.08822681,-0.1012008,-0.13325743,-0.07463152,0.031560514,-0.050359502,-0.009859657,0.10943696,0.0018815431,0.037102204,-0.021520037,-0.048469514,0.21577829,0.104403906,0.0105371345
RHWTLQKVHAQVALKLDYLYLFAYLGKLANLKPK,-0.06440936,-0.2553081,0.22999838,0.21392791,-0.0068538156,-0.20944494,-0.17962721,-0.05710044,-0.104418494,-0.16265082,-0.09331964,0.124261655,0.060074918,0.13128847,-0.054278474,0.05302739,0.06468526,0.01764088,0.06537027,-0.01005339,-0.20880212,0.1018925,0.05703513,0.16339725,0.065596215,0.31912938,0.035873506,0.043756995,0.11721708,-0.095708095,-0.0039511654,-0.09402463,0.07751873,-0.069783196,0.14517047,-0.4182347,0.1371812,-0.2023848,0.30089676,0.14524993,-0.21847668,0.25306663,0.13295253,-0.045259237,-0.04114135,0.060408313,-1.2467695,0.25709057,-0.12234918,-0.13212614,0.0003771194,-0.11796745,0.09436482,0.075383514,-0.16437085,-0.1558839,0.15467612,-0.07965582,0.024761885,-0.16749457,0.038739584,-0.14930147,-5.204383,-0.0553812,0.055831414,-0.015208244,0.024842534,-0.06364363,-0.19435781,0.15362719,-0.18058327,-0.048086386,-0.1966897,0.25275576,-0.121678695,0.03577419,-0.008015908,-0.010069036,0.059203267,0.20984101,0.040983632,0.03894494,0.08004278,0.08513819,-0.08905426,-0.2423169,-0.10482189,-0.026070056,0.047211103,0.0912234,-0.077100605,0.15150137,0.16374405,0.07255404,-0.10355675,0.2063058,-0.004017571,0.35622704,-0.039267424,-0.20253491,-0.09777951,0.018163051,-0.15854414,-0.02583928,0.06903945,0.15518183,0.052031968,0.051623777,0.17409045,-0.12311648,0.0615205,0.26059684,0.10492075,-0.04328214,0.11563097,0.15870251,-0.12416807,0.061905444,-0.2927419,0.016820617,0.010119066,-0.039893944,-0.047588065,-0.08125903,0.15280288,-0.016274495,0.0049928734,-0.14470844,-0.007325747,0.10495773,-0.023457153,-0.021939384,0.24734241,0.048589997,0.049931873,-0.06044032,-0.1343354,0.09579333,0.007833153,-0.06544402,0.37316787,-0.2603765,-0.093549185,-0.05238729,0.0052734776,0.04817827,0.020652806,-0.16094913,-0.15657309,0.08750817,-0.09823724,-0.07324302,-0.09266029,-0.30784094,0.10787406,-0.1064729,-0.021254636,0.10664666,0.05965586,0.10399689,0.03856621,-0.095295414,-0.073344894,0.106803864,0.061663285,-0.18432187,-0.11042561,-0.099313945,0.054963868,0.085429125,0.14631562,0.25695026,-0.0006489791,-0.15704845,0.15593015,0.23449638,0.12050717,-0.11153354,-0.11144006,-0.123596855,0.114776544,-0.3214026,0.12980098,0.0126314955,0.02246428,-0.008419586,-0.35374415,0.21933645,-0.110804796,-0.1881792,-0.10739085,0.0031385093,0.5139481,0.17153992,0.10382677,0.02422345,-0.09176239,0.044291005,0.06508721,0.47454393,-0.044921488,0.027979625,0.25630328,0.091073126,0.1275943,-0.14459743,-0.12808934,-0.26403832,0.024455646,0.25228584,0.045620397,0.057218328,-0.023736596,0.18661761,-0.12875053,0.20449279,-0.009194828,-0.058466118,-0.02944696,-0.049464826,-0.3307803,-0.17736673,0.26886046,0.057832167,0.13952494,-0.017223222,0.005545487,-0.012045536,-0.118205056,0.15864375,0.0257483,0.004918246,0.16399316,0.058101635,0.07996806,0.17585024,0.13947089,-0.17375436,0.08011969,0.06390766,-0.12680969,-0.23732267,-0.053987008,0.1337642,-0.069027275,-0.082959875,0.29103258,0.254247,0.14640747,0.12953797,-0.032814045,0.02845756,-0.11410149,-0.059223644,-0.0846745,0.13197671,-0.033987343,-0.12258746,0.31529585,-0.22316265,0.048265137,-0.0024756938,-0.012413617,0.011730262,0.01290696,0.024271535,0.024539331,-0.09071726,0.26284373,-0.053578902,0.03414739,0.21242815,0.19331354,0.266164,-0.027754428,-0.070616126,0.09503364,0.1767746,0.1825602,0.18830514,-0.11808606,-0.063759446,-0.10677556,-0.05123159,0.17612308,0.2775327,-0.25479236,-0.09013924,0.019989679,-0.35231557,-0.045594975,-0.07305917,0.538553,-0.006114925,-0.090302594,-0.20446815,-0.06438216,0.020496244,-0.2796985,0.10790087,0.052061483,-0.26206666,-0.26909313,0.21440683,0.021392472,-0.001548425,-0.12039462,-0.11356881,-0.046145096,0.054440957,0.012264457,-0.010349734,0.115005456,-0.0044000316,0.035852943,0.020505048,-0.108237736,0.20552026,0.12334248,-0.016324095
YAWTLNKLNFNKALTIDPLKNVYKLKKLAKLKWK,-0.10384389,-0.17134045,0.30960155,0.33947217,0.09854507,-0.25419232,-0.10138832,-0.10035164,0.040869553,-0.21373902,0.02009393,0.0865253,-0.01455686,0.11704585,0.05205677,-0.029501915,0.10285563,-0.02035282,0.015998177,0.0828598,-0.05878996,0.057848446,0.10529001,0.0039188713,0.114178926,0.3614875,-0.041203186,0.16904269,0.10545924,-0.047661796,-0.030909833,0.17325181,0.13070625,0.1367513,0.044587176,-0.22927628,0.043484278,-0.20264557,0.33410794,0.24668667,-0.19050342,0.16859686,-0.10029976,0.018258564,0.086040616,0.12679037,-1.1279777,0.30526456,-0.13920552,-0.098043874,0.10535553,-0.12886359,0.08604029,0.02723159,-0.070146225,-0.11309996,0.16780348,-0.0067453715,0.01998745,-0.104863375,0.02106123,-0.14083378,-5.181432,-0.049294155,0.042890295,0.14244823,-0.10022058,-0.031595245,-0.19243264,0.100150675,-0.034109738,-0.0052761384,-0.06452232,0.22153473,-0.029915528,0.0072753513,-0.055164337,0.00069037906,0.003546173,0.20784463,0.020699244,0.25245392,0.02501721,-0.034380604,0.01783767,-0.14169353,-0.07610062,-0.040258743,0.16898577,0.21299556,-0.015454524,0.054537654,0.20889336,0.13096806,-0.035043597,0.09780815,-0.07948188,0.18262029,-0.1227348,-0.09825321,0.034823682,-0.0047229794,-0.2381813,-0.03344459,0.121996336,0.1711205,0.001879087,0.022023717,0.06448373,-0.1870978,0.035018757,0.2097757,0.030947933,-0.037256863,0.1531542,0.09059618,-0.041810613,-0.046522144,-0.18654828,-0.16036329,-0.07853621,-0.10831084,-0.020638147,-0.25390214,0.21605259,0.17131239,0.039336506,-0.05923007,0.044627164,0.13313198,-0.008410045,0.0244601,0.18018642,0.16492426,0.049128592,-0.011687007,-0.16575485,0.072557956,-0.21918507,-0.18984906,0.34831607,-0.30482757,-0.15799385,-0.0061984756,0.047703158,0.0043753586,0.06287027,-0.23739985,-0.13110165,0.3020358,-0.097267725,-0.08227371,-0.1319808,-0.1740633,-0.117603935,-0.0964649,0.026125433,0.21069627,-0.0142675955,0.13176055,0.15933111,0.018610088,-0.101693206,0.22682698,0.09834734,-0.18986984,0.024932552,-0.03671845,0.1298695,0.12228259,-0.00051904883,0.16719332,0.15731895,-0.28874165,0.15098041,0.25829732,0.031554885,-0.04610923,-0.20413014,-0.21641561,0.14275223,-0.37521997,0.06574836,0.05376108,-0.09546352,0.03451733,-0.28776133,0.16360156,-0.08334005,-0.16540521,-0.08072367,-0.060696423,0.17282714,0.18035768,-0.13275713,-0.00033965832,-0.019131564,0.12246174,0.10700307,0.46603537,-0.07416715,0.07440194,0.2780711,0.18174079,0.09616161,-0.18880579,-0.041043784,-0.6222435,-0.047073226,-0.04904071,0.09481205,0.004092675,-0.012795839,0.25426805,-0.02440975,-0.01766724,-0.029645827,-0.14967658,-0.0058165905,-0.049666267,-0.27866325,-0.18852805,0.13347653,0.007972168,0.12843597,-0.12882024,-0.08563003,0.033295766,-0.0245855,0.17298548,0.08313002,-0.09540509,0.19787985,0.071583614,0.147319,0.075629964,0.076411724,-0.18445195,0.12096601,0.066585824,-0.12302991,-0.29903987,-0.09844575,0.11676958,-0.009994205,-0.107043,0.32496452,0.14027606,-0.011179543,0.0066065807,0.04877864,0.17893176,-0.09836382,0.042154856,-0.13487755,0.03916784,-0.059969988,-0.08917802,0.32936114,-0.24192248,-0.010385436,-0.104523666,-0.056364253,-0.06026821,-0.0004883889,0.034829978,0.048709534,-0.09515176,0.24795532,-0.07194818,-0.0002240311,0.14355415,0.023135366,0.09610711,-0.047826387,0.062708884,0.07375923,0.08066437,0.24206887,0.14312737,-0.029946128,0.0033033092,-0.06310653,-0.15472612,0.16732161,0.28869724,-0.29135165,-0.19755992,0.12884516,-0.23132682,-0.16167466,-0.056623764,0.33964035,0.09169061,0.05486092,-0.14421965,0.049089413,-0.13050525,-0.21370965,0.11465287,0.07071587,-0.15387087,-0.23886493,0.22862093,-0.0027611852,0.002601775,-0.1337239,-0.15406275,0.00893699,0.035918616,0.07870844,0.13396867,0.061274707,-0.10893783,0.11425444,0.0026785997,-0.12614328,0.1658975,0.1141595,0.030005736
SIWQLQKVARPVALKLDYLYQFATLGQLAKLKPK,-0.063112386,-0.23825508,0.291333,0.16079807,0.018733233,-0.113282695,-0.15326874,-0.04290082,0.018398652,-0.12492669,0.0106164925,0.13997883,0.005540962,0.16623181,-0.03609752,0.034893133,0.006674013,0.00722617,0.09080641,0.0574783,-0.22082469,0.09705434,-0.012731809,0.09688936,0.025044996,0.28179783,0.07295051,0.015526376,0.07439439,-0.09222877,-0.08492865,-0.13342763,0.046838645,-0.021444546,0.13671091,-0.37562236,0.19299866,-0.16926415,0.32473633,0.15464161,-0.17066605,0.20966163,0.08893159,-0.083748214,0.056271,0.10986143,-1.0402719,0.25436252,-0.10195657,-0.12360367,-0.0135712195,-0.107099615,0.09650295,0.09478028,-0.12258383,-0.09893771,0.15476963,-0.01936818,0.01531439,-0.094036944,-0.010012642,-0.18407708,-5.2123847,-0.120157056,0.024503,-0.03512404,-0.043433025,-0.031693168,-0.14091682,0.03957029,-0.11629392,0.011364256,-0.09877738,0.30220348,-0.06654597,0.021791821,0.008548693,0.025561813,0.039853886,0.16833197,0.022521012,0.07493169,0.08037869,0.031803027,-0.056167245,-0.2866977,-0.03833582,-0.06401391,0.07639526,0.10573191,-0.110778995,0.117144175,0.11165522,0.04792916,-0.110289775,0.21053772,-0.051199727,0.33483437,-0.047312155,-0.11304433,-0.03929367,-0.027006613,-0.17185645,-0.07232493,0.03861494,0.14622723,-0.004709711,-0.019336717,0.12658305,-0.09864002,0.09585932,0.29935077,0.06702016,0.010999364,0.08958584,0.14292349,-0.15885979,0.08360566,-0.18685463,0.03175761,-0.031783603,-0.077453166,-0.017704243,-0.06506969,0.14708637,0.0045801722,-0.05321701,-0.17667685,0.032500546,0.09232637,0.07859461,-0.025293954,0.12388607,0.05988582,0.035866424,-0.08080575,-0.10318458,0.036347702,-0.027844843,-0.08230004,0.28312698,-0.22531755,-0.1013671,-0.034012455,0.04573718,0.031093266,0.017932765,-0.18450348,-0.14717287,0.16012423,-0.047021016,-0.06278149,-0.1115661,-0.20157717,0.0161529,-0.14047569,0.015446469,0.104369216,0.0115372455,0.09718263,0.034039352,-0.054779947,-0.07811895,0.11167945,0.046811666,-0.17514235,-0.022110607,-0.09015001,0.10626364,0.055135842,0.17778571,0.22381905,-0.0023497131,-0.16759825,0.14185457,0.181994,0.063745275,-0.01845132,-0.13878278,-0.100297116,0.10494877,-0.2541456,0.10411723,-0.008829605,0.024844695,0.019267205,-0.28739226,0.19751137,-0.06464845,-0.180265,-0.038675997,-0.00972346,0.37652135,0.18113,-0.043488182,0.055398267,-0.07729625,0.10465121,0.15520929,0.42289037,-0.067650415,0.016207205,0.2354358,0.18949193,0.09385152,-0.1107252,-0.11221058,-0.24648269,-0.054677334,0.21484576,0.037311308,-0.034745567,0.0045074653,0.14992039,-0.056426927,0.21551578,-0.05277931,-0.1346368,0.04700166,-0.047269512,-0.22924346,-0.13695125,0.25001234,0.10738104,0.18820626,-0.016201658,-0.036266938,-0.02135897,-0.07615958,0.14362329,0.13197958,-0.0498512,0.23626876,-0.017967716,0.08414303,0.08899992,0.087524034,-0.12955755,0.08345653,0.011108952,-0.07045816,-0.20166157,-0.047707677,0.121977314,-0.058443826,-0.080352664,0.26149237,0.17223239,0.10804182,0.017234953,0.016255327,0.017707597,-0.07952204,-0.03406662,-0.037502773,0.15593822,-0.0258818,-0.032580752,0.28121847,-0.12752244,0.093957074,-0.0543579,-0.061789837,-0.025616812,-0.030946106,-0.019257426,0.030605147,-0.089930974,0.2358001,-0.12833449,0.07488745,0.18313271,0.10116705,0.27450672,0.0042909724,-0.034015737,0.06504254,0.122364864,0.12268415,0.18416916,-0.13583164,-0.09746011,-0.07768666,-0.058394298,0.16568647,0.29007238,-0.2745451,-0.14691037,0.03272859,-0.22695796,-0.06579664,-0.053482257,0.47590202,-0.025363348,-0.056110337,-0.16275522,-0.025893714,0.01695835,-0.23963493,0.11041803,-0.0020665547,-0.24655403,-0.2371319,0.16454065,-0.039125882,-0.045593936,-0.07466955,-0.18180105,-0.039040897,-0.008083635,-0.047962077,0.054536615,0.07194424,-0.011725611,0.068706684,-0.08760245,-0.10149721,0.25177658,0.07499399,-0.012385784
YAWTLNKLNRPVALKLDYLYQFATWGQLQKLKPV,-0.063360214,-0.19396202,0.27539334,0.17086092,0.033083394,-0.14960748,-0.1068637,-0.03723322,0.043669596,-0.15760118,0.009910973,0.059480257,0.049350552,0.17780557,0.012240633,0.0378886,0.05986144,-0.036762793,0.08789676,0.09304025,-0.11398026,0.09749632,0.03618304,0.1223968,0.016012525,0.23138292,0.027238196,0.006065189,0.09501067,-0.06853821,-0.111059576,-0.06772348,0.059880182,-0.037240393,0.06078519,-0.28762597,0.13512686,-0.14704108,0.30449808,0.161373,-0.17498642,0.18600994,0.062327545,-0.028875304,0.080781944,0.0526156,-1.0545367,0.24099275,-0.13878725,-0.13131398,0.015579353,-0.04213203,0.07633177,0.17302264,-0.09959594,-0.14140081,0.16903849,-0.009639304,-0.015291963,-0.05986323,0.0006009738,-0.15861559,-5.2187567,-0.14060089,-0.0059567327,-0.00848142,-0.029673742,-0.0017377721,-0.15222567,0.066091925,-0.16264644,0.007489893,-0.06285331,0.27811778,-0.15192111,0.025035636,-0.047668852,0.00013622476,-0.021649614,0.1816913,0.07991091,0.12450515,0.038924523,0.046340548,-0.05338855,-0.2609316,-0.03901357,-0.054671016,0.06967742,0.058242798,-0.11198632,0.12981391,0.13919474,0.11222657,-0.04636552,0.179075,-0.028232792,0.28636414,-0.06185427,-0.15940315,-0.022833416,0.047858868,-0.09515648,-0.10789606,0.012843713,0.14594442,0.00057651434,-0.032901853,0.09250727,-0.14295992,0.034334306,0.24534811,0.095378235,-0.014207777,0.009759169,0.16261257,-0.11259218,0.06347509,-0.21346647,-0.07718044,-0.011106284,-0.09488577,0.05437915,-0.01832714,0.17307815,0.005068957,-0.032611582,-0.19390263,0.017589975,0.015198373,0.08218689,-0.060378928,0.15231517,0.06849013,0.036883485,-0.10323212,-0.07123708,0.032218177,-0.115833096,-0.1195638,0.2860816,-0.2332445,-0.045543298,-0.04390293,0.040407937,0.069454476,0.02809898,-0.23508522,-0.11733503,0.18835095,-0.09093632,-0.075812094,-0.16349296,-0.20553261,0.021346092,-0.15351151,0.025768949,0.13200705,0.013040725,0.112127066,0.097779945,-0.04511328,-0.050128262,0.12819763,0.013089943,-0.19107316,-0.042324618,-0.03669307,0.093759365,0.12877697,0.08817509,0.16724591,0.088661164,-0.16688742,0.1295542,0.24199955,0.045236446,-0.006823458,-0.11509284,-0.1180354,0.1292951,-0.25653026,0.15070157,0.010632894,0.021377347,0.020502094,-0.2850242,0.14801703,-0.06197152,-0.18123317,-0.08314349,0.005423204,0.37601417,0.16226798,-0.02347286,-0.018053373,-0.12048549,0.10599144,0.16917592,0.39388064,-0.061677005,0.031034015,0.2396885,0.2132153,0.15538853,-0.090439945,-0.13292196,-0.25385767,-0.035812166,0.16324523,0.0032018817,-0.015565212,-0.02658244,0.10202113,-0.06449008,0.2152787,-0.038726524,-0.16097054,0.030689947,-0.04829168,-0.25279567,-0.12437521,0.17170797,0.11461353,0.13864125,-0.01525917,-0.114312224,-0.105637446,-0.03670597,0.15589036,0.13582885,-0.007023683,0.19759972,-0.040600907,0.061963778,0.06377037,0.055939164,-0.121345006,0.099657156,0.08627614,-0.08841464,-0.22122584,-0.05529911,0.109786764,-0.057941183,-0.05831549,0.29421735,0.17791319,0.053356394,0.06486509,0.034262713,0.054944724,-0.12275294,0.00012747778,-0.016626403,0.1416975,-0.048563894,-0.01996214,0.2691807,-0.082332216,0.08650463,0.030047039,-0.0665329,-0.020444935,-0.047554012,0.04538176,0.09035799,-0.10318687,0.18566519,-0.14284104,0.030751172,0.18340085,0.09137682,0.1840021,-0.005398401,-0.047716968,0.053084563,0.116178244,0.15407845,0.13617998,-0.09080487,-0.09516719,-0.027892597,-0.032569908,0.2162624,0.27453834,-0.26848662,-0.18499567,0.10251104,-0.15478322,-0.018609183,-0.06316344,0.44845378,-0.025476843,-0.019235212,-0.15756512,-0.043529347,-0.02298304,-0.18235107,0.078680634,0.0685093,-0.23166606,-0.24061328,0.14364569,-0.01454329,-0.001656697,-0.07006824,-0.17346841,-0.020503674,-0.040650874,-0.07342331,0.065619886,0.02628962,-0.024529137,0.14138106,-0.058049526,-0.13146244,0.21654876,0.09153363,-0.071610875
SAWQLYGSARPKALKNDYLYIFATFGQLAKLKPK,-0.06457275,-0.2536005,0.19418302,0.21133345,0.0685042,-0.11095503,-0.15703097,-0.065779306,-0.07708815,-0.1377096,-0.045260146,0.12659276,0.020273121,0.12367287,-0.04451571,0.016803756,0.05745093,-0.01783686,0.15244317,0.0009836563,-0.2149135,0.112705074,0.03804853,0.09954988,0.0075331596,0.24731183,0.02417584,0.057142317,0.08191788,-0.09512483,-0.10567753,-0.045213733,0.075581305,-0.023523413,0.13630876,-0.3732361,0.19160117,-0.2032698,0.40949258,0.15870997,-0.19990534,0.19503492,0.037633475,-0.06927511,-0.028163956,0.026738144,-1.1629448,0.28186372,-0.09027328,-0.10680917,0.040197592,-0.03954721,0.21337034,-0.015207102,-0.13296801,-0.17484659,0.16656274,-0.006450469,0.059180394,-0.10034296,0.023858389,-0.16824251,-5.2121253,-0.0847029,0.08295212,-0.0059125456,0.03323567,-0.05026919,-0.11729535,0.16466022,-0.1636331,-0.04961777,-0.17775697,0.18206602,-0.10479491,0.104658596,0.023318758,0.08550151,0.062521435,0.19246483,0.10390585,0.06131586,0.024441369,0.08489924,-0.022837052,-0.27578416,-0.028851053,-0.041718416,0.14974926,0.12531629,-0.031573832,0.15240887,0.18783869,0.06751475,-0.055868275,0.1847776,-0.07057755,0.3445471,-0.12615778,-0.15656218,-0.02527304,0.010302208,-0.15902002,-0.020014547,0.020314215,0.1203593,0.02157068,0.0621179,0.11941147,-0.14825343,0.064620785,0.22406507,0.10107611,-0.043605164,0.0873973,0.096056946,-0.12688361,0.030625053,-0.242244,-0.035429522,0.071962446,-0.027021836,-0.04130949,-0.007426873,0.14584944,0.016689576,-0.018529007,-0.1188768,-0.04682374,0.056964748,-0.004592791,-0.019606767,0.19525114,-0.008676723,0.08114167,-0.047110565,-0.10471347,0.06973626,-0.060862415,-0.06675363,0.28970036,-0.21330471,-0.1187425,0.019907705,-0.0107960915,0.05151694,0.054126278,-0.14515203,-0.17625137,0.08753875,-0.048406243,-0.032707874,-0.082521,-0.2821015,0.037588257,-0.12839597,-0.013045763,0.12679686,-0.020779513,0.15841848,0.04878725,-0.07072788,-0.0005955398,0.12856698,0.034772854,-0.13904358,-0.11283766,-0.15202639,0.091777615,0.031377528,0.028549947,0.16700548,-0.047951154,-0.20728232,0.11299654,0.22548455,0.03452688,-0.0975357,-0.15155528,-0.11457206,0.17612088,-0.27093247,0.13123234,-0.077222876,0.02795744,0.040534195,-0.31019813,0.2595216,-0.06550967,-0.16119008,-0.09486762,0.055881754,0.46498027,0.15147533,0.014005671,0.05028837,-0.07247277,0.10252467,0.10734926,0.33400506,-0.07873099,0.11676799,0.19735993,0.19529274,0.07622571,-0.15038694,-0.08867577,-0.27309513,-0.026121816,0.19594435,0.020824077,0.015131455,-0.038114607,0.24348348,-0.05639341,0.15536048,-0.06076612,-0.11945556,-0.0337015,-0.008721813,-0.32541728,-0.17296988,0.2515222,0.07473062,0.19376813,-0.063480705,-0.04321048,-0.003563394,-0.09247374,0.13678391,0.0494823,0.0018206704,0.20115788,0.07162339,0.08689944,0.16055495,0.11431464,-0.12086582,0.104315,0.03883572,-0.14695168,-0.19430374,-0.034194667,0.1457699,-0.04727395,-0.050099023,0.32371247,0.2596273,0.060791723,0.062407844,0.06521948,0.08100753,-0.14581834,-0.07426416,-0.03321984,0.09193443,-0.048549786,-0.11187348,0.3183064,-0.21473773,0.06323146,0.045001127,-0.008203718,0.04527166,-0.049022,-0.014173648,-0.01476403,-0.13595627,0.23952585,-0.055234104,0.08051856,0.20555967,0.085799046,0.23914197,-0.03702574,-0.031609528,0.10341115,0.14268099,0.12916946,0.17407256,-0.14740744,-0.07921168,-0.030551301,-0.06302215,0.17175929,0.24854977,-0.16944958,-0.16921042,-0.046860933,-0.31114236,-0.026043631,-0.09078157,0.4489708,-0.057387035,0.0133072175,-0.15108508,-0.054941457,-0.051849585,-0.26037064,0.08932184,-0.007543933,-0.1470948,-0.24911618,0.21391559,-0.024737952,-0.049852688,-0.0837956,-0.15736836,-0.03942362,-0.029585795,-0.0068185907,-0.010382991,0.10025868,-0.018053763,0.0044481372,-0.06781644,-0.1395537,0.22318006,0.17603727,-0.035782944
WPIYVNQLHAVKALDTQPHKHFKKLGKLATPHWK,-0.07312775,-0.22890833,0.23637265,0.23778899,-0.060101807,-0.17570658,-0.16114944,-0.119282775,-0.13091213,-0.17992851,-0.16799693,0.18148375,0.028857712,0.24177837,-0.038362205,-0.03874187,0.11912309,0.03470408,0.12129884,-0.028967274,-0.15573332,0.12825766,-0.026234128,0.07453957,0.10388822,0.2729852,-0.091403835,0.036071945,-0.0017742221,0.009360261,-0.10264916,-0.10875734,0.0037793228,-0.15786661,0.13863792,-0.30176812,0.09586211,-0.2093732,0.31732056,0.11576096,-0.15261453,0.17709896,0.033122733,-0.10678309,-0.04229892,0.024046123,-1.277412,0.23449615,-0.19678368,-0.12589695,0.02708516,-0.027052457,0.094511315,0.03381608,-0.05257304,-0.19683415,0.105130635,0.023728646,0.07795374,-0.092747994,-0.007977746,-0.11492006,-5.2297273,0.008568908,-0.0066215787,0.088130325,0.09063926,0.071533754,-0.10238812,0.21101494,-0.14491981,-0.08164842,-0.08037722,0.21819307,-0.10582441,0.029178096,-0.02135221,0.017689437,0.029196553,0.17287704,0.06693646,0.054989636,0.0443715,0.105266966,-0.11850515,-0.25127578,-0.015232058,0.024844429,0.04928063,0.08055559,-0.10872051,0.13927272,0.08982193,0.07712562,-0.03329201,0.16012307,-0.041744668,0.3213753,-0.15378338,-0.1504978,0.025161248,0.063147604,-0.12293739,-0.091483176,0.028942274,0.10477631,-0.030237896,0.1328658,0.062380355,-0.23115179,0.052729,0.24315411,0.1137227,-0.006512806,0.08940381,0.17400517,-0.12976925,0.1093282,-0.34443897,-0.05545768,0.05243848,-0.05376802,-0.007350891,-0.057697628,0.21056445,0.03897522,-0.013398107,-0.17727458,0.061736114,0.06968453,-0.086082645,0.034252692,0.18216278,0.07578981,0.09152336,0.011246401,-0.12685269,-0.024187725,-0.03476268,-0.10688037,0.32869187,-0.235097,-0.07554317,-0.028799951,0.05195949,0.012014435,0.07028456,-0.16722006,-0.19072069,0.20732574,-0.10518974,-0.11134389,-0.078412324,-0.21602648,0.102190755,-0.06257996,0.037041698,0.17567825,-0.025570266,0.14917523,0.045307383,-0.108235955,-0.19807345,0.06547629,0.0669854,-0.18002282,-0.017986951,-0.019881586,-0.010091863,0.099699326,-0.001676672,0.24653499,0.08493535,-0.19972281,0.051117312,0.20425178,0.16017824,-0.075703844,-0.1289618,-0.08934947,0.1591193,-0.33174223,0.07054672,0.090809494,-0.00097339146,-0.011142094,-0.21061754,0.24086629,-0.084918715,-0.13773745,-0.11772498,-0.034119453,0.54267645,0.123719014,0.13210241,0.07271947,-0.09016284,0.13614365,0.06855154,0.48058626,-0.074632056,-0.034256548,0.19316207,0.119217806,0.14327553,-0.17246145,-0.110695444,-0.20949261,-0.032055028,0.2145407,0.070396215,-0.037278004,-0.020564951,0.13870107,-0.096033424,0.13686232,-0.01762088,-0.08162794,-0.056092694,-0.05231787,-0.38330835,-0.17117725,0.19892414,0.10415097,0.10164966,0.016729273,0.043167368,0.014226834,-0.07305493,0.20575213,0.07921354,-0.0031369543,0.14790553,0.026274668,0.11476529,0.14316338,0.2999346,-0.17051765,0.11071777,0.095755495,-0.1443489,-0.24301833,-0.0379075,0.10140702,-0.12452541,0.016576521,0.19743897,0.2634158,0.051656757,0.10200192,-0.047949627,0.16320972,-0.09613094,0.021821843,-0.039031785,0.117404394,-0.0038104195,-0.08075967,0.2743491,-0.15351376,0.078843325,-0.0400181,4.27059e-05,0.016751,0.046727393,0.06981775,0.10396765,-0.027171,0.275882,-0.049936526,0.023924358,0.18429497,0.15139607,0.14538808,-0.13684924,-0.12737043,0.12306298,0.20944601,0.13718605,0.18085073,-0.15798523,-0.123997755,-0.024064003,-0.091590784,0.24255204,0.21031184,-0.23821306,-0.1160754,-0.066183895,-0.2773832,-0.0141410865,-0.07891599,0.4157164,3.7098716e-06,-0.0834726,-0.16958247,-0.019634983,-0.039905917,-0.22445184,0.14177853,-0.0319696,-0.20486705,-0.29469743,0.22287893,0.060056966,0.013600592,-0.12446635,-0.11478061,-0.068239145,-0.021820644,0.07579301,-0.028122298,0.045576803,0.0376175,0.03944789,0.018057544,-0.10346404,0.16515501,0.07321134,-0.029065596
SAWNLYGSARPKALKNDYLYIFATFGKLAKLKPK,-0.0757546,-0.23147649,0.17930943,0.25275183,0.1060908,-0.15663788,-0.14329755,-0.07799919,-0.10093636,-0.1594669,-0.024242477,0.11508126,-0.0025209088,0.09477869,-0.018590549,-0.009055296,0.07703783,-0.021743592,0.14178066,0.024865227,-0.20353055,0.09901783,0.068912365,0.04564862,0.024338014,0.2832788,0.006514658,0.12179943,0.09869512,-0.07144794,-0.07946375,0.034492865,0.100823075,0.01941969,0.12347901,-0.3316604,0.16270262,-0.19773519,0.42973888,0.17933688,-0.18748197,0.19952714,-0.014994621,-0.038150236,-0.028961837,0.04808037,-1.198271,0.29861546,-0.10905876,-0.114064746,0.052228138,-0.066355854,0.20594104,-0.032603167,-0.13689865,-0.1814065,0.16077608,0.014321832,0.07994379,-0.124556035,0.033514686,-0.16218883,-5.203746,-0.07930258,0.09512227,0.054220345,0.008553845,-0.052851148,-0.118500486,0.16687141,-0.1402649,-0.037920628,-0.15999787,0.16090338,-0.10332909,0.116689734,-0.016709033,0.07197977,0.04825986,0.19419679,0.09544555,0.09419307,0.01798523,0.08221645,-0.00043508908,-0.25883144,-0.041050717,-0.072303854,0.16439775,0.1716219,-0.0051262695,0.11893664,0.19732831,0.092898495,-0.03964475,0.15234822,-0.08010043,0.28707266,-0.13294849,-0.14473896,0.0019106509,0.017317764,-0.18341492,0.026020778,0.045836277,0.17679031,-0.00011573898,0.06828155,0.1169782,-0.16567181,0.056684263,0.19581427,0.07046577,-0.040319767,0.09944504,0.08355531,-0.08832606,0.00018099116,-0.2331845,-0.08092218,0.045652226,-0.03282029,-0.044441078,-0.043356806,0.15222806,0.07908811,-0.017712649,-0.09232695,-0.04438968,0.0972349,-0.037226155,-0.010833945,0.18743366,0.028729446,0.07832931,-0.030363943,-0.120956406,0.044356756,-0.09743813,-0.08738902,0.29853094,-0.24964806,-0.15347168,0.035800368,-0.008106553,0.056541488,0.0703842,-0.1331134,-0.17607674,0.105029315,-0.040000804,-0.036090855,-0.08641317,-0.2512187,-0.011968616,-0.116644844,-0.007831905,0.15193719,-0.026770275,0.18088028,0.061011646,-0.051553883,-0.02068324,0.16249305,0.04895569,-0.12426513,-0.08065511,-0.14393967,0.08679372,0.03330264,0.0097762775,0.15827052,-0.011874073,-0.25721657,0.10525962,0.2435587,0.041404072,-0.091599435,-0.18643247,-0.13147113,0.1942383,-0.3100592,0.12089075,-0.06127984,-0.013380261,0.0651007,-0.30990243,0.24981451,-0.05276669,-0.16035476,-0.09652378,0.03253971,0.38851508,0.16480517,-0.02267984,0.056561437,-0.040633805,0.12039011,0.08422197,0.3597311,-0.08917681,0.15252668,0.21208408,0.1909106,0.054190986,-0.1751492,-0.06609897,-0.33350265,0.00085344084,0.1367771,0.040422678,0.03032446,-0.02865188,0.2639664,-0.04072277,0.09471037,-0.07964918,-0.11238468,-0.023949854,-0.008510008,-0.3316903,-0.17010666,0.21704625,0.027454581,0.19540456,-0.07529377,-0.041199975,0.024602845,-0.062044576,0.124178834,0.037611827,-0.031960532,0.20265162,0.13160306,0.11464906,0.1638942,0.122550406,-0.13571326,0.10330627,0.049790177,-0.15988475,-0.20471221,-0.054440297,0.118864775,-0.039392676,-0.078784384,0.33474812,0.22545022,0.03995587,0.03974004,0.07887675,0.10984827,-0.13388306,-0.051414195,-0.082423784,0.055278793,-0.0694114,-0.11583633,0.31910583,-0.26403865,0.016688606,0.0115020685,-0.015471239,0.043527346,-0.044441923,-0.015237297,-0.005644379,-0.14201811,0.24122259,-0.029939882,0.06881119,0.19081369,0.05932636,0.20809561,-0.030860672,0.014653902,0.120940775,0.11594386,0.15824124,0.1577019,-0.120105505,-0.045405462,-0.024613626,-0.1042604,0.16057101,0.23528375,-0.19001573,-0.17034453,-0.042039964,-0.3188296,-0.06908952,-0.10559753,0.41522482,-0.046367902,0.039570972,-0.15354463,-0.024980133,-0.09686076,-0.2662612,0.09722651,0.001231155,-0.09562502,-0.25671193,0.23662418,-0.022687469,-0.050282303,-0.11541205,-0.17161162,-0.043662686,-0.014640908,0.03940682,0.03707035,0.09441764,-0.04367822,0.029887263,-0.06943159,-0.13684744,0.22976804,0.18845837,-0.009403985
KQWNPRLHFRLKAIKNEKLYIFAWYGQLAALKPR,-0.055688575,-0.35822737,0.2592388,0.2792489,0.002240361,-0.20307803,-0.14455718,-0.022668976,-0.018163525,-0.19593878,-0.102086976,0.13810726,-0.008559267,0.13575393,-0.0162825,0.014841891,0.11243407,-0.013211395,0.14007388,0.012781509,-0.17328197,0.11938879,0.017967872,0.124359354,0.028668119,0.25626972,-0.029833522,0.045726255,0.13003647,-0.12949665,-0.02604375,0.009742208,0.15571253,-0.14903097,0.07848004,-0.37603337,0.1868713,-0.1954886,0.36194572,0.16826752,-0.12850465,0.2503734,0.10701551,-0.038582083,-0.07888744,-0.048973925,-1.2378492,0.27039725,-0.095750265,-0.17126808,0.04013117,-0.11110078,0.18442836,-0.008530728,-0.14386748,-0.1808001,0.17985182,0.011077438,0.046652175,-0.16621785,0.042611282,-0.19105715,-5.155506,-0.04750041,0.09788731,0.046072714,0.026265778,-0.10083328,-0.16922072,0.16680503,-0.19037032,-0.086385764,-0.14785062,0.23954469,-0.13584112,0.05447632,0.038159285,0.017557817,0.057193533,0.23583698,0.063818775,0.11140648,0.023888351,0.09744729,-0.020082824,-0.29825917,-0.04872721,0.004606147,0.10143136,0.14546649,-0.0317614,0.18728274,0.17263965,0.10067161,-0.071906246,0.17578444,-0.11852748,0.42618182,-0.13741378,-0.1952613,-0.0008039379,-0.021052115,-0.18647948,-0.021798996,-0.006538837,0.109948955,0.0065808212,0.090785734,0.16797781,-0.14075968,0.068857364,0.18207699,0.1636773,-0.07915701,0.08490916,0.1328253,-0.15946189,0.0277827,-0.22018133,-0.024467379,0.06981704,0.008367877,-0.020031685,-0.023153653,0.14689085,0.016808165,-0.028488742,-0.20349441,-0.018748531,0.003194275,0.003535452,-0.034236167,0.21604793,0.05895496,0.07767863,-0.070935935,-0.065740556,0.09519678,-0.06210806,-0.092655934,0.36914024,-0.27621314,-0.11857426,-0.028553626,0.018318936,0.10035016,-0.013741561,-0.19531292,-0.13015723,0.053849835,-0.13076124,0.038044672,-0.09720055,-0.39127913,0.035593823,-0.11019429,-0.022716088,0.14436263,-0.025805157,0.13347042,0.04981243,-0.07789326,-0.025047325,0.20036012,0.025126236,-0.090815276,-0.2178766,-0.11041115,0.0007951872,0.056617286,0.067681015,0.15769066,0.014731852,-0.26893336,0.18773586,0.24637999,0.02816201,-0.13527003,-0.14422514,-0.16558868,0.13007389,-0.24016169,0.119834304,-0.07195997,0.043849353,-0.0061981743,-0.37819985,0.23607305,-0.06942443,-0.11484177,-0.060987428,0.038812473,0.4928783,0.17332071,0.046626385,-0.010122185,-0.067713745,0.08015114,0.037732046,0.44728062,-0.059978202,0.06583986,0.2107117,0.14220217,0.09604103,-0.19797435,-0.0783901,-0.34055734,0.09064271,0.27098095,0.042381406,0.07721035,-0.05478359,0.196361,-0.060223002,0.17796236,-0.051699683,-0.0907253,-0.034510486,-0.016946146,-0.39131555,-0.15905444,0.2547077,0.05355476,0.26935047,-0.04360254,-0.02932326,-0.01819465,-0.10416478,0.11435334,0.019243697,0.043478854,0.19763009,0.13911363,0.049700104,0.21228491,0.123726934,-0.14334506,0.068739206,0.10447283,-0.23918527,-0.24824339,-0.014760707,0.16071911,-0.0865218,0.029357187,0.31077754,0.27411973,0.09044313,0.0840013,-0.011929354,0.03902448,-0.14949223,-0.0013161103,-0.0385359,0.14650197,0.0320049,-0.16441303,0.25807214,-0.2446421,0.020317951,-0.003563169,-0.041929293,0.080700405,-0.042362876,0.021614173,0.01765918,-0.101462536,0.25354594,-0.011225808,0.11359831,0.25107932,0.10326379,0.24611609,-0.03202649,-0.072897725,0.1388933,0.12632042,0.18744619,0.179787,-0.13757777,-0.12551022,-0.07539344,-0.055307817,0.11786028,0.36171353,-0.19431692,-0.16008267,-0.005714496,-0.30943787,-0.044719186,-0.1131352,0.4570559,-0.07370748,-0.0049386006,-0.23234206,-0.029822512,-0.04194989,-0.30553448,0.053650364,0.024556749,-0.19103816,-0.21849304,0.18317908,0.005340802,0.003995824,-0.10669416,-0.08944269,0.02346092,-0.06347397,0.044641744,0.03559797,0.099441335,-0.013910232,0.069658175,-0.0102002835,-0.12794188,0.15549953,0.13368312,-0.03943152
